"exp_code","X_1","X_2","X_3","X_4","Y_1","Y_2","Y_3","Y_4","XmY_1","XmY_2","XmY_3","XmY_4","mean_X","stdev_X","skewness_X","kurtosis_X","mean_Y","stdev_Y","skewness_Y","kurtosis_Y","euclid_dist_XY","n_X","n_Y","P_matrix","P_matrix_question","shape","rate"
"orthog_B_2_large_classes_1",0.262054507337526,0.20335429769392,0.371069182389937,0.163522012578616,0.145299145299145,0.206837606837607,0.371509971509972,0.276353276353276,0.116755362038381,0.0034833091436865,0.000440789120034424,0.11283126377466,2.43605870020964,1.04740849242948,-0.0877907969827387,1.77612198711105,2.77891737891738,1.00772513069919,-0.399213146734304,2.08142673178819,0.1624,477,3510,"c(0.635, 0.126, 0.041, 0.051, 0.203, 0.464, 0.148, 0.036, 0.083, 0.316, 0.601, 0.097, 0.078, 0.094, 0.21, 0.817)","ph3",10.2814263976682,0.253736632047952
"orthog_B_2_large_classes_2",0.192887931034483,0.275862068965517,0.415948275862069,0.115301724137931,0.142742421200562,0.341296928327645,0.276651274844409,0.239309375627384,0.0501455098339206,0.0654348593621278,0.13929700101766,0.124007651489453,2.45366379310345,0.929640934057482,-0.154472843717618,2.1011021087738,2.61252760489861,1.00072030647513,-0.0216146867746193,1.90078191765162,0.2039,928,4981,"c(0.645, 0.069, 0.024, 0.02, 0.293, 0.592, 0.17, 0.061, 0.049, 0.279, 0.601, 0.227, 0.014, 0.06, 0.205, 0.692)","ry21",8.69860261399841,0.248560611418848
"orthog_B_2_large_classes_3",0.390854870775348,0.0182902584493042,0.171371769383698,0.41948310139165,0.283816425120773,0.244766505636071,0.421229200214707,0.0501878690284487,0.107038445654575,0.226476247186767,0.24985743083101,0.369295232363201,2.61948310139165,1.36249760837068,-0.217991827343355,1.22409253421033,2.23778851315083,0.92154963212124,-0.102676916577494,1.79300052281606,0.5114,2515,7452,"c(0.551, 0.062, 0.008, 0.016, 0.289, 0.606, 0.156, 0.052, 0.112, 0.279, 0.676, 0.217, 0.048, 0.052, 0.16, 0.715)","tru1",237.307048279411,0.266082705451942
"orthog_B_2_large_classes_4",0.25123595505618,0.245393258426966,0.238202247191011,0.265168539325843,0.22020202020202,0.129292929292929,0.540740740740741,0.10976430976431,0.0310339348541596,0.116100329134037,0.30253849354973,0.155404229561533,2.51730337078652,1.13247939589357,-0.0140846742951229,1.60723782170779,2.54006734006734,0.953062048448362,-0.497340012300638,2.14843289146676,0.3607,2225,1485,"c(0.507, 0.094, 0.007, 0.011, 0.175, 0.523, 0.122, 0.033, 0.272, 0.286, 0.662, 0.176, 0.046, 0.098, 0.209, 0.78)","tru2",20.4257820282409,0.244446034088121
"orthog_B_2_large_classes_5",0.164021164021164,0.248677248677249,0.216931216931217,0.37037037037037,0.0803571428571429,0.189285714285714,0.116071428571429,0.614285714285714,0.0836640211640211,0.0593915343915344,0.100859788359788,0.243915343915344,2.79365079365079,1.11020371111401,-0.30596766152747,1.69900463252367,3.26428571428571,1.02720643554472,-0.989890131140921,2.49376020100043,0.2832,189,560,"c(0.333, 0.097, 0.042, 0.1, 0.218, 0.358, 0.168, 0.07, 0.25, 0.412, 0.672, 0.297, 0.199, 0.133, 0.118, 0.533)","cop1",2.6802877377258,0.233723143463866
"orthog_B_2_large_classes_6",0.30259243518912,0.339141521461963,0.10667233319167,0.251593710157246,0.159235668789809,0.285562632696391,0.346072186836518,0.209129511677282,0.143356766399311,0.0535788887655728,0.239399853644848,0.0424641984799637,2.30726731831704,1.14944612927446,0.375267297314221,1.70536017795584,2.60509554140127,0.987767831077605,-0.137821862649175,1.99102788846738,0.2873,2353,942,"c(0.465, 0.056, 0.021, 0.012, 0.187, 0.571, 0.022, 0.002, 0.147, 0.21, 0.632, 0.041, 0.201, 0.163, 0.325, 0.945)","sun11",23.5556586459338,0.174809261554833
"orthog_B_2_large_classes_7",0.0352201257861635,0.147169811320755,0.279874213836478,0.537735849056604,0.46954986760812,0.0710503089143866,0.264342453662842,0.195057369814651,0.434329741821956,0.0761195024063681,0.0155317601736359,0.342678479241952,3.32012578616352,0.85047377652412,-1.00568234144105,3.03028554196627,2.18490732568402,1.21652418037536,0.293261143043251,1.44257999653194,0.5587,1590,2266,"c(0.505, 0.082, 0.031, 0.015, 0.411, 0.557, 0.165, 0.015, 0.08, 0.3, 0.636, 0.143, 0.004, 0.061, 0.169, 0.827)","ry17",391.865872597771,0.240909510267483
"orthog_B_2_large_classes_8",0.389679715302491,0.265124555160142,0.167259786476868,0.177935943060498,0.297037630104083,0.416733386709367,0.128102481985588,0.158126501200961,0.0926420851984079,0.151608831549225,0.0391573044912799,0.0198094418595375,2.13345195729537,1.11842471767902,0.498850690672155,1.85174023446325,2.14731785428343,1.01781312955908,0.602278610452994,2.27882385339155,0.183,562,2498,"c(0.708, 0.155, 0.064, 0.065, 0.157, 0.45, 0.132, 0.041, 0.097, 0.306, 0.65, 0.087, 0.038, 0.089, 0.153, 0.807)","phq3",3.50188420543508,0.234009799736131
"orthog_B_2_large_classes_9",0.268912529550827,0.303191489361702,0.171394799054374,0.256501182033097,0.361860465116279,0.00744186046511628,0.308837209302326,0.321860465116279,0.0929479355654516,0.295749628896586,0.137442410247952,0.0653592830831822,2.41548463356974,1.13740255670761,0.183663246640546,1.62846720191227,2.5906976744186,1.2685486952893,-0.262533703261775,1.38866066303108,0.3454,1692,1075,"c(0.666, 0.118, 0.058, 0.05, 0.163, 0.533, 0.1, 0.044, 0.105, 0.274, 0.632, 0.089, 0.066, 0.074, 0.21, 0.817)","ph1",26.0975827388769,0.248586359149695
"orthog_B_2_large_classes_10",0.254189944134078,0.430167597765363,0.0837988826815642,0.231843575418994,0.306191687871077,0.223070398642918,0.455470737913486,0.0152671755725191,0.052001743736999,0.207097199122445,0.371671855231922,0.216576399846475,2.29329608938547,1.08597446215038,0.485221519525866,1.94293767065202,2.17981340118745,0.889043457221323,-0.228789517134179,1.54817620653637,0.4802,358,1179,"c(0.429, 0.048, 0.007, 0.015, 0.409, 0.58, 0.123, 0.023, 0.103, 0.276, 0.601, 0.164, 0.06, 0.096, 0.269, 0.798)","ry9",9.68020005585725,0.275986899245375
"orthog_B_2_large_classes_11",0.102493074792244,0.381578947368421,0.159972299168975,0.35595567867036,0.387144331416777,0.0243255196815568,0.223352498894295,0.365177650007371,0.284651256624533,0.357253427686864,0.0633801997253195,0.00922197133701125,2.76939058171745,1.04610048341789,-0.0665790948262791,1.6325891681909,2.56656346749226,1.32295626066915,-0.172344005058213,1.26787453723273,0.4613,1444,6783,"c(0.565, 0.124, 0.044, 0.119, 0.293, 0.5, 0.228, 0.102, 0.102, 0.324, 0.607, 0.26, 0.04, 0.052, 0.121, 0.52)","cop2",37.3238499025477,0.220351249577929
"orthog_B_2_large_classes_12",0.0508298755186722,0.149377593360996,0.441908713692946,0.357883817427386,0.152295632698768,0.414333706606943,0.251959686450168,0.181410974244121,0.101465757180096,0.264956113245947,0.189949027242778,0.176472843183265,3.10684647302905,0.836160716647418,-0.724345210125183,2.97341872385605,2.46248600223964,0.957081978650635,0.206582579283721,2.08621407729464,0.3843,964,2679,"c(0.381, 0.055, 0.019, 0.031, 0.291, 0.603, 0.162, 0.042, 0.183, 0.263, 0.622, 0.181, 0.145, 0.079, 0.198, 0.745)","ry29",50.5677151263143,0.233669838338646
"orthog_B_2_large_classes_13",0.568381063705435,0.0417884278199883,0.134132086499123,0.255698421975453,0.11878453038674,0.25414364640884,0.334254143646409,0.292817679558011,0.449596533318695,0.212355218588851,0.200122057147286,0.0371192575825581,2.07714786674459,1.3112417949269,0.538013210916235,1.47418146369692,2.80110497237569,0.9912316659087,-0.325966572126057,2.03045073551995,0.5373,3422,1810,"c(0.38, 0.065, 0.014, 0.024, 0.279, 0.592, 0.159, 0.036, 0.185, 0.259, 0.616, 0.176, 0.156, 0.084, 0.211, 0.764)","ry29",83.913052006227,0.161171354196267
"orthog_B_2_large_classes_14",0.350609756097561,0.310975609756098,0.204268292682927,0.134146341463415,0.105708245243129,0.498942917547569,0.274841437632135,0.120507399577167,0.244901510854432,0.187967307791471,0.0705731449492085,0.0136389418862476,2.1219512195122,1.03758918397101,0.475481140071353,2.02393387981605,2.41014799154334,0.833281408779109,0.362650963501441,2.56214020003303,0.317,328,473,"c(0.36, 0.087, 0.036, 0.006, 0.306, 0.47, 0.047, 0.012, 0.096, 0.226, 0.576, 0.042, 0.239, 0.217, 0.342, 0.94)","sun12",3.7838865033616,0.178020601994824
"orthog_B_2_large_classes_15",0.0241935483870968,0.355687606112054,0.0445670628183362,0.575551782682513,0.0380710659898477,0.325507614213198,0.324238578680203,0.312182741116751,0.0138775176027509,0.0301799918988564,0.279671515861867,0.263369041565761,3.17147707979627,0.999304354762602,-0.493471280917489,1.4831835305536,2.91053299492386,0.88429083128349,-0.155166081333214,1.9147240542827,0.3856,2356,1576,"c(0.47, 0.077, 0.01, 0.021, 0.262, 0.475, 0.131, 0.023, 0.16, 0.293, 0.561, 0.136, 0.108, 0.155, 0.297, 0.821)","ry24",31.4941576175937,0.264311870718768
"orthog_B_2_large_classes_16",0.400331047528967,0.266966185859541,0.11563017261764,0.217072593993852,0.531081081081081,0.187162162162162,0.0662162162162162,0.215540540540541,0.130750033552114,0.0798040236973791,0.0494139564014239,0.00153205345331145,2.14944431307638,1.16701242213232,0.527219464345911,1.78196074877428,1.96621621621622,1.20760842801494,0.799113458853121,1.98718680438718,0.161,4229,1480,"c(0.491, 0.09, 0.019, 0.002, 0.179, 0.525, 0.122, 0.029, 0.283, 0.288, 0.655, 0.183, 0.046, 0.097, 0.204, 0.786)","tru2",7.24509151576155,0.171062058274313
"orthog_B_2_large_classes_17",0.365841161400512,0.104355251921435,0.0604611443210931,0.46934244235696,0.337721808815112,0.215798511734402,0.318832283915283,0.127647395535203,0.0281193525854008,0.111443259812967,0.25837113959419,0.341695046821757,2.6333048676345,1.37934659160774,-0.15981732939224,1.17652820019141,2.23640526617058,1.05416138470256,0.171546555984583,1.72738253541977,0.4435,5855,1747,"c(0.727, 0.184, 0.088, 0.078, 0.157, 0.525, 0.123, 0.042, 0.087, 0.251, 0.639, 0.15, 0.029, 0.04, 0.15, 0.731)","phq5",150.103094698114,0.22620487228895
"orthog_B_2_large_classes_18",0.0729553903345725,0.141263940520446,0.0669144981412639,0.718866171003718,0.0532687651331719,0.561743341404358,0.0435835351089588,0.341404358353511,0.0196866252014006,0.420479400883912,0.0233309630323051,0.377461812650207,3.43169144981413,0.982646510714729,-1.40909875087874,3.45539006099069,2.67312348668281,1.00467631868784,0.373002197746295,1.56208379681454,0.5659,2152,1239,"c(0.519, 0.076, 0.032, 0.084, 0.366, 0.597, 0.262, 0.084, 0.082, 0.241, 0.501, 0.284, 0.033, 0.085, 0.204, 0.548)","ry11",69.762646936118,0.249034940036698
"orthog_B_2_large_classes_19",0.161463347545042,0.261587126942649,0.280291569247696,0.296657956264613,0.151639344262295,0.315573770491803,0.280737704918033,0.252049180327869,0.00982400328274685,0.0539866435491544,0.000446135670336467,0.044608775936744,2.71214413423188,1.05888501449889,-0.222798062450703,1.80784717167282,2.63319672131148,1.01962526577768,-0.0785467432500461,1.86365914965556,0.0707,7271,488,"c(0.479, 0.072, 0.018, 0.019, 0.257, 0.482, 0.128, 0.013, 0.155, 0.294, 0.558, 0.14, 0.109, 0.151, 0.296, 0.828)","ry24",1.98894384304524,0.276302771735348
"orthog_B_2_large_classes_20",0.135832821143208,0.310387215734481,0.346035648432698,0.207744314689613,0.452102803738318,0.183411214953271,0.204439252336449,0.160046728971963,0.316269982595109,0.12697600078121,0.14159639609625,0.0476975857176502,2.62569145666872,0.959872871471081,-0.115614951813406,2.05467573775961,2.07242990654206,1.13643428345018,0.51216993925898,1.77395380135895,0.3721,1627,856,"c(0.651, 0.08, 0.009, 0.012, 0.157, 0.505, 0.093, 0.019, 0.116, 0.311, 0.594, 0.068, 0.076, 0.104, 0.304, 0.9)","ry2",71.2486981726882,0.238252656380505
"orthog_B_2_large_classes_21",0.0869565217391304,0.264822134387352,0.343873517786561,0.304347826086957,0.0211742059672762,0.373596406801412,0.581328200192493,0.0239011870388194,0.0657823157718542,0.10877427241406,0.237454682405931,0.280446639048137,2.86561264822134,0.948122400912851,-0.341759989368963,2.11136030862875,2.60795636830286,0.57314588767176,-0.384955209128937,2.74366327118963,0.3888,253,6234,"c(0.798, 0.199, 0.065, 0.022, 0.133, 0.634, 0.231, 0.033, 0.044, 0.111, 0.514, 0.109, 0.025, 0.057, 0.19, 0.836)","ry25",21.2415261403883,0.229310466358764
"orthog_B_2_large_classes_22",0.329855537720706,0.193418940609952,0.145264847512039,0.331460674157303,0.374161073825503,0.37751677852349,0.023489932885906,0.224832214765101,0.0443055361047971,0.184097837913538,0.121774914626132,0.106628459392203,2.47833065810594,1.25385918801829,0.0515461650702616,1.36483564550596,2.0989932885906,1.13453963993588,0.729102477864514,2.11100014109715,0.2491,1246,596,"c(0.69, 0.085, 0.007, 0.009, 0.211, 0.634, 0.155, 0.023, 0.062, 0.235, 0.625, 0.152, 0.038, 0.046, 0.212, 0.816)","ry28",26.7334695914011,0.269399701440184
"orthog_B_2_large_classes_23",0.267405063291139,0.116033755274262,0.380801687763713,0.235759493670886,0.317018072289157,0.134036144578313,0.518825301204819,0.0301204819277108,0.0496130089980174,0.0180023893040517,0.138023613441106,0.205639011743175,2.58491561181435,1.11763967932167,-0.281168326797051,1.70323759739218,2.26204819277108,0.942155000979259,-0.326493398397708,1.56553375976994,0.2532,1896,1328,"c(0.456, 0.049, 0.02, 0.017, 0.324, 0.62, 0.189, 0.073, 0.134, 0.264, 0.591, 0.211, 0.087, 0.068, 0.199, 0.698)","ry26",19.2774288395182,0.244281085854113
"orthog_B_2_large_classes_24",0.249341527655838,0.238366988586479,0.258121158911326,0.254170324846356,0.0147164393395549,0.211773151471644,0.26597272074659,0.507537688442211,0.234625088316284,0.0265938371148354,0.00785156183526442,0.253367363595855,2.5171202809482,1.12103996404439,-0.0324984591693846,1.63418422625501,3.26633165829146,0.840978028882917,-0.682513282716018,2.16156987066632,0.3464,2278,2786,"c(0.496, 0.061, 0.016, 0.001, 0.276, 0.633, 0.212, 0.034, 0.114, 0.215, 0.512, 0.168, 0.114, 0.091, 0.261, 0.797)","ry5",179.091318105129,0.250387495704592
"orthog_B_2_large_classes_25",0.0600988969189806,0.453023963484215,0.117154811715481,0.369722327881324,0.116628552760536,0.318850049003594,0.427311336164652,0.137210062071219,0.0565296558415552,0.134173914480621,0.310156524449171,0.232512265810105,2.79650057055915,1.01080653997623,0.0659379742174076,1.51750761122595,2.58510290754655,0.866276355899566,-0.167960845278653,2.37271444146178,0.4141,2629,3061,"c(0.516, 0.073, 0.011, 0.017, 0.356, 0.596, 0.198, 0.061, 0.059, 0.254, 0.628, 0.242, 0.069, 0.077, 0.163, 0.68)","ry23",41.662004790401,0.25345484176293
"orthog_B_2_large_classes_26",0.0145896656534954,0.629787234042553,0.286626139817629,0.0689969604863222,0.395886889460154,0.309125964010283,0.104755784061697,0.190231362467866,0.381297223806659,0.32066127003227,0.181870355755933,0.121234401981544,2.41003039513678,0.639592622284209,0.96265137048254,3.29344573857882,2.08933161953727,1.11963743468328,0.636986812148867,2.01388746360872,0.544,3290,1556,"c(0.648, 0.042, 0.017, 0.014, 0.287, 0.729, 0.181, 0.042, 0.044, 0.183, 0.664, 0.171, 0.021, 0.046, 0.138, 0.774)","ry31",277.548361712929,0.290566690272246
"orthog_B_2_large_classes_27",0.351219512195122,0.0048780487804878,0.417073170731707,0.226829268292683,0.401197604790419,0.0682634730538922,0.312574850299401,0.217964071856287,0.0499780925952972,0.0633854242734044,0.104498320432306,0.00886519643639552,2.51951219512195,1.18562929924034,-0.270352818021597,1.51044541525601,2.34730538922156,1.21037502830017,0.0489408072459773,1.40050194052163,0.1323,410,3340,"c(0.551, 0.057, 0.003, 0.013, 0.297, 0.611, 0.15, 0.061, 0.107, 0.278, 0.687, 0.213, 0.045, 0.053, 0.16, 0.713)","tru1",4.24303182426747,0.229599323042517
"orthog_B_2_large_classes_28",0.472602739726027,0.517123287671233,0.00342465753424658,0.00684931506849315,0.285321100917431,0.350091743119266,0.293211009174312,0.0713761467889908,0.187281638808596,0.167031544551967,0.289786351640065,0.0645268317204977,1.54452054794521,0.544024931680627,0.524970982995668,3.74648542338829,2.15064220183486,0.917247853240361,0.253012517105056,2.10186589619564,0.3887,292,5450,"c(0.749, 0.104, 0.044, 0.055, 0.182, 0.693, 0.295, 0.099, 0.055, 0.159, 0.552, 0.27, 0.014, 0.044, 0.109, 0.576)","ry22",26.9081866868643,0.248786217995651
"orthog_B_2_large_classes_29",0.367082416238689,0.285644411836635,0.0545365615064808,0.292736610418195,0.00989583333333333,0.2046875,0.4546875,0.330729166666667,0.357186582905356,0.0809569118366349,0.400150938493519,0.0379925562484715,2.27292736610418,1.23210229780217,0.409555757942464,1.5556480141029,3.10625,0.750806857653818,-0.316624008975308,2.24185107033913,0.5438,4089,1920,"c(0.454, 0.086, 0.022, 0, 0.348, 0.503, 0.147, 0.022, 0.141, 0.264, 0.516, 0.129, 0.057, 0.147, 0.316, 0.848)","ry8",225.439752802562,0.182964033269946
"orthog_B_2_large_classes_30",0.00952068286277085,0.155613919894944,0.463558765594222,0.371306631648063,0.397283531409168,0.0067911714770798,0.257385398981324,0.338539898132428,0.387762848546397,0.148822748417864,0.206173366612898,0.0327667335156352,3.19665134602758,0.725487099195866,-0.46769815910947,2.51280707379806,2.53718166383701,1.31158849604497,-0.159055580727665,1.27756827187092,0.4649,3046,2945,"c(0.449, 0.042, 0.02, 0.015, 0.323, 0.619, 0.194, 0.068, 0.14, 0.265, 0.599, 0.207, 0.088, 0.074, 0.187, 0.71)","ry26",211.17923607886,0.232110144954396
"orthog_B_2_large_classes_31",0.131519274376417,0.342403628117914,0.321995464852608,0.204081632653061,0.341637010676157,0.124555160142349,0.306049822064057,0.227758007117438,0.210117736299739,0.217848467975565,0.0159456427885508,0.0236763744643765,2.59863945578231,0.954710464916943,-0.0325607768251165,2.04431528609354,2.41992882562278,1.175745994091,-0.0178889587395294,1.48978931296539,0.304,882,281,"c(0.353, 0.093, 0.037, 0.007, 0.296, 0.473, 0.039, 0.015, 0.103, 0.23, 0.579, 0.038, 0.248, 0.204, 0.345, 0.94)","sun12",3.22810947752359,0.183725390452326
"orthog_B_2_large_classes_32",0.419024190241902,0.350348503485035,0.130791307913079,0.0998359983599836,0.311312964492155,0.212221304706854,0.302229562345169,0.174236168455822,0.107711225749747,0.138127198778181,0.17143825443209,0.074400170095838,1.91143911439114,0.970214646939063,0.833525279330302,2.67753133717185,2.33938893476466,1.09329883911944,0.0984803136539066,1.6708736731895,0.2561,4878,1211,"c(0.616, 0.104, 0.009, 0.004, 0.189, 0.636, 0.169, 0.047, 0.147, 0.187, 0.609, 0.183, 0.048, 0.073, 0.214, 0.766)","sun4",42.452585442136,0.215491420597644
"orthog_B_2_large_classes_33",0.33626159102001,0.100780868716447,0.261346998535871,0.301610541727672,0.274225975070366,0.0828307197426618,0.29232006433454,0.350623240852433,0.0620356159496439,0.0179501489737852,0.0309730657986684,0.0490126991247606,2.52830649097121,1.23488582794696,-0.120223511485953,1.40624872729,2.71934057096904,1.20481871904971,-0.389788949235742,1.59626988649771,0.0868,4098,2487,"c(0.613, 0.106, 0.01, 0.013, 0.189, 0.635, 0.171, 0.038, 0.147, 0.185, 0.608, 0.178, 0.051, 0.074, 0.211, 0.771)","sun4",13.4443965511574,0.221969332615981
"orthog_B_2_large_classes_34",0.207056998836758,0.244280728964715,0.335789065529275,0.212873206669252,0.253333333333333,0.176666666666667,0.226666666666667,0.343333333333333,0.0462763344965749,0.0676140622980483,0.109122398862608,0.130460126664082,2.55447848003102,1.04254136907153,-0.129491008567386,1.84093540082967,2.66,1.19068607673615,-0.221914265913958,1.52597630994448,0.1888,2579,300,"c(0.791, 0.2, 0.07, 0.024, 0.13, 0.628, 0.226, 0.032, 0.046, 0.118, 0.512, 0.105, 0.033, 0.054, 0.192, 0.84)","ry25",7.03794391946115,0.248039260209352
"orthog_B_2_large_classes_35",0.412820512820513,0.0564102564102564,0.157692307692308,0.373076923076923,0.200416867083534,0.357864357864358,0.191277857944525,0.250440917107584,0.212403645736979,0.301454101454101,0.0335855502522169,0.122636005969339,2.49102564102564,1.34970898073469,-0.0294566238142738,1.20184869673591,2.49174282507616,1.07314835295243,0.142841754361506,1.75085809220255,0.3901,780,6237,"c(0.513, 0.069, 0.012, 0.006, 0.351, 0.593, 0.2, 0.051, 0.07, 0.257, 0.628, 0.245, 0.066, 0.081, 0.16, 0.699)","ry23",25.2210427652127,0.216795582787241
"orthog_B_2_large_classes_36",0.183308494783905,0.309985096870343,0.284862678305301,0.221843730040451,0.35519801980198,0.165635313531353,0.285272277227723,0.193894389438944,0.171889525018076,0.14434978333899,0.000409598922421484,0.0279493406015075,2.5452416436023,1.02871650289712,-0.0154397413062376,1.85577753486143,2.31786303630363,1.14673926632749,0.129400951214772,1.5540122059157,0.2262,4697,4848,"c(0.469, 0.063, 0.012, 0.02, 0.258, 0.491, 0.132, 0.023, 0.157, 0.295, 0.559, 0.137, 0.116, 0.151, 0.298, 0.82)","ry24",35.2083026687351,0.172841690390111
"orthog_B_2_large_classes_37",0.36743119266055,0.392660550458716,0.044954128440367,0.194954128440367,0.454869358669834,0.211401425178147,0.304038004750594,0.0296912114014252,0.0874381660092833,0.181259125280568,0.259083876310227,0.165262917038942,2.06743119266055,1.08979579239358,0.769986415936045,2.29022898338157,1.90855106888361,0.93236757881417,0.402157899883225,1.73284699776825,0.3673,2180,842,"c(0.557, 0.116, 0.044, 0.126, 0.294, 0.508, 0.233, 0.104, 0.104, 0.329, 0.6, 0.257, 0.045, 0.047, 0.124, 0.513)","cop2",8.86566464330209,0.270946482440466
"orthog_B_2_large_classes_38",0.0815234497954045,0.0500472143531634,0.508026440037772,0.360402895813661,0.373933026920552,0.116546290216678,0.507879185817465,0.00164149704530532,0.292409577125147,0.0664990758635143,0.000147254220306037,0.358761398768355,3.14730878186969,0.845484495500959,-1.0935611224581,3.93487606439718,2.13722915298752,0.932494697298363,-0.263289346053368,1.22555756210921,0.4676,3177,3046,"c(0.548, 0.141, 0.053, 0.098, 0.2, 0.469, 0.218, 0.082, 0.157, 0.303, 0.585, 0.175, 0.094, 0.088, 0.145, 0.646)","ph4",158.812206280373,0.254851408919736
"orthog_B_2_large_classes_39",0.25990675990676,0.116550116550117,0.392773892773893,0.230769230769231,0.208059981255858,0.074601686972821,0.188940955951265,0.528397375820056,0.0518467786509024,0.0419484295772956,0.203832936822628,0.297628145050825,2.59440559440559,1.10563988942915,-0.303991326146117,1.74361382365827,3.03767572633552,1.19742203398025,-0.799585610984053,2.00727345736674,0.3668,858,5335,"c(0.646, 0.085, 0.019, 0.006, 0.149, 0.5, 0.104, 0.006, 0.126, 0.312, 0.575, 0.079, 0.079, 0.104, 0.302, 0.909)","ry2",64.7229219924337,0.251872552262728
"orthog_B_2_large_classes_40",0.272727272727273,0.181818181818182,0.0909090909090909,0.454545454545455,0.298206278026906,0.0754857997010463,0.322122571001495,0.304185351270553,0.0254790052996331,0.106332382117135,0.231213480092404,0.150360103274901,2.72727272727273,1.28564869306645,-0.252437120883597,1.3439,2.6322869955157,1.19886755290664,-0.302770575142638,1.54870967453734,0.2967,11,1338,"c(0.638, 0.135, 0.045, 0.049, 0.199, 0.473, 0.15, 0.027, 0.082, 0.299, 0.604, 0.105, 0.081, 0.092, 0.202, 0.819)","ph3",1.68462926941938,0.427310835409595
"orthog_B_2_large_classes_41",0.228370221327968,0.0955734406438632,0.425050301810865,0.251006036217304,0.277777777777778,0.172839506172839,0.327160493827161,0.222222222222222,0.04940755644981,0.0772660655289763,0.0978898079837047,0.0287838139950816,2.6986921529175,1.08132971080034,-0.464452626009284,1.93649229320187,2.49382716049383,1.11801694801663,-0.103802806324358,1.63762460319576,0.1372,1988,162,"c(0.586, 0.221, 0.072, 0.062, 0.182, 0.404, 0.174, 0.032, 0.13, 0.264, 0.559, 0.13, 0.101, 0.112, 0.195, 0.776)","ph2",1.93945758896044,0.303839167613779
"orthog_B_2_large_classes_42",0.360927152317881,0.218543046357616,0.0960264900662252,0.324503311258278,0.292307692307692,0.261538461538462,0.169230769230769,0.276923076923077,0.0686194600101885,0.0429954151808457,0.0732042791645441,0.0475802343352012,2.3841059602649,1.26784443000953,0.207160052806148,1.37611508174438,2.43076923076923,1.17629445253017,0.137777936874831,1.53088532219779,0.1191,302,65,"c(0.447, 0.084, 0.017, 0.001, 0.338, 0.501, 0.148, 0.024, 0.141, 0.272, 0.508, 0.133, 0.075, 0.143, 0.326, 0.842)","ry8",1.37042596481299,0.313209189510136
"orthog_B_2_large_classes_43",0,0.545454545454545,0.181818181818182,0.272727272727273,0.350649350649351,0.337662337662338,0.266233766233766,0.0454545454545455,0.350649350649351,0.207792207792208,0.0844155844155844,0.227272727272727,2.72727272727273,0.862439361864103,0.555155411451783,1.57111111111111,2.00649350649351,0.893677309253579,0.369407488787576,2.09624830097075,0.4742,11,154,"c(0.403, 0.03, 0.025, 0.003, 0.373, 0.512, 0.103, 0.013, 0.07, 0.281, 0.641, 0.089, 0.154, 0.177, 0.231, 0.895)","ry13",2.36231808969988,0.16006954870841
"orthog_B_2_large_classes_44",0.29845031905196,0.291340018231541,0.100638103919781,0.309571558796718,0.384035313592054,0.269266139415119,0.327754276255288,0.0189442707375391,0.0855849945400945,0.0220738788164219,0.227116172335507,0.290627288059179,2.42133090246126,1.20824456497424,0.203371787413981,1.48333237883988,1.98160750413831,0.887258918745524,0.198599167972626,1.65153819404193,0.3793,5485,5437,"c(0.482, 0.029, 0.005, 0.018, 0.297, 0.572, 0.12, 0.024, 0.113, 0.252, 0.655, 0.197, 0.108, 0.147, 0.221, 0.761)","sun5",136.545493907829,0.258247459590281
"orthog_B_2_large_classes_45",0.067121024370095,0.365551425030979,0.329202808756712,0.238124741842214,0.405217391304348,0.350434782608696,0.0695652173913043,0.174782608695652,0.338096366934253,0.0151166424222833,0.259637591365408,0.0633421331465618,2.73833126807104,0.896487445023223,-0.0216195785804935,2.05358533959823,2.01391304347826,1.08338334429667,0.797126012827139,2.3326731984576,0.4312,4842,1150,"c(0.446, 0.088, 0.015, 0.006, 0.352, 0.501, 0.148, 0.02, 0.141, 0.27, 0.506, 0.133, 0.061, 0.14, 0.331, 0.841)","ry8",106.653674104908,0.240805848098316
"orthog_B_2_large_classes_46",0.131523671029245,0.0576829859428017,0.248505412829213,0.56228793019874,0.226688102893891,0.110932475884244,0.220257234726688,0.442122186495177,0.0951644318646452,0.0532494899414426,0.028248178102525,0.120165743703563,3.24155760219745,1.04293601197731,-1.18996486056941,3.08037279968876,2.87781350482315,1.20203058794333,-0.547480700332118,1.71755291597249,0.1647,6189,1244,"c(0.66, 0.1, 0.032, 0.044, 0.139, 0.515, 0.128, 0.033, 0.114, 0.22, 0.644, 0.084, 0.086, 0.164, 0.196, 0.839)","phq4",26.8941391465834,0.258076522757596
"orthog_B_2_large_classes_47",0.448632668144863,0.170731707317073,0.37989652623799,0.00073909830007391,0.365671641791045,0.388059701492537,0.23134328358209,0.0149253731343284,0.0829610263538185,0.217327994175464,0.1485532426559,0.0141862748342544,1.93274205469327,0.909374486323575,0.138746900024153,1.23702568563108,1.8955223880597,0.803617350804287,0.363465694351316,2.09139988441495,0.2764,1353,134,"c(0.554, 0.141, 0.039, 0.084, 0.197, 0.477, 0.228, 0.084, 0.155, 0.296, 0.584, 0.18, 0.094, 0.086, 0.149, 0.652)","ph4",1.69764992126247,0.327059410503855
"orthog_B_2_large_classes_48",0.412522290469586,0.142659005349713,0.283138498117694,0.161680206063008,0.0899883132060771,0.384105960264901,0.27775613556681,0.248149590962213,0.322533977263509,0.241446954915188,0.0053823625508842,0.086469384899205,2.19397661977412,1.1422585888582,0.266701649313111,1.57317834678299,2.68406700428516,0.944666685275853,0.0254832288233125,1.95237977144926,0.4121,5047,2567,"c(0.476, 0.069, 0.003, 0, 0.272, 0.624, 0.207, 0.042, 0.128, 0.214, 0.521, 0.161, 0.124, 0.093, 0.269, 0.797)","ry5",104.851176140207,0.160713848166448
"orthog_B_2_large_classes_49",0.0635514018691589,0.188785046728972,0.327102803738318,0.420560747663551,0.138392857142857,0.227678571428571,0.383928571428571,0.25,0.0748414552736983,0.0388935246995995,0.0568257676902537,0.170560747663551,3.10467289719626,0.92336070225113,-0.692932665839064,2.47400821482374,2.74553571428571,0.983106264498359,-0.347860558032888,2.11519903056642,0.1986,535,224,"c(0.864, 0.134, 0.046, 0.042, 0.1, 0.701, 0.169, 0.062, 0.031, 0.145, 0.641, 0.13, 0.004, 0.02, 0.144, 0.767)","ry16",8.0585849139711,0.231815558183
"orthog_B_2_large_classes_50",0.284724073580379,0.194614769394828,0.401492935217275,0.119168221807518,0.0846333853354134,0.435647425897036,0.339703588143526,0.140015600624025,0.200090688244965,0.241032656502208,0.0617893470737497,0.020847378816507,2.35510530525193,1.01822891247973,-0.0749965450398592,1.77223247877424,2.53510140405616,0.835503359270424,0.173805127572562,2.39351468425257,0.32,3751,2564,"c(0.544, 0.059, 0.003, 0.019, 0.31, 0.613, 0.152, 0.057, 0.102, 0.281, 0.686, 0.21, 0.045, 0.047, 0.159, 0.713)","tru1",52.5497243690552,0.190727837391645
"orthog_B_2_large_classes_51",0.235943060498221,0.0672597864768683,0.419395017793594,0.277402135231317,0.206430694406917,0.0856525263442313,0.660362064306944,0.0475547149419076,0.0295123660913036,0.018392739867363,0.24096704651335,0.229847420289409,2.73825622775801,1.1045018611997,-0.520664067349086,1.93459494370727,2.54904079978384,0.869232890918315,-0.876490659437721,2.51268184707326,0.3348,5620,3701,"c(0.693, 0.081, 0.005, 0.012, 0.2, 0.638, 0.148, 0.017, 0.064, 0.238, 0.634, 0.151, 0.043, 0.043, 0.213, 0.821)","ry28",93.3343669392084,0.234609999580501
"orthog_B_2_large_classes_52",0.0774263904034896,0.0479825517993457,0.0763358778625954,0.798255179934569,0.352984889769631,0.350507802823879,0.00718355214268021,0.28932375526381,0.275558499366141,0.302525251024533,0.0691523257199152,0.508931424670759,3.59541984732824,0.895219804715849,-2.10715739115062,6.00242892578971,2.23284617290067,1.20964710669396,0.527697507930695,1.70028753418505,0.6567,917,4037,"c(0.608, 0.102, 0.012, 0.013, 0.187, 0.63, 0.172, 0.046, 0.154, 0.194, 0.601, 0.176, 0.052, 0.073, 0.215, 0.765)","sun4",313.653511250445,0.203768014063283
"orthog_B_2_large_classes_53",0.0666666666666667,0.0666666666666667,0.666666666666667,0.2,0.13377324535093,0.456508698260348,0.155368926214757,0.254349130173965,0.0671065786842632,0.389842031593681,0.51129774045191,0.0543491301739652,3,0.730296743340221,-1.02697979532219,4.6875,2.53029394121176,1.01258433138956,0.265923471716062,1.86818056876174,0.6487,15,1667,"c(0.485, 0.059, 0.011, 0, 0.276, 0.633, 0.222, 0.046, 0.122, 0.217, 0.504, 0.171, 0.118, 0.09, 0.262, 0.783)","ry5",1.76841810320926,0.179364147683359
"orthog_B_2_large_classes_54",0.280037664783428,0.172128060263653,0.241431261770245,0.306403013182674,0.0362776025236593,0.703470031545741,0.176656151419558,0.083596214511041,0.243760062259768,0.531341971282088,0.0647751103506864,0.222806798671633,2.57419962335217,1.19053591790697,-0.129349324931059,1.49960323848155,2.30757097791798,0.672843745255879,1.18946825115072,4.09262799122606,0.629,5310,634,"c(0.535, 0.12, 0.031, 0.02, 0.357, 0.672, 0.339, 0.084, 0.073, 0.168, 0.489, 0.276, 0.035, 0.04, 0.142, 0.62)","for2",52.4156935257981,0.234361144117487
"orthog_B_2_large_classes_55",0.335616438356164,0.0114155251141553,0.253424657534247,0.399543378995434,0.363216266173752,0.217190388170055,0.0286506469500924,0.3909426987061,0.0275998278175879,0.2057748630559,0.224774010584154,0.00860068028933397,2.71689497716895,1.29355177846968,-0.394080196317995,1.43000696158544,2.44731977818854,1.32496895208514,0.149439665772507,1.25807593662014,0.3061,438,1082,"c(0.652, 0.078, 0, 0.011, 0.271, 0.715, 0.191, 0.038, 0.023, 0.156, 0.66, 0.142, 0.054, 0.051, 0.149, 0.809)","sun1",21.6021834617003,0.28799393704438
"orthog_B_2_large_classes_56",0.505747126436782,0.349425287356322,0.096551724137931,0.0482758620689655,0.272727272727273,0.0909090909090909,0.181818181818182,0.454545454545455,0.233019853709509,0.258516196447231,0.0852664576802508,0.406269592476489,1.68735632183908,0.835258181256901,1.13591625974061,3.66487952530751,2.81818181818182,1.26621711610765,-0.461861743275741,1.52029971304071,0.5417,870,33,"c(0.575, 0.095, 0.032, 0.027, 0.315, 0.654, 0.191, 0.048, 0.035, 0.209, 0.64, 0.187, 0.074, 0.042, 0.136, 0.738)","ry30",10.5147476851857,0.240986103540595
"orthog_B_2_large_classes_57",0.148375768217735,0.388937664618086,0.166812993854258,0.295873573309921,0.446428571428571,0.103316326530612,0.283163265306122,0.167091836734694,0.298052803210837,0.285621338087474,0.116350271451864,0.128781736575227,2.61018437225637,1.06130018711286,0.0806259843277626,1.7018227479373,2.17091836734694,1.1699342269448,0.29140841049381,1.51764886343358,0.4478,1139,784,"c(0.593, 0.222, 0.053, 0.058, 0.18, 0.405, 0.173, 0.046, 0.127, 0.265, 0.566, 0.128, 0.101, 0.108, 0.208, 0.768)","ph2",13.7530380349116,0.237055741643065
"orthog_B_2_large_classes_58",0.314079422382672,0.322503008423586,0.117930204572804,0.245487364620939,0.25,0,0.75,0,0.0640794223826715,0.322503008423586,0.632069795427196,0.245487364620939,2.29482551143201,1.15197092118164,0.371810540520091,1.69779085336868,2.5,0.866025403784439,-1.15470053837925,2.33333333333333,0.7536,831,8,"c(0.504, 0.125, 0.051, 0.024, 0.333, 0.538, 0.176, 0.042, 0.049, 0.254, 0.517, 0.192, 0.115, 0.083, 0.256, 0.741)","ry4",1.98366232894212,0.372386944386874
"orthog_B_2_large_classes_59",0.0725326991676575,0.266349583828775,0.281807372175981,0.379310344827586,0.333333333333333,0.0740740740740741,0.197530864197531,0.395061728395062,0.260800634165676,0.192275509754701,0.0842765079784501,0.0157513835674755,2.9678953626635,0.966829880376317,-0.41741157751871,2.00504066407294,2.65432098765432,1.29729532344266,-0.256062307695622,1.34462742427433,0.3352,841,81,"c(0.699, 0.079, 0.007, 0.014, 0.209, 0.637, 0.15, 0.015, 0.055, 0.236, 0.626, 0.152, 0.036, 0.048, 0.216, 0.82)","ry28",10.4792742918353,0.307145260165921
"orthog_B_2_large_classes_60",0.299350649350649,0.399350649350649,0.237662337662338,0.0636363636363636,0.250936329588015,0.235955056179775,0.453183520599251,0.0599250936329588,0.0484143197626344,0.163395593170874,0.215521182936913,0.00371127000340483,2.06558441558442,0.887275112910811,0.418352741319951,2.35278943214334,2.32209737827715,0.916555237629509,-0.212377398366359,1.89863690541875,0.2748,1540,267,"c(0.554, 0.137, 0.06, 0.091, 0.199, 0.472, 0.227, 0.086, 0.153, 0.303, 0.566, 0.184, 0.094, 0.087, 0.148, 0.64)","ph4",2.52353314606868,0.25472412801779
"orthog_B_2_large_classes_61",0.426205139095349,0.179443618602676,0.346358037799958,0.0479932045020174,0.138163816381638,0.0999099909990999,0.302880288028803,0.459045904590459,0.288041322713711,0.0795336276035758,0.0434777497711547,0.411052700088442,2.01613930770864,0.981975314175495,0.271842368665944,1.63721797248486,3.08280828082808,1.05107276139305,-0.879444707149839,2.50911585890806,0.51,4709,2222,"c(0.511, 0.128, 0.044, 0.015, 0.341, 0.538, 0.18, 0.039, 0.043, 0.255, 0.523, 0.186, 0.105, 0.08, 0.252, 0.76)","ry4",290.858193419963,0.221977911661637
"orthog_B_2_large_classes_62",0.28151842615683,0.27265170407315,0.174840676087559,0.27098919368246,0.338275340393343,0.293797276853253,0.157034795763994,0.21089258698941,0.0567569142365132,0.0211455727801022,0.0178058803235649,0.0600966066930505,2.43530063729565,1.16225179377974,0.136752330902146,1.56003481792186,2.24054462934947,1.13182099530186,0.391448763538208,1.75222819487991,0.0872,3609,3305,"c(0.645, 0.075, 0.009, 0, 0.144, 0.513, 0.105, 0.018, 0.126, 0.317, 0.573, 0.078, 0.086, 0.095, 0.313, 0.904)","ry2",16.8286933754163,0.215348461432407
"orthog_B_2_large_classes_63",0.169616519174041,0.362094395280236,0.0754670599803343,0.392822025565388,0.294982698961938,0.161332179930796,0.266868512110727,0.27681660899654,0.125366179787896,0.20076221534944,0.191401452130392,0.116005416568849,2.69149459193707,1.15680893441299,-0.0376668347664832,1.46503345944798,2.52551903114187,1.18023192422783,-0.0941454025691204,1.51102848413703,0.3258,4068,2312,"c(0.613, 0.072, 0.007, 0.021, 0.254, 0.714, 0.227, 0.043, 0.073, 0.174, 0.598, 0.235, 0.059, 0.041, 0.168, 0.701)","ry20",31.7245275181237,0.2371685579523
"orthog_B_2_large_classes_64",0.184549356223176,0.103004291845494,0.356223175965665,0.356223175965665,0.220314735336195,0.23032904148784,0.236051502145923,0.313304721030043,0.0357653791130186,0.127324749642346,0.120171673819742,0.0429184549356223,2.88412017167382,1.08811615101098,-0.628735192440234,2.09793426764361,2.64234620886981,1.13884874744317,-0.163965457335666,1.61127606356124,0.1838,233,699,"c(0.644, 0.084, 0.009, 0.014, 0.27, 0.707, 0.191, 0.041, 0.024, 0.159, 0.659, 0.154, 0.062, 0.05, 0.141, 0.791)","sun1",5.65877101083356,0.262993169173453
"orthog_B_2_large_classes_65",0.418307725600519,0.266825362475655,0.269422202986367,0.0454447089374594,0.0808695652173913,0.412173913043478,0.192173913043478,0.314782608695652,0.337438160383128,0.145348550567824,0.0772482899428883,0.269337899758193,1.94200389526077,0.930669230270239,0.453503002642653,1.97566628228073,2.74086956521739,0.99160788640373,0.0384094745447326,1.7159003961086,0.4621,4621,1150,"c(0.569, 0.095, 0.033, 0.019, 0.315, 0.657, 0.191, 0.042, 0.04, 0.201, 0.63, 0.191, 0.077, 0.048, 0.147, 0.748)","ry30",131.929729776916,0.219693938547073
"orthog_B_2_large_classes_66",0.220493176921235,0.33828106296385,0.387838161359828,0.0533875987550874,0.464464464464464,0.117117117117117,0.287287287287287,0.131131131131131,0.243971287543229,0.221163945846733,0.10055087407254,0.0777435323760437,2.27412018194877,0.864141110669888,-0.0623620612669874,2.08805496677803,2.08508508508509,1.12651533703378,0.382856488923944,1.61966512552304,0.353,4177,999,"c(0.356, 0.096, 0.029, 0.009, 0.31, 0.47, 0.035, 0.011, 0.099, 0.228, 0.59, 0.038, 0.236, 0.206, 0.345, 0.942)","sun12",15.8808445440429,0.181130433968194
"orthog_B_2_large_classes_67",0.319424460431655,0.0623501199040767,0.358273381294964,0.259952038369305,0.151028037383178,0.390280373831776,0.218317757009346,0.240373831775701,0.168396423048477,0.327930253927699,0.139955624285618,0.0195782065936037,2.55875299760192,1.18545395645496,-0.2470880039945,1.53275945397468,2.54803738317757,1.0151335617224,0.12563805165306,1.86452646136261,0.3948,2085,5350,"c(0.421, 0.047, 0.01, 0.021, 0.356, 0.543, 0.12, 0.036, 0.113, 0.288, 0.595, 0.104, 0.11, 0.122, 0.275, 0.839)","ry15",33.0453621388442,0.194896610799618
"orthog_B_2_large_classes_68",0.199085219065961,0.504092441020703,0.202936928261916,0.0938854116514203,0.358633776091082,0.0607210626185958,0.280004743833017,0.300640417457306,0.159548557025121,0.443371378402107,0.0770678155711009,0.206755005805885,2.1916225324988,0.860723299889288,0.504987152354773,2.71987018167583,2.52265180265655,1.2522121557201,-0.139996652667572,1.3742637487991,0.5203,4154,8432,"c(0.499, 0.086, 0.001, 0.013, 0.33, 0.636, 0.14, 0.016, 0.133, 0.219, 0.633, 0.15, 0.038, 0.059, 0.227, 0.821)","ry7",338.041233720629,0.258067905416061
"orthog_B_2_large_classes_69",0.211119853134015,0.279832153160241,0.18620508785733,0.322842905848413,0.347732181425486,0.434125269978402,0.0907127429805616,0.127429805615551,0.136612328291471,0.15429311681816,0.0954923448767686,0.195413100232863,2.62077104642014,1.14163911649498,-0.072997895510037,1.57209625772352,1.99784017278618,0.973734810928857,0.8324480824309,2.76297823523021,0.2996,3813,463,"c(0.444, 0.049, 0.02, 0.016, 0.324, 0.612, 0.186, 0.069, 0.139, 0.272, 0.595, 0.215, 0.093, 0.067, 0.199, 0.7)","ry26",26.336550891934,0.248967137654005
"orthog_B_2_large_classes_70",0.253731343283582,0.328358208955224,0.328358208955224,0.0895522388059701,0.366492146596859,0.261780104712042,0.321989528795811,0.049738219895288,0.112760803313277,0.066578104243182,0.00636868015941239,0.0398140189106822,2.25373134328358,0.935905397408411,0.131700909635424,2.0370005764321,2.05497382198953,0.940432046385961,0.249333870131129,1.81880894461572,0.137,67,382,"c(0.388, 0.062, 0.021, 0.031, 0.284, 0.601, 0.165, 0.034, 0.181, 0.253, 0.613, 0.18, 0.146, 0.084, 0.201, 0.755)","ry29",1.41120344631802,0.279853963708125
"orthog_B_2_large_classes_71",0.276424002436796,0.471519951264088,0.0822418519646665,0.16981419433445,0.234306569343066,0.574452554744526,0.1,0.0912408759124088,0.0421174330937299,0.102932603480438,0.0177581480353335,0.0785733184220414,2.14544623819677,1.00834915755093,0.699921256465419,2.44598461570879,2.04817518248175,0.834834848808763,0.850377746055082,3.47739842922302,0.1373,6566,1370,"c(0.613, 0.09, 0.01, 0.014, 0.281, 0.588, 0.171, 0.041, 0.068, 0.212, 0.561, 0.107, 0.038, 0.11, 0.257, 0.837)","ry27",10.1913284683105,0.263840143393835
"orthog_B_2_large_classes_72",0.352394916911046,0.0156402737047898,0.32355816226784,0.308406647116325,0.198849811988498,0.0232249502322495,0.421588144215881,0.356337093563371,0.153545104922548,0.00758467652745967,0.0980299819480417,0.0479304464470464,2.58797653958944,1.25054518372453,-0.267631202194653,1.42211088877059,2.93541251935413,1.08203038270348,-0.813496504709753,2.38234201240151,0.1885,2046,4521,"c(0.437, 0.057, 0.009, 0.021, 0.417, 0.565, 0.12, 0.024, 0.096, 0.28, 0.607, 0.161, 0.05, 0.097, 0.263, 0.795)","ry9",49.1637768304072,0.233011223522956
"orthog_B_2_large_classes_73",0.145767734765697,0.388590479718466,0.111131691053899,0.354510094461937,0.487346348517715,0.31236442516269,0.151120751988431,0.0491684743311641,0.341578613752018,0.0762260545557766,0.0399890609345321,0.305341620130773,2.67438414521208,1.10460211314026,0.0194378500811802,1.55973450553796,1.76211135213304,0.882354797712821,0.91156925293613,2.89286061794249,0.4662,5399,1383,"c(0.629, 0.084, 0.029, 0.027, 0.226, 0.6, 0.123, 0.026, 0.099, 0.258, 0.698, 0.22, 0.047, 0.059, 0.151, 0.727)","cop4",223.540940486215,0.251952537879083
"orthog_B_2_large_classes_74",0.371530886302596,0.203222918531782,0.114592658907789,0.310653536257833,0.323306233062331,0.15420054200542,0.486178861788618,0.0363143631436314,0.0482246532402656,0.0490223765263615,0.371586202880829,0.274339173114202,2.36436884512086,1.26331826352151,0.215921773006954,1.38709627622449,2.23550135501355,0.948304623637498,-0.22868355920156,1.57275513653344,0.467,1117,3690,"c(0.625, 0.107, 0.061, 0.057, 0.208, 0.563, 0.145, 0.049, 0.085, 0.247, 0.583, 0.115, 0.082, 0.083, 0.211, 0.779)","phq7",56.4227944208986,0.249468223862712
"orthog_B_2_large_classes_75",0.264802631578947,0.241776315789474,0.270833333333333,0.222587719298246,0.372881355932203,0.217917675544794,0.0871670702179177,0.322033898305085,0.108078724353256,0.0238586402446795,0.183666263115416,0.0994461790068391,2.45120614035088,1.10562193403303,0.0297517058557058,1.66626266291516,2.35835351089588,1.2727005856049,0.244092230229398,1.38234555091518,0.2364,1824,413,"c(0.433, 0.05, 0.011, 0.014, 0.409, 0.561, 0.109, 0.02, 0.098, 0.28, 0.607, 0.164, 0.059, 0.109, 0.273, 0.802)","ry9",6.23821741027064,0.22573528040563
"orthog_B_2_large_classes_76",0.0176225073427114,0.300046375019323,0.541814809089504,0.140516308548462,0.0783018867924528,0.186438679245283,0.589150943396226,0.146108490566038,0.0606793794497414,0.11360769577404,0.0473361343067227,0.00559218201757583,2.80522491884372,0.687833832185648,-0.0512180387125098,2.68231918777025,2.80306603773585,0.779083905293951,-0.635481179116104,3.27324525355907,0.1373,6469,8480,"c(0.506, 0.133, 0.051, 0.017, 0.335, 0.537, 0.18, 0.039, 0.053, 0.254, 0.513, 0.189, 0.107, 0.076, 0.256, 0.755)","ry4",9.69333859985571,0.262698058758579
"orthog_B_2_large_classes_77",0.335825186889017,0.0753306497987349,0.0805060379528465,0.508338125359402,0.181473044798785,0.408504176157935,0.0979498861047836,0.312072892938497,0.154352142090232,0.3331735263592,0.0174438481519371,0.196265232420905,2.76135710178263,1.3674864130384,-0.352414289484152,1.27378089861509,2.54062262718299,1.11150424094347,0.183023412691556,1.62296409577329,0.4167,1739,1317,"c(0.657, 0.116, 0.063, 0.051, 0.163, 0.541, 0.101, 0.041, 0.108, 0.273, 0.627, 0.079, 0.072, 0.07, 0.209, 0.829)","ph1",69.7504532753217,0.253042714627567
"orthog_B_2_large_classes_78",0.323144104803493,0.124454148471616,0.264192139737991,0.2882096069869,0.145867768595041,0.043801652892562,0.571074380165289,0.239256198347107,0.177276336208452,0.0806524955790537,0.306882240427298,0.0489534086397921,2.5174672489083,1.21342586044487,-0.0994029941606908,1.44327813924952,2.90371900826446,0.925882765932197,-0.910876301369004,3.11710447151806,0.3667,458,2420,"c(0.804, 0.2, 0.065, 0.024, 0.131, 0.624, 0.233, 0.03, 0.042, 0.114, 0.512, 0.112, 0.023, 0.062, 0.19, 0.834)","ry25",29.7739999015685,0.234721914807753
"orthog_B_2_large_classes_79",0.333333333333333,0.5,0.166666666666667,0,0.285815102328864,0.320159962361797,0.386497294754175,0.00752764055516349,0.0475182310044695,0.179840037638203,0.219830628087509,0.00752764055516349,1.83333333333333,0.687184270936277,0.228268823563608,2.10726643598616,2.11573747353564,0.830076982287354,-0.139674022718297,1.63068020665538,0.2881,30,4251,"c(0.558, 0.11, 0.058, 0.13, 0.302, 0.502, 0.228, 0.089, 0.097, 0.332, 0.591, 0.262, 0.044, 0.057, 0.123, 0.518)","cop2",1.70058373675335,0.422152099567419
"orthog_B_2_large_classes_80",0.300699300699301,0.300699300699301,0.265734265734266,0.132867132867133,0.0107592991085152,0.295419612665232,0.360590224408239,0.333230863818014,0.289940001590785,0.00527968803406859,0.0948559586739728,0.200363730950881,2.23076923076923,1.02208006537271,0.273917036911251,1.91123688935886,3.01629265293575,0.819403577230184,-0.147383240893945,1.78571485935898,0.365,286,3253,"c(0.454, 0.059, 0.04, 0.039, 0.376, 0.667, 0.215, 0.05, 0.089, 0.196, 0.586, 0.143, 0.081, 0.078, 0.159, 0.768)","ry12",26.7809920348341,0.252656308620518
"orthog_B_2_large_classes_81",0.186717088158828,0.0787047979201135,0.493264003781612,0.241314110139447,0.283269961977186,0.239543726235741,0.467680608365019,0.00950570342205323,0.0965528738183586,0.160838928315628,0.0255833954165929,0.231808406717394,2.78917513590168,1.01115782021047,-0.652986902212044,2.3565957382241,2.20342205323194,0.864634519487465,-0.315893824265169,1.5778693565579,0.2993,4231,1052,"c(0.482, 0.064, 0.012, 0.011, 0.276, 0.621, 0.213, 0.043, 0.12, 0.221, 0.516, 0.156, 0.121, 0.094, 0.258, 0.79)","ry5",53.197386585457,0.236969987667946
"orthog_B_2_large_classes_82",0.203739774055317,0.393844955200623,0.236073237241917,0.166342033502143,0.0496860986547085,0.0489686098654709,0.546188340807175,0.355156950672646,0.154053675400609,0.344876345335152,0.310115103565258,0.188814917170503,2.36501753019088,0.985871871978885,0.261013868284487,2.05506121790102,3.20681614349776,0.748396310750972,-1.06795104570232,4.53880710043984,0.5239,2567,5575,"c(0.354, 0.091, 0.027, 0.004, 0.308, 0.467, 0.03, 0.006, 0.093, 0.229, 0.599, 0.039, 0.245, 0.213, 0.344, 0.951)","sun12",394.895365706835,0.257088086843001
"orthog_B_2_large_classes_83",0.0881302104009528,0.298531163159984,0.268757443429933,0.344581183009131,0.0555398129781808,0.131198639841315,0.458486823462737,0.354774723717767,0.032590397422772,0.167332523318669,0.189729380032805,0.0101935407086365,2.86978959904724,0.989281779503013,-0.28350013713677,1.89012904190541,3.11249645792009,0.833952733928751,-0.787734724958727,3.15746877955645,0.2553,2519,3529,"c(0.478, 0.034, 0.005, 0, 0.289, 0.573, 0.121, 0.02, 0.124, 0.254, 0.652, 0.209, 0.109, 0.139, 0.223, 0.771)","sun5",38.1345330094687,0.233517991995975
"orthog_B_2_large_classes_84",0.0260318547696523,0.589141976365816,0.055831477992807,0.328994690871725,0.0984675578741441,0.546625366807956,0.31904140854255,0.0358656667753505,0.0724357031044918,0.0425166095578604,0.263209930549743,0.293129024096374,2.6877890049666,0.961659181257272,0.481505818302511,1.54233438363451,2.29230518421911,0.689586334549003,0.199820681916855,2.9349033692156,0.4028,5839,6134,"c(0.471, 0.088, 0.034, 0.034, 0.275, 0.471, 0.14, 0.049, 0.192, 0.353, 0.691, 0.213, 0.062, 0.088, 0.136, 0.705)","cop3",207.059781564467,0.280096289964001
"orthog_B_2_large_classes_85",0.172661870503597,0.398333964407421,0.400227186671715,0.0287769784172662,0.113475177304965,0.404255319148936,0.25,0.232269503546099,0.0591866931986326,0.00592135474151473,0.150227186671715,0.203492525128833,2.28511927300265,0.778912043177416,-0.178484068226061,2.24668648957925,2.60106382978723,0.965026146801663,0.109337175977057,1.95362076638142,0.2598,2641,564,"c(0.546, 0.063, 0.009, 0.014, 0.296, 0.609, 0.151, 0.062, 0.116, 0.267, 0.677, 0.212, 0.043, 0.061, 0.163, 0.712)","tru1",17.5206494440847,0.269382116359341
"orthog_B_2_large_classes_86",0.0573234524847428,0.206952920662598,0.608870967741935,0.126852659110724,0.287150837988827,0.316201117318436,0.00223463687150838,0.394413407821229,0.229827385504084,0.109248196655838,0.606636330870427,0.267560748710505,2.80525283347864,0.724688161103929,-0.589810537547463,3.46319481221482,2.50391061452514,1.27008393372806,0.148302479331844,1.33176083387491,0.7102,9176,895,"c(0.642, 0.091, 0.031, 0.033, 0.226, 0.6, 0.128, 0.029, 0.082, 0.255, 0.693, 0.217, 0.05, 0.054, 0.148, 0.721)","cop4",149.508843449278,0.250349762878458
"orthog_B_2_large_classes_87",0.261077844311377,0.429940119760479,0.135329341317365,0.173652694610778,0.436863543788187,0.361507128309572,0.117107942973523,0.0845213849287169,0.17578569947681,0.0684329914509067,0.0182213983438418,0.0891313096820616,2.22155688622754,1.02074997439971,0.526591572279878,2.18237548849326,1.84928716904277,0.93238547235649,0.928863759428166,2.96551316828802,0.2094,835,982,"c(0.634, 0.154, 0.044, 0.025, 0.254, 0.667, 0.229, 0.051, 0.082, 0.145, 0.605, 0.16, 0.03, 0.034, 0.123, 0.765)","sun3",16.3941356913056,0.253683300522913
"orthog_B_2_large_classes_88",0.0643776824034335,0.449008788064582,0.0521152667075414,0.434498262824443,0.043273013375295,0.310778914240755,0.36191974822974,0.284028324154209,0.0211046690281384,0.138229873823827,0.309804481522199,0.150469938670234,2.85673410995299,1.05853326128743,-0.0379454555022692,1.39334325771222,2.88670338316286,0.868943708481398,-0.175035523228389,2.06414876665062,0.3717,4893,1271,"c(0.61, 0.115, 0.049, 0.054, 0.202, 0.571, 0.143, 0.057, 0.109, 0.235, 0.592, 0.109, 0.079, 0.079, 0.216, 0.78)","phq7",29.0714527067831,0.258844051110698
"orthog_B_2_large_classes_89",0.355661339680381,0.202652159129548,0.296837810268616,0.144848690921455,0.429125138427464,0.246954595791805,0.163344407530454,0.160575858250277,0.0734637987470832,0.0443024366622573,0.133493402738162,0.0157271673288216,2.23087385243115,1.08562939251773,0.212066688935891,1.68437079221216,2.05537098560354,1.10982297368198,0.595514054178264,1.95024165395122,0.1595,2941,1806,"c(0.487, 0.034, 0.013, 0.008, 0.301, 0.573, 0.125, 0.018, 0.105, 0.248, 0.634, 0.204, 0.106, 0.144, 0.228, 0.77)","sun5",10.788144827697,0.204940151490661
"orthog_B_2_large_classes_90",0.311873554356207,0.302107427396556,0.121048573631457,0.26497044461578,0.0525677315002022,0.147998382531338,0.668014557217954,0.131419328750505,0.259305822856004,0.154109044865218,0.546965983586497,0.133551115865275,2.33911590850681,1.17379909143276,0.301888787929262,1.60469833590164,2.87828548321876,0.689111176579921,-0.800389977030566,4.21521348534461,0.6387,7782,2473,"c(0.475, 0.083, 0.031, 0.041, 0.279, 0.468, 0.131, 0.049, 0.184, 0.356, 0.703, 0.208, 0.061, 0.093, 0.135, 0.702)","cop3",194.510682420627,0.21790144629208
"orthog_B_2_large_classes_91",0.186490455212922,0.126284875183554,0.428781204111601,0.258443465491924,0.230877522290005,0.251055842327546,0.267949319568278,0.250117315814172,0.0443870670770825,0.124770967143992,0.160831884543323,0.00832614967775192,2.75917767988253,1.03570979123517,-0.513781899539207,2.12230994665241,2.53730642890662,1.10027174214854,-0.0514233287949435,1.68372885066963,0.2085,681,2131,"c(0.504, 0.082, 0.01, 0.016, 0.325, 0.639, 0.147, 0.02, 0.132, 0.216, 0.625, 0.149, 0.039, 0.064, 0.218, 0.815)","ry7",11.2045052224957,0.229121108282146
"orthog_B_2_large_classes_92",0.5,0,0.125,0.375,0.372021521906226,0.143735588009224,0.374327440430438,0.109915449654112,0.127978478093774,0.143735588009224,0.249327440430438,0.265084550345888,2.375,1.40867845869808,0.121574828849137,1.12276024552049,2.22213681783244,1.06614539117158,0.0933960572854994,1.59864330964202,0.4117,8,1301,"c(0.571, 0.085, 0.013, 0.005, 0.279, 0.596, 0.147, 0.024, 0.064, 0.257, 0.553, 0.19, 0.085, 0.063, 0.287, 0.78)","ry3",1.5222165020684,0.306014490710049
"orthog_B_2_large_classes_93",0.2734375,0.359375,0,0.3671875,0.0923344947735192,0.393728222996516,0.198606271777003,0.315331010452962,0.181103005226481,0.0343532229965157,0.198606271777003,0.0518564895470383,2.4609375,1.23682016521956,0.23827169156859,1.41964834261837,2.73693379790941,1.0045861764235,-0.00238105895435887,1.72812095681262,0.2759,128,574,"c(0.743, 0.112, 0.031, 0.054, 0.185, 0.693, 0.299, 0.113, 0.05, 0.152, 0.555, 0.267, 0.022, 0.043, 0.115, 0.566)","ry22",6.41327454926737,0.274108262336714
"orthog_B_2_large_classes_94",0.237837837837838,0.00463320463320463,0.561389961389961,0.196138996138996,0.178936605316973,0.441717791411043,0.0360429447852761,0.343302658486708,0.0589012325208644,0.437084586777838,0.525347016604685,0.147163662347711,2.71583011583012,1.0350705430329,-0.698768304016131,2.26491742188433,2.54371165644172,1.13691152632845,0.227583320467754,1.55644293270834,0.7015,1295,3912,"c(0.601, 0.217, 0.061, 0.06, 0.181, 0.406, 0.183, 0.038, 0.128, 0.266, 0.555, 0.138, 0.091, 0.111, 0.2, 0.764)","ph2",39.2415146892449,0.250136191435984
"orthog_B_2_large_classes_95",0.0337221095334686,0.495943204868154,0.210446247464503,0.259888438133874,0.433486741179049,0.0797720797720798,0.425816348893272,0.0609248301555994,0.39976463164558,0.416171125096074,0.215370101428769,0.198963607978275,2.69650101419878,0.893648950513307,0.349254907174028,1.80020768425494,2.11417926802542,1.044014130866,0.0921712657472804,1.43159371058534,0.6473,3944,4563,"c(0.856, 0.133, 0.036, 0.041, 0.097, 0.7, 0.168, 0.049, 0.032, 0.145, 0.646, 0.135, 0.015, 0.022, 0.15, 0.774)","ry16",617.491236185513,0.247979713415571
"orthog_B_2_large_classes_96",0.118032786885246,0.307540983606557,0.209180327868852,0.365245901639344,0.317716747442111,0.547657512116317,0.0845449649973075,0.0500807754442649,0.199683960556865,0.240116528509759,0.124635362871545,0.315165126195079,2.8216393442623,1.05503815536297,-0.242922489895997,1.73066765946677,1.86698976844373,0.764783036238268,0.901415585455918,3.96282733208703,0.4609,1525,1857,"c(0.51, 0.13, 0.039, 0.021, 0.34, 0.535, 0.175, 0.034, 0.045, 0.245, 0.535, 0.186, 0.105, 0.089, 0.251, 0.759)","ry4",139.197171962543,0.239776097157966
"orthog_B_2_large_classes_97",0.363539607723886,0.250874258780599,0.0635548122244184,0.322031321271096,0.438461538461538,0.184615384615385,0.361538461538462,0.0153846153846154,0.0749219307376522,0.0662588741652144,0.297983649314043,0.306646705886481,2.34407784704272,1.26365744575305,0.291017665205446,1.42089065306215,1.95384615384615,0.927042762780482,0.207412386359145,1.44286140013005,0.4391,6577,130,"c(0.453, 0.083, 0.024, 0.001, 0.342, 0.494, 0.142, 0.011, 0.14, 0.282, 0.512, 0.137, 0.065, 0.141, 0.322, 0.852)","ry8",8.14120608573123,0.26710051369527
"orthog_B_2_large_classes_98",0.33313503866746,0.149910767400357,0.318857822724569,0.198096371207615,0.360314104500151,0.274841437632135,0.21111446692842,0.153729990939293,0.0271790658326911,0.124930670231778,0.107743355796148,0.0443663802683212,2.38191552647234,1.13952572452834,0.0182565894265215,1.55536673793521,2.15826034430686,1.07763732238895,0.419758604173417,1.87110774558498,0.173,1681,3311,"c(0.622, 0.092, 0.028, 0.034, 0.234, 0.601, 0.135, 0.035, 0.095, 0.26, 0.684, 0.229, 0.049, 0.048, 0.153, 0.702)","cop4",18.2244026193967,0.25607402937478
"orthog_B_2_large_classes_99",0.0639625585023401,0.136505460218409,0.305772230889236,0.493759750390016,0.187380497131931,0.347992351816444,0.208413001912046,0.256214149139579,0.123417938629591,0.211486891598035,0.0973592289771897,0.237545601250436,3.22932917316693,0.91297512285514,-0.972370798318068,2.97463107632561,2.53346080305927,1.06586568910048,0.0832335256811596,1.75054657894625,0.3548,1282,523,"c(0.746, 0.111, 0.035, 0.049, 0.175, 0.689, 0.296, 0.116, 0.056, 0.164, 0.559, 0.275, 0.022, 0.036, 0.11, 0.561)","ry22",32.8234930243835,0.222349401778439
"orthog_B_2_large_classes_100",0.197097020626432,0.194041252864782,0.375859434682964,0.233002291825821,0.216666666666667,0.166666666666667,0.3,0.316666666666667,0.0195696460402343,0.0273745861981156,0.0758594346829641,0.0836643748408454,2.64476699770817,1.04366716019959,-0.29220916286157,1.91154756571995,2.71666666666667,1.12681951625902,-0.336414342713463,1.72837207508112,0.1178,1309,60,"c(0.386, 0.066, 0.018, 0.026, 0.278, 0.605, 0.156, 0.047, 0.18, 0.256, 0.62, 0.182, 0.156, 0.073, 0.206, 0.745)","ry29",1.61859183055753,0.371562130431211
"orthog_B_2_large_classes_101",0.350432039500754,0.201069812097106,0.0736524482238376,0.374845700178302,0.483683628318584,0.288163716814159,0.108130530973451,0.120022123893805,0.13325158881783,0.0870939047170533,0.0344780827496137,0.254823576284497,2.47291180907969,1.30377210787422,0.0923318879824505,1.28178305802905,1.86449115044248,1.02642096946567,0.938993093845482,2.65430913508177,0.3024,7291,3616,"c(0.644, 0.082, 0.013, 0, 0.154, 0.509, 0.106, 0.014, 0.121, 0.313, 0.576, 0.084, 0.081, 0.096, 0.305, 0.901)","ry2",265.661006773964,0.251252710396749
"orthog_B_2_large_classes_102",0.476741354115928,0.0284948855333658,0.0759863614223088,0.418777398928397,0.0140845070422535,0.253521126760563,0.422535211267606,0.309859154929577,0.462656847073674,0.225026241227198,0.346548849845297,0.10891824399882,2.43679980516318,1.42725023785643,0.0676849120565865,1.09433832362306,3.02816901408451,0.786717748944729,-0.223166183342481,2.08325690335306,0.6298,8212,71,"c(0.456, 0.091, 0.024, 0, 0.343, 0.504, 0.151, 0.019, 0.139, 0.268, 0.505, 0.131, 0.062, 0.137, 0.321, 0.851)","ry8",8.24466998131267,0.102487877818952
"orthog_B_2_large_classes_103",0.391971664698937,0.25,0.346221959858323,0.0118063754427391,0.150666666666667,0.146666666666667,0.489333333333333,0.213333333333333,0.241304998032271,0.103333333333333,0.14311137347501,0.201526957890594,1.97786304604486,0.885962234859819,0.145006359815192,1.51549414292445,2.76533333333333,0.952679496064769,-0.562996203977669,2.44109707205789,0.3606,3388,750,"c(0.452, 0.09, 0.03, 0.002, 0.335, 0.505, 0.148, 0.014, 0.149, 0.265, 0.506, 0.135, 0.065, 0.14, 0.316, 0.85)","ry8",61.6986629682598,0.178783094429775
"orthog_B_2_large_classes_104",0.276671974522293,0.344745222929936,0.192675159235669,0.185907643312102,0.403811659192825,0.0291479820627803,0.163004484304933,0.404035874439462,0.127139684670532,0.315597240867156,0.0296706749307361,0.21812823112736,2.28781847133758,1.06307959935429,0.335931901580029,1.88741924072293,2.56726457399103,1.36424724458229,-0.141147861751099,1.19736488459309,0.4052,2512,4460,"c(0.653, 0.072, 0.013, 0.016, 0.263, 0.721, 0.195, 0.037, 0.036, 0.155, 0.653, 0.144, 0.048, 0.051, 0.14, 0.804)","sun1",179.135259745555,0.25044446940346
"orthog_B_2_large_classes_105",0.304758445332365,0.217944061024337,0.360697420995278,0.11660007264802,0.531645569620253,0.379746835443038,0.0808179162609542,0.00778967867575463,0.226887124287888,0.161802774418701,0.279879504734324,0.108810393972266,2.28913912095895,1.02384311574128,0.0515190738281044,1.76031872468733,1.56475170399221,0.673929611611288,0.937606621589557,3.31883944785081,0.4097,2753,1027,"c(0.339, 0.094, 0.038, 0.103, 0.227, 0.357, 0.18, 0.079, 0.246, 0.416, 0.663, 0.286, 0.189, 0.133, 0.119, 0.532)","cop1",13.8070061135648,0.205842150993663
"orthog_B_2_large_classes_106",0.267304189435337,0.0314207650273224,0.450364298724954,0.250910746812386,0.321775312066574,0.296809986130374,0.292649098474341,0.0887656033287101,0.0544711226312373,0.265389221103052,0.157715200250613,0.162145143483676,2.68488160291439,1.11903917062775,-0.502265707813903,1.8596002981886,2.14840499306519,0.973376998849407,0.277483013665622,1.95734049965164,0.3529,2196,721,"c(0.645, 0.085, 0.022, 0, 0.155, 0.501, 0.101, 0.013, 0.116, 0.308, 0.569, 0.08, 0.085, 0.105, 0.308, 0.906)","ry2",47.3706430528088,0.242184102277901
"orthog_B_2_large_classes_107",0.292563817980022,0.39023307436182,0.249722530521643,0.067480577136515,0.229580573951435,0.337748344370861,0.426048565121413,0.00662251655629139,0.0629832440285873,0.0524847299909593,0.17632603459977,0.0608580605802236,2.09211986681465,0.896505765283066,0.380415251845856,2.29109522636097,2.20971302428256,0.798836436790583,-0.316326582326373,1.78411804311533,0.2038,4505,906,"c(0.619, 0.106, 0.055, 0.065, 0.212, 0.568, 0.139, 0.046, 0.096, 0.24, 0.592, 0.109, 0.073, 0.086, 0.213, 0.779)","phq7",8.52213459488355,0.241047091536326
"orthog_B_2_large_classes_108",0.157974300831444,0.353741496598639,0.35978835978836,0.128495842781557,0.564356435643564,0.0954966464388374,0.189396358990738,0.15075055892686,0.406382134812121,0.258244850159802,0.170392000797622,0.0222547161453034,2.45880574452003,0.906224762705948,0.00379920831819421,2.20471903215487,1.92654104120089,1.16247959625702,0.718842439037589,1.89127621072443,0.5112,1323,3131,"c(0.455, 0.056, 0.016, 0.021, 0.317, 0.607, 0.191, 0.065, 0.143, 0.27, 0.597, 0.213, 0.085, 0.067, 0.196, 0.701)","ry26",67.3952271602357,0.154778069487538
"orthog_B_2_large_classes_109",0.166666666666667,0.333333333333333,0.333333333333333,0.166666666666667,0.112005856515373,0.169106881405564,0.390922401171303,0.32796486090776,0.0546608101512933,0.16422645192777,0.0575890678379697,0.161298194241093,2.5,0.957427107756338,0,2.05785123966942,2.93484626647145,0.969974308619619,-0.605974468672359,2.39613976972846,0.2435,12,1366,"c(0.55, 0.123, 0.042, 0.131, 0.301, 0.496, 0.234, 0.102, 0.104, 0.332, 0.603, 0.254, 0.045, 0.048, 0.122, 0.513)","cop2",1.52621158690228,0.35881444595132
"orthog_B_2_large_classes_110",0.247957992998833,0.243290548424737,0.044340723453909,0.46441073512252,0.0289431369682795,0.0128636164303464,0.637918432977635,0.320274813623739,0.219014856030554,0.230426931994391,0.593577709523726,0.144135921498781,2.72520420070012,1.27437063848385,-0.194709281455429,1.32347239571163,3.24952492325683,0.621810494122506,-0.952929347785907,5.86352748288209,0.6886,3428,6841,"c(0.642, 0.048, 0.024, 0.018, 0.286, 0.733, 0.188, 0.035, 0.052, 0.179, 0.654, 0.18, 0.02, 0.04, 0.134, 0.768)","ry31",568.841118333639,0.260302847876306
"orthog_B_2_large_classes_111",0.160990712074303,0.0780185758513932,0.373993808049536,0.386996904024768,0.617777777777778,0.124848484848485,0.04,0.217373737373737,0.456787065703474,0.0468299089970917,0.333993808049536,0.16962316665103,2.98699690402477,1.05300011760134,-0.801396308013969,2.43283997326494,1.8569696969697,1.22752395483257,0.97894049329923,2.19614231880513,0.5926,1615,2475,"c(0.607, 0.031, 0.02, 0.01, 0.152, 0.623, 0.191, 0.026, 0.135, 0.254, 0.465, 0.1, 0.105, 0.091, 0.323, 0.864)","ry6",238.202279991633,0.181904243114478
"orthog_B_2_large_classes_112",0.0656934306569343,0.425182481751825,0.412408759124088,0.0967153284671533,0.128482972136223,0.143343653250774,0.327554179566563,0.40061919504644,0.0627895414792886,0.281838828501051,0.0848545795575241,0.303903866579286,2.54014598540146,0.757103571583387,0.0783493460160048,2.62821141784847,3.00030959752322,1.02854005317804,-0.709107628986014,2.32378684518255,0.4277,548,3230,"c(0.741, 0.201, 0.082, 0.074, 0.156, 0.52, 0.127, 0.04, 0.081, 0.242, 0.649, 0.152, 0.022, 0.037, 0.141, 0.734)","phq5",51.2719286546974,0.213357714950617
"orthog_B_2_large_classes_113",0.134442134442134,0.383229383229383,0.185031185031185,0.297297297297297,0.129582267689685,0.518755328218244,0.347399829497016,0.00426257459505541,0.00485986675244987,0.135525944988861,0.162368644465831,0.293034722702242,2.64518364518365,1.04517968438449,0.0402933115723454,1.72279669012814,2.22634271099744,0.665433221852689,-0.204823443890161,2.35161730766218,0.3614,1443,2346,"c(0.768, 0.089, 0.026, 0.014, 0.192, 0.695, 0.151, 0.016, 0.027, 0.156, 0.678, 0.121, 0.013, 0.06, 0.146, 0.85)","ry19",134.67776895029,0.256707575129054
"orthog_B_2_large_classes_114",0.368531889290012,0.355294825511432,0.174789410348977,0.101383874849579,0.101024890190337,0.304538799414348,0.140556368960469,0.453879941434846,0.267506999099675,0.0507560260970835,0.0342330413885086,0.352496066585267,2.00902527075812,0.974050996367771,0.640194077328915,2.38136097363444,2.94729136163982,1.07691229961068,-0.380584492817786,1.67677837479176,0.4467,3324,683,"c(0.647, 0.079, 0.003, 0.003, 0.153, 0.511, 0.095, 0.012, 0.121, 0.311, 0.586, 0.081, 0.079, 0.099, 0.316, 0.904)","ry2",119.507388749842,0.157874159873064
"orthog_B_2_large_classes_115",0.0962059620596206,0.432249322493225,0.291327913279133,0.180216802168022,0.274880255455029,0.575838211814795,0.0258116019159127,0.123469930814263,0.178674293395409,0.14358888932157,0.26551631136322,0.0567468713537588,2.55555555555556,0.894292518531939,0.185197587106748,2.18937941147118,1.99787120808941,0.891384905006246,1.05012266493693,3.61538001367169,0.3553,738,3758,"c(0.624, 0.103, 0.011, 0.008, 0.183, 0.641, 0.17, 0.031, 0.145, 0.185, 0.605, 0.184, 0.048, 0.071, 0.214, 0.776)","sun4",49.096292245631,0.197932202100414
"orthog_B_2_large_classes_116",0.205536332179931,0.456747404844291,0.215916955017301,0.121799307958478,0.16974674880219,0.472279260780287,0.171800136892539,0.186173853524983,0.0357895833777405,0.0155318559359968,0.0441168181247617,0.0643745455665054,2.25397923875433,0.918773674695197,0.419307879635062,2.39830614529237,2.37440109514031,0.972659303020536,0.408973616458456,2.16903875899192,0.0872,1445,1461,"c(0.549, 0.058, 0.005, 0.014, 0.299, 0.597, 0.147, 0.063, 0.112, 0.285, 0.681, 0.22, 0.04, 0.06, 0.168, 0.704)","tru1",4.04125851859623,0.253669933392356
"orthog_B_2_large_classes_117",0.274035799963093,0.303561542720059,0.186012179368887,0.236390477947961,0.172433433005838,0.47216289335042,0.271109212587213,0.0842944610565285,0.101602366957255,0.168601350630361,0.0850970332183262,0.152096016891432,2.38475733530172,1.12141503648531,0.208870470132654,1.67565724873214,2.26726470169443,0.842193605441974,0.310091365417624,2.55446944133543,0.2629,5419,7023,"c(0.647, 0.131, 0.045, 0.044, 0.196, 0.467, 0.158, 0.029, 0.079, 0.311, 0.598, 0.1, 0.079, 0.091, 0.199, 0.828)","ph3",106.729013394986,0.25171190527612
"orthog_B_2_large_classes_118",0.279001074113856,0.0597475832438238,0.433941997851772,0.227309344790548,0.194849368318756,0.205539358600583,0.165694849368319,0.433916423712342,0.0841517057951,0.145791775356759,0.268247148483454,0.206607078921794,2.60955961331901,1.11831012198683,-0.386143488576139,1.75219486690482,2.83867832847425,1.18018158513175,-0.396728890940137,1.60727320275592,0.3781,7448,2058,"c(0.602, 0.101, 0.028, 0.01, 0.297, 0.661, 0.195, 0.025, 0.101, 0.19, 0.6, 0.173, 0, 0.048, 0.177, 0.791)","ry18",70.0903612940119,0.256411313462453
"orthog_B_2_large_classes_119",0.355529131985731,0.44589774078478,0.170035671819263,0.0285374554102259,0.387832699619772,0.380228136882129,0.0836501901140684,0.14828897338403,0.0323035676340406,0.0656696039026508,0.0863854817051944,0.119751517973804,1.87158145065398,0.789444932613898,0.579317063813931,2.74617681451156,1.99239543726236,1.03178532355114,0.825201250182508,2.5335092886323,0.1648,841,263,"c(0.568, 0.098, 0.036, 0.023, 0.314, 0.643, 0.194, 0.042, 0.032, 0.201, 0.631, 0.185, 0.087, 0.058, 0.138, 0.75)","ry30",4.94223496331553,0.292299146976739
"orthog_B_2_large_classes_120",0.162746039366299,0.344695151224196,0.336533845415266,0.156024963994239,0.216100908922278,0.337043220181784,0.232053422370618,0.21480244852532,0.0533548695559793,0.00765193104241141,0.104480423044649,0.0587774845310809,2.48583773403745,0.941988023779433,0.0167483314816168,2.10329328419022,2.44555741049898,1.05301601096262,0.140250136617701,1.81609763567967,0.1314,2083,5391,"c(0.569, 0.074, 0.011, 0.016, 0.285, 0.596, 0.152, 0.023, 0.058, 0.263, 0.557, 0.193, 0.088, 0.067, 0.28, 0.767)","ry3",8.63775237380923,0.22484317954631
"orthog_B_2_large_classes_121",0.30732044198895,0.285911602209945,0.119475138121547,0.287292817679558,0.596949891067538,0.0885984023238925,0.117647058823529,0.19680464778504,0.289629449078588,0.197313199886052,0.00182807929801755,0.0904881698945181,2.38674033149171,1.19431937388054,0.233459209118135,1.52648027016211,1.91430646332607,1.22248605669085,0.810063837844071,1.92745278929056,0.362,1448,1377,"c(0.602, 0.073, 0.01, 0.02, 0.263, 0.722, 0.23, 0.044, 0.071, 0.166, 0.589, 0.222, 0.064, 0.039, 0.171, 0.713)","ry20",37.0778330769078,0.190790071502804
"orthog_B_2_large_classes_122",0.103896103896104,0.37987012987013,0.233766233766234,0.282467532467532,0.284693122997289,0.399063347300961,0.0974858269657382,0.218757702736012,0.180797019101185,0.0191932174308315,0.136280406800496,0.0637098297315206,2.69480519480519,0.992359918983119,0.00153816362575441,1.82254065485847,2.25030810944047,1.09295727787293,0.497971420005791,1.94704512996176,0.236,308,8114,"c(0.642, 0.075, 0.029, 0.024, 0.293, 0.593, 0.175, 0.053, 0.047, 0.281, 0.584, 0.224, 0.018, 0.051, 0.212, 0.7)","ry21",18.7002183024303,0.211446627181866
"orthog_B_2_large_classes_123",0.0204460966542751,0.0353159851301115,0.862453531598513,0.0817843866171004,0.369402985074627,0.167910447761194,0.152985074626866,0.309701492537313,0.348956888420352,0.132594462631083,0.709468456971647,0.227917105920213,3.00557620817844,0.445930111415077,-1.3580751648944,11.301353286687,2.40298507462687,1.26443547066615,0.130035405565968,1.35737594252101,0.8335,538,536,"c(0.759, 0.091, 0.028, 0.031, 0.188, 0.682, 0.144, 0.021, 0.036, 0.161, 0.694, 0.123, 0.017, 0.066, 0.134, 0.825)","ry19",134.367443430707,0.244026202247903
"orthog_B_2_large_classes_124",0.0365099731715852,0.369298961856993,0.396710603056106,0.197480461915316,0.110371075166508,0.386298763082778,0.263558515699334,0.23977164605138,0.0738611019949229,0.0169998012257854,0.133152087356772,0.0422911841360641,2.75516155371515,0.808005848790385,0.0574840984748705,2.21052242611958,2.63273073263559,0.965747376413623,0.0529185672711845,1.94168124567438,0.1589,8573,1051,"c(0.668, 0.12, 0.053, 0.044, 0.159, 0.535, 0.099, 0.046, 0.099, 0.273, 0.638, 0.093, 0.074, 0.072, 0.21, 0.817)","ph1",10.7134653163569,0.245392165960244
"orthog_B_2_large_classes_125",0.455516014234875,0.141903914590747,0.229537366548043,0.173042704626335,0.318922120225052,0.360971276280723,0.291679005034054,0.0284275984601717,0.136593894009824,0.219067361689975,0.0621416384860112,0.144615106166163,2.12010676156584,1.16738963723104,0.418366538641342,1.62382892634674,2.02961208172935,0.850549612730173,0.220836538923528,1.99775507584218,0.3024,2248,3377,"c(0.686, 0.086, 0.018, 0.011, 0.206, 0.629, 0.146, 0.015, 0.066, 0.231, 0.629, 0.155, 0.041, 0.053, 0.207, 0.819)","ry28",66.0273695437205,0.236709855759891
"orthog_B_2_large_classes_126",0.283419689119171,0.287046632124352,0.201295336787565,0.228238341968912,0.0886699507389163,0.156650246305419,0.273891625615764,0.480788177339901,0.194749738380255,0.130396385818934,0.0725962888281988,0.25254983537099,2.37435233160622,1.12139588264064,0.197877469094012,1.67048422003756,3.14679802955665,0.985174383101423,-0.853205870696653,2.55757317763151,0.3521,3860,1015,"c(0.432, 0.049, 0.013, 0.02, 0.412, 0.565, 0.116, 0.014, 0.091, 0.285, 0.607, 0.157, 0.065, 0.101, 0.265, 0.809)","ry9",108.250865603079,0.211071460640664
"orthog_B_2_large_classes_127",0.326330532212885,0.224089635854342,0.373249299719888,0.0763305322128852,0.309306569343066,0.157846715328467,0.29470802919708,0.238138686131387,0.0170239628698194,0.0662429205258746,0.0785412705228077,0.161808153918502,2.19957983193277,0.982379688038184,0.0757204429680455,1.75155449153056,2.46167883211679,1.15906082629039,-0.0440452267238726,1.53889686301928,0.1924,1428,1096,"c(0.457, 0.055, 0.024, 0.018, 0.318, 0.604, 0.192, 0.059, 0.143, 0.264, 0.595, 0.219, 0.082, 0.076, 0.189, 0.703)","ry26",12.4082544074643,0.26130490485102
"orthog_B_2_large_classes_128",0.377039454167903,0.258676950459804,0.108573123702166,0.255710471670128,0.223041179298189,0.288896010254767,0.325909309405544,0.1621535010415,0.153998274869713,0.0302190597949626,0.217336185703378,0.0935569706286278,2.24295461287452,1.20392172529346,0.40483803364618,1.60584880452744,2.42717513219035,1.00751471418927,0.0208146772905989,1.90445134241273,0.2839,3371,6241,"c(0.572, 0.101, 0.03, 0.024, 0.305, 0.653, 0.188, 0.044, 0.041, 0.197, 0.636, 0.184, 0.082, 0.049, 0.146, 0.748)","ry30",82.276235145777,0.244714060177428
"orthog_B_2_large_classes_129",0.245582509733453,0.194669062593591,0.268044324648098,0.291704103024858,0.00380228136882129,0.374351883857587,0.100587625302454,0.521258209471137,0.241780228364632,0.179682821263996,0.167456699345644,0.229554106446279,2.60587002096436,1.14602127562172,-0.168417258817912,1.60460793164822,3.13930176287591,0.9441473601423,-0.307430705496454,1.25400362570076,0.4141,3339,2893,"c(0.605, 0.082, 0.036, 0.039, 0.314, 0.631, 0.206, 0.08, 0.055, 0.224, 0.607, 0.261, 0.026, 0.063, 0.151, 0.62)","for1",117.392651661869,0.240185572265029
"orthog_B_2_large_classes_130",0.210842127043244,0.249534450651769,0.113594040968343,0.426029381336644,0.25711723828738,0.298363595606366,0.304416050212957,0.140103115893297,0.0462751112441352,0.0488291449545972,0.190822009244614,0.285926265443346,2.75481067659839,1.20781394918723,-0.239756082958445,1.45897542211461,2.32750504371217,1.00731633483063,0.133108132497503,1.90410134071423,0.3503,4833,4461,"c(0.554, 0.136, 0.046, 0.092, 0.202, 0.468, 0.221, 0.085, 0.153, 0.305, 0.584, 0.186, 0.09, 0.091, 0.149, 0.637)","ph4",92.7897556049932,0.246860618165434
"orthog_B_2_large_classes_131",0.232034632034632,0.127272727272727,0.258874458874459,0.381818181818182,0.0290440218806981,0.386949726491274,0.387600937744204,0.196405313883824,0.202990610153934,0.259676999218547,0.128726478869745,0.185412867934358,2.79047619047619,1.18039366758386,-0.435785589968115,1.67512329425762,2.75136754363115,0.798569364262043,0.133806159382914,2.15274490255674,0.3995,1155,7678,"c(0.325, 0.095, 0.033, 0.094, 0.221, 0.356, 0.177, 0.081, 0.253, 0.426, 0.669, 0.293, 0.2, 0.123, 0.121, 0.531)","cop1",30.0109896050186,0.241937437591474
"orthog_B_2_large_classes_132",0.373884160265726,0.202615735935229,0.203238530205522,0.220261573593523,0.415824915824916,0.131313131313131,0.328282828282828,0.124579124579125,0.0419407555591902,0.0713026046220981,0.125044298077306,0.0956824490143984,2.26987751712684,1.1770025958318,0.276091049155404,1.56560447998062,2.16161616161616,1.10286194001276,0.234935456746465,1.5833097700538,0.1779,4817,594,"c(0.46, 0.052, 0.029, 0.041, 0.372, 0.666, 0.219, 0.047, 0.087, 0.199, 0.585, 0.138, 0.081, 0.083, 0.166, 0.774)","ry12",5.41232538592982,0.259709199876791
"orthog_B_2_large_classes_133",0.182201010668164,0.358506457046603,0.20550252667041,0.253790005614823,0.252606493893357,0.313672922252011,0.189454870420018,0.244265713434614,0.0704054832251932,0.0448335347945923,0.016047656250392,0.00952429218020889,2.53088152723189,1.0587862691978,0.0999222937484709,1.76763048572186,2.42537980339589,1.11273367923987,0.169780587813854,1.67980979017379,0.0855,3562,3357,"c(0.534, 0.124, 0.031, 0.019, 0.346, 0.67, 0.334, 0.077, 0.075, 0.168, 0.481, 0.288, 0.045, 0.038, 0.153, 0.616)","for2",5.18293775659365,0.234627460711003
"orthog_B_2_large_classes_134",0.0564946619217082,0.329181494661922,0.313612099644128,0.300711743772242,0.34247491638796,0.133110367892977,0.284280936454849,0.240133779264214,0.285980254466252,0.196071126768945,0.0293311631892786,0.0605779645080279,2.8585409252669,0.91425445927086,-0.160792365338216,1.95161473600809,2.42207357859532,1.18707407694356,0.00203080205313489,1.47315248865235,0.3532,2248,1495,"c(0.612, 0.039, 0.023, 0.013, 0.153, 0.624, 0.204, 0.02, 0.127, 0.255, 0.452, 0.101, 0.108, 0.082, 0.322, 0.866)","ry6",110.265059766196,0.247609257075398
"orthog_B_2_large_classes_135",0.304158607350097,0.058027079303675,0.483558994197292,0.154255319148936,0.578373466606088,0.272149023171286,0.0885960926851431,0.060881417537483,0.274214859255991,0.214121943867611,0.394962901512149,0.0933739016114532,2.48791102514507,1.08013041327657,-0.325685348827659,1.71451121457326,1.63198546115402,0.880375220368647,1.32311037199551,3.86521528891587,0.5346,4136,2201,"c(0.487, 0.061, 0.01, 0.003, 0.273, 0.631, 0.213, 0.04, 0.12, 0.22, 0.52, 0.158, 0.12, 0.088, 0.256, 0.8)","ry5",162.740923422087,0.214074636647415
"orthog_B_2_large_classes_136",0.245511111111111,0.316622222222222,0.301688888888889,0.136177777777778,0.114989733059548,0.28952772073922,0.275154004106776,0.320328542094456,0.130521378051563,0.0270945014830025,0.0265348847821127,0.184150764316678,2.32853333333333,0.991956128062124,0.143774007515776,1.95489579956549,2.80082135523614,1.01495963591756,-0.254092852973265,1.8764218224708,0.2289,5625,487,"c(0.727, 0.193, 0.092, 0.077, 0.152, 0.532, 0.125, 0.04, 0.089, 0.236, 0.641, 0.153, 0.032, 0.039, 0.143, 0.73)","phq5",24.4096141437426,0.27707252367404
"orthog_B_2_large_classes_137",0.198714202220923,0.427819988310929,0.0268848626534191,0.346580946814728,0.272588638963019,0.280975981700343,0.186046511627907,0.26038886770873,0.073874436742096,0.146844006610586,0.159161648974488,0.0861920791059977,2.52133255406195,1.15764209503996,0.234084606542269,1.53362228909101,2.43423560808235,1.14526418703249,0.137148688382538,1.59705294228209,0.2445,1711,2623,"c(0.623, 0.127, 0.036, 0.047, 0.203, 0.477, 0.152, 0.028, 0.093, 0.302, 0.605, 0.11, 0.08, 0.094, 0.208, 0.815)","ph3",9.45260895754301,0.259800792151608
"orthog_B_2_large_classes_138",0.326050420168067,0.179831932773109,0.201680672268908,0.292436974789916,0.227362204724409,0.235236220472441,0.184055118110236,0.353346456692913,0.0986882154436578,0.0554042876993317,0.0176255541586713,0.0609094819029974,2.46050420168067,1.21877597278215,0.0360973806171979,1.42824244654396,2.66338582677165,1.17674228038462,-0.162197399746816,1.52090476466425,0.1297,595,1016,"c(0.384, 0.058, 0.016, 0.033, 0.286, 0.604, 0.166, 0.049, 0.175, 0.268, 0.618, 0.18, 0.155, 0.07, 0.2, 0.739)","ry29",2.28784958709789,0.204543881884834
"orthog_B_2_large_classes_139",0.17032967032967,0.524725274725275,0.269230769230769,0.0357142857142857,0.456707897240723,0.254043767840152,0.19790675547098,0.0913415794481446,0.286378226911053,0.270681506885122,0.0713240137597892,0.0556272937338589,2.17032967032967,0.743912216476493,0.235349040067026,2.76826351611984,1.92388201712655,1.00706852953886,0.689246690787008,2.23136542724103,0.4043,364,1051,"c(0.64, 0.136, 0.044, 0.047, 0.198, 0.473, 0.15, 0.028, 0.084, 0.304, 0.601, 0.098, 0.078, 0.087, 0.205, 0.828)","ph3",13.5949919983716,0.205544131866101
"orthog_B_2_large_classes_140",0.0336741889985896,0.378526093088858,0.284732016925247,0.303067700987306,0.326897646125364,0.157101295953451,0.0587146257603809,0.457286432160804,0.293223457126774,0.221424797135406,0.226017391164866,0.154218731173498,2.85719322990127,0.892130470550407,-0.00135370699034312,1.77129189041307,2.64638984395663,1.34049922422905,-0.151334557666117,1.22805308105176,0.4581,5672,7562,"c(0.761, 0.108, 0.044, 0.053, 0.175, 0.698, 0.29, 0.114, 0.047, 0.162, 0.55, 0.268, 0.017, 0.032, 0.116, 0.565)","ry22",445.107508426804,0.260377393373861
"orthog_B_2_large_classes_141",0.0212368728121354,0.28879813302217,0.382380396732789,0.307584597432906,0.416326530612245,0.224489795918367,0.114285714285714,0.244897959183673,0.39508965780011,0.064308337103803,0.268094682447075,0.062686638249232,2.97631271878646,0.82508734956508,-0.182872734133997,1.99407663550712,2.18775510204082,1.2144760612257,0.457621563412674,1.61809047757584,0.4858,8570,245,"c(0.515, 0.084, 0.027, 0.01, 0.402, 0.559, 0.157, 0.02, 0.084, 0.296, 0.649, 0.15, 0, 0.061, 0.167, 0.82)","ry17",54.8823244247392,0.282747498660067
"orthog_B_2_large_classes_142",0.0291445874337623,0.327024981074943,0.343552863991925,0.300277567499369,0.26441393875396,0.210982048574446,0.114044350580781,0.410559662090813,0.235269351320198,0.116042932500498,0.229508513411144,0.110282094591444,2.9149634115569,0.858282981851161,-0.112870273394247,1.91158830539191,2.67074973600845,1.25331230319605,-0.166857184559083,1.37234007156405,0.3656,7926,4735,"c(0.567, 0.099, 0.027, 0.02, 0.309, 0.651, 0.198, 0.035, 0.037, 0.203, 0.635, 0.194, 0.086, 0.047, 0.14, 0.751)","ry30",220.522713899278,0.25284825448896
"orthog_B_2_large_classes_143",0.201073143179893,0.305845806269415,0.229031347077097,0.264049703473595,0.380859375,0.30859375,0.12890625,0.181640625,0.179786231820107,0.00274794373058457,0.100125097077097,0.082409078473595,2.55605761084439,1.08494388683166,0.00376726445406227,1.70675470560828,2.111328125,1.10631558498648,0.584182885963463,1.98435674135994,0.2217,3541,1536,"c(0.502, 0.077, 0.017, 0.009, 0.333, 0.635, 0.134, 0.013, 0.129, 0.226, 0.63, 0.153, 0.035, 0.063, 0.219, 0.825)","ry7",55.19885447799,0.237649906906977
"orthog_B_2_large_classes_144",0.393462469733656,0.3272800645682,0.216303470540759,0.062953995157385,0.118756936736959,0.290788013318535,0.211986681465039,0.378468368479467,0.274705532996697,0.0364920512496651,0.00431678907571983,0.315514373322082,1.94874899112187,0.926798389614985,0.576167601123551,2.30076777472582,2.85016648168701,1.05916667504968,-0.298555445476152,1.75218102453551,0.42,2478,901,"c(0.567, 0.133, 0.046, 0.121, 0.3, 0.495, 0.231, 0.105, 0.095, 0.322, 0.602, 0.258, 0.039, 0.05, 0.121, 0.516)","cop2",55.9109425663429,0.248465596839551
"orthog_B_2_large_classes_145",0.288008565310493,0.15203426124197,0.13169164882227,0.428265524625268,0.58254200146092,0.178232286340394,0.237764791818846,0.0014609203798393,0.294533436150428,0.0261980250984244,0.106073142996576,0.426804604245428,2.70021413276231,1.28158592412439,-0.248809817301638,1.3591900058454,1.6581446311176,0.842190822536914,0.727006804573704,1.84168179827718,0.53,934,2738,"c(0.467, 0.058, 0.021, 0.014, 0.199, 0.572, 0.026, 0, 0.151, 0.208, 0.628, 0.039, 0.184, 0.163, 0.325, 0.946)","sun11",115.672925496257,0.175433783392443
"orthog_B_2_large_classes_146",0.0578993308117544,0.249345359324993,0.31684608670352,0.375909223159732,0.33890553540451,0.168743100457341,0.327550859485886,0.164800504652263,0.281006204592756,0.0806022588676516,0.010704772782365,0.211108718507469,3.01076520221123,0.925600354447368,-0.459398566190458,2.13452654585916,2.3182463333859,1.10651601198802,0.0781344264975305,1.61044439566754,0.3608,3437,6341,"c(0.455, 0.052, 0.027, 0.03, 0.376, 0.673, 0.221, 0.043, 0.093, 0.2, 0.588, 0.144, 0.076, 0.076, 0.164, 0.783)","ry12",196.942122707913,0.220517881375454
"orthog_B_2_large_classes_147",0.202432667245873,0.232841007819288,0.159860990443093,0.404865334491746,0.393162393162393,0.0299145299145299,0.388888888888889,0.188034188034188,0.19072972591652,0.202926477904758,0.229027898445796,0.216831146457558,2.76715899218071,1.18034828604621,-0.280705030011444,1.54067609685755,2.37179487179487,1.18150607594505,-0.0657371050894175,1.42400093197036,0.4207,1151,234,"c(0.513, 0.082, 0.024, 0.013, 0.411, 0.557, 0.158, 0.011, 0.073, 0.305, 0.646, 0.157, 0.003, 0.056, 0.172, 0.819)","ry17",15.5982826507091,0.244603712765102
"orthog_B_2_large_classes_148",0.0632183908045977,0.341594827586207,0.33117816091954,0.264008620689655,0.283783783783784,0.304054054054054,0.347972972972973,0.0641891891891892,0.220565392979186,0.0375407735321528,0.0167948120534328,0.199819431500466,2.79597701149425,0.903798446367019,-0.101414581783854,2.02361864216979,2.19256756756757,0.92273032107687,0.100157306162978,1.9413596241464,0.3004,2784,296,"c(0.611, 0.11, 0.054, 0.063, 0.209, 0.581, 0.142, 0.05, 0.096, 0.235, 0.599, 0.106, 0.084, 0.074, 0.205, 0.781)","phq7",17.1224402889444,0.251466387992799
"orthog_B_2_large_classes_149",0.0459518599562363,0.227571115973742,0.391684901531729,0.334792122538293,0.202205882352941,0.227941176470588,0.305147058823529,0.264705882352941,0.156254022396705,0.00037006049684643,0.0865378427081993,0.070086240185352,3.01531728665208,0.863675899320224,-0.457393853088778,2.36259644092926,2.63235294117647,1.07995658633748,-0.194371361310838,1.7671346292309,0.1919,457,272,"c(0.467, 0.057, 0.022, 0.04, 0.361, 0.66, 0.218, 0.05, 0.088, 0.197, 0.601, 0.145, 0.083, 0.085, 0.158, 0.766)","ry12",5.6790378674746,0.250229580172329
"orthog_B_2_large_classes_150",0.278969957081545,0.333690987124464,0.257510729613734,0.129828326180257,0.253561253561254,0.0275403608736942,0.127255460588794,0.591642924976258,0.0254087035202915,0.306150626250769,0.13025526902494,0.461814598796001,2.2381974248927,0.999527877645638,0.290145608037587,1.99812237707276,3.05698005698006,1.27678564105394,-0.83753354674521,1.8971703734774,0.5697,932,2106,"c(0.35, 0.085, 0.02, 0.017, 0.31, 0.471, 0.05, 0.015, 0.11, 0.233, 0.584, 0.042, 0.23, 0.21, 0.346, 0.926)","sun12",123.965344730854,0.253513398436238
"orthog_B_2_large_classes_151",0.172192513368984,0.0727272727272727,0.572192513368984,0.182887700534759,0.27544704264099,0.24312242090784,0.312242090784044,0.169188445667125,0.103254529272006,0.170395148180568,0.25995042258494,0.0136992548676342,2.76577540106952,0.943145727867026,-0.75032392887384,2.68576689716,2.3751719394773,1.06004194818996,0.0610884842722579,1.75556511504542,0.3278,935,5816,"c(0.545, 0.14, 0.059, 0.094, 0.198, 0.471, 0.219, 0.081, 0.157, 0.303, 0.577, 0.183, 0.1, 0.085, 0.145, 0.642)","ph4",14.0174015906687,0.242497600315062
"orthog_B_2_large_classes_152",0.161616161616162,0.313131313131313,0.222222222222222,0.303030303030303,0.216200798630918,0.417760030424035,0.363567218102301,0.00247195284274577,0.0545846370147568,0.104628717292722,0.141344995880079,0.300558350187557,2.66666666666667,1.07308673997732,-0.0926441460645247,1.71144967682364,2.15231032515687,0.75263363793735,-0.223353168376655,1.86350256087155,0.3525,99,5259,"c(0.545, 0.14, 0.054, 0.088, 0.206, 0.467, 0.212, 0.074, 0.153, 0.298, 0.58, 0.189, 0.096, 0.095, 0.154, 0.649)","ph4",5.97983474321924,0.287338663526921
"orthog_B_2_large_classes_153",0.271428571428571,0.342857142857143,0.264285714285714,0.121428571428571,0.295375722543353,0.41271676300578,0.161849710982659,0.130057803468208,0.0239471511147812,0.0698596201486375,0.102436003303055,0.00862923203963666,2.23571428571429,0.982785504033701,0.282523728307213,2.03734385817738,2.12658959537572,0.980526247349583,0.572590319543016,2.34989431884242,0.1266,280,1730,"c(0.567, 0.113, 0.059, 0.126, 0.297, 0.502, 0.23, 0.097, 0.097, 0.334, 0.592, 0.264, 0.039, 0.052, 0.119, 0.513)","cop2",1.64877766102062,0.339500573367163
"orthog_B_2_large_classes_154",0.00501882057716437,0.385821831869511,0.333437892095358,0.275721455457967,0.282082965578111,0.231244483671668,0.278022947925861,0.20864960282436,0.277064145000947,0.154577348197843,0.055414944169497,0.0670718526336073,2.87986198243413,0.81681419329703,0.168718677667384,1.63555141953278,2.41323918799647,1.10631717798533,0.0570374228668752,1.6606084247388,0.329,6376,5665,"c(0.495, 0.093, 0.016, 0.005, 0.186, 0.52, 0.129, 0.032, 0.265, 0.287, 0.645, 0.183, 0.054, 0.1, 0.21, 0.78)","tru2",190.966791400521,0.219362105469166
"orthog_B_2_large_classes_155",0.501197891710589,0.224724484906564,0.159559175850503,0.114518447532343,0,0.0769230769230769,0.615384615384615,0.307692307692308,0.501197891710589,0.147801407983488,0.455825439534112,0.193173860159965,1.8873981792046,1.05173746136763,0.816242062866332,2.31817092093624,3.23076923076923,0.575639597965222,-0.0572702661240913,2.60459183673469,0.7198,2087,13,"c(0.573, 0.085, 0.011, 0.011, 0.274, 0.59, 0.154, 0.032, 0.052, 0.268, 0.549, 0.187, 0.101, 0.057, 0.286, 0.769)","ry3",5.10950908181601,0.0791295396704453
"orthog_B_2_large_classes_156",0.20598469032707,0.238691718858733,0.224077940153097,0.3312456506611,0.0265615272878191,0.158331604067234,0.0807221415231376,0.734384727121809,0.179423163039251,0.0803601147914996,0.143355798629959,0.40313907646071,2.68058455114823,1.13659575129548,-0.193980952974911,1.61818979201525,3.52293006847894,0.851766742612632,-1.48488813870628,3.74635658495201,0.4709,1437,4819,"c(0.444, 0.047, 0.022, 0.013, 0.322, 0.61, 0.189, 0.072, 0.143, 0.271, 0.601, 0.215, 0.091, 0.072, 0.188, 0.701)","ry26",136.417389478129,0.236479872475541
"orthog_B_2_large_classes_157",0.0685087919616351,0.468828499657456,0.193879881251427,0.268782827129482,0.157580283793876,0.250186706497386,0.307692307692308,0.28454070201643,0.089071491832241,0.21864179316007,0.11381242644088,0.0157578748869486,2.66293674354876,0.947647010117143,0.232969787667095,1.83019161129303,2.71919342793129,1.04220737512855,-0.255390694364234,1.87414712807168,0.2626,4379,1339,"c(0.699, 0.142, 0.07, 0.072, 0.153, 0.457, 0.123, 0.044, 0.104, 0.311, 0.65, 0.089, 0.044, 0.09, 0.158, 0.795)","phq3",11.2164961679696,0.219667878985702
"orthog_B_2_large_classes_158",0.0249324121357765,0.133373385401021,0.42565334935416,0.416040853109042,0.46031746031746,0.0634920634920635,0.126984126984127,0.349206349206349,0.435385048181684,0.0698813219089578,0.298669222370033,0.0668345039026926,3.23280264343647,0.771327956359785,-0.751634981082943,3.03175930373156,2.36507936507936,1.36045729125182,0.152718260805664,1.20128995564353,0.5368,3329,63,"c(0.452, 0.048, 0.018, 0.028, 0.328, 0.61, 0.188, 0.069, 0.136, 0.271, 0.6, 0.203, 0.084, 0.07, 0.193, 0.7)","ry26",10.4485851815383,0.272889710032387
"orthog_B_2_large_classes_159",0.212150747238467,0.446068875893437,0.0134286333116742,0.328351743556422,0.272892112420671,0.28467815049864,0.309156844968268,0.133272892112421,0.0607413651822044,0.161390725394797,0.295728211656594,0.195078851444001,2.45798137318605,1.15292645758108,0.33000059871121,1.6050511626024,2.30281051677244,1.0116552361208,0.139998550156574,1.87826285342252,0.394,9234,1103,"c(0.551, 0.07, 0.017, 0.013, 0.294, 0.606, 0.141, 0.062, 0.113, 0.278, 0.684, 0.214, 0.042, 0.047, 0.158, 0.711)","tru1",34.6791443793996,0.267637343328441
"orthog_B_2_large_classes_160",0.4480494399382,0.453456933178834,0.0938586326767092,0.00463499420625724,0.020746887966805,0.417704011065007,0.215767634854772,0.345781466113416,0.427302551971395,0.0357529221138266,0.121909002178063,0.341146471907159,1.65507918115102,0.664437866293373,0.616187456153038,2.75088187808096,2.8865836791148,0.913022325686787,0.0620100450595626,1.51437023148806,0.5613,2589,723,"c(0.61, 0.084, 0.026, 0.041, 0.309, 0.634, 0.212, 0.076, 0.051, 0.23, 0.608, 0.255, 0.03, 0.052, 0.154, 0.629)","for1",177.098207100932,0.22344329300251
"orthog_B_2_large_classes_161",0.00333333333333333,0.296666666666667,0.506666666666667,0.193333333333333,0.317584946527684,0.0974685257885474,0.291187220793286,0.293759306890483,0.31425161319435,0.199198140878119,0.215479445873381,0.10042597355715,2.89,0.700880398736713,0.09711997238401,2.16416931312597,2.56112088804657,1.21200360720616,-0.182981636574578,1.46718682919656,0.4415,300,7387,"c(0.452, 0.055, 0.021, 0.021, 0.322, 0.615, 0.184, 0.07, 0.137, 0.262, 0.596, 0.204, 0.088, 0.067, 0.199, 0.706)","ry26",24.1406633620475,0.171790257634775
"orthog_B_2_large_classes_162",0.0224263135412217,0.113840239214011,0.422255446390431,0.441478000854336,0.125315391084945,0.431034482758621,0.120689655172414,0.32296047098402,0.102889077543724,0.31719424354461,0.301565791218018,0.118517529870316,3.28278513455788,0.751702109818986,-0.832846423181434,3.2471408888809,2.64129520605551,1.06140821029596,0.123681055209913,1.6427244614526,0.465,4682,2378,"c(0.774, 0.088, 0.022, 0.013, 0.188, 0.694, 0.145, 0.029, 0.028, 0.16, 0.688, 0.116, 0.01, 0.057, 0.145, 0.842)","ry19",351.324606612296,0.247174725110127
"orthog_B_2_large_classes_163",0.230902477048328,0.365321323402044,0.342629482071713,0.0611467174779144,0.5,0.108235294117647,0.349411764705882,0.0423529411764706,0.269097522951672,0.257086029284397,0.00678228263416925,0.0187937763014438,2.23402043997921,0.873700900024508,0.0782131727896916,2.1438137447064,1.93411764705882,1.00721549083734,0.380729779621619,1.55769392440155,0.3727,5773,1700,"c(0.631, 0.049, 0.02, 0.023, 0.287, 0.735, 0.181, 0.04, 0.055, 0.176, 0.659, 0.167, 0.027, 0.041, 0.14, 0.77)","ry31",84.6153277161737,0.23597268631281
"orthog_B_2_large_classes_164",0.122418879056047,0.412241887905605,0.428466076696165,0.0368731563421829,0.312395907684987,0.0504401617891982,0.458244111349036,0.178919819176778,0.18997702862894,0.361801726116407,0.0297780346528712,0.142046662834596,2.37979351032448,0.744402089355175,-0.206352513912855,2.50689996424427,2.50368784201761,1.11023324285701,-0.301896582070442,1.66194612542095,0.4337,1356,4203,"c(0.667, 0.092, 0.029, 0.035, 0.144, 0.514, 0.126, 0.033, 0.103, 0.221, 0.653, 0.078, 0.085, 0.173, 0.192, 0.854)","phq4",66.7559512761504,0.231750992618307
"orthog_B_2_large_classes_165",0.295454545454545,0.439393939393939,0.121212121212121,0.143939393939394,0.29312762973352,0.246844319775596,0.26507713884993,0.194950911640954,0.00232691572102511,0.192549619618343,0.143865017637809,0.0510115177015598,2.11363636363636,0.989702490288747,0.662125939369203,2.45129420395745,2.36185133239832,1.09866829770811,0.131080629798312,1.68862604659449,0.2457,132,713,"c(0.603, 0.067, 0.01, 0.017, 0.263, 0.717, 0.23, 0.039, 0.067, 0.17, 0.597, 0.229, 0.067, 0.047, 0.162, 0.715)","ry20",3.80168176322556,0.268710767739186
"orthog_B_2_large_classes_166",0.609336609336609,0.0631800631800632,0.206388206388206,0.121095121095121,0.474820143884892,0.251798561151079,0.0287769784172662,0.244604316546763,0.134516465451717,0.188618497971016,0.17761122797094,0.123509195451642,1.83924183924184,1.12883219029887,0.823476109726905,2.04260795158305,2.0431654676259,1.21661461888876,0.732483395839377,1.90472782928842,0.317,2849,139,"c(0.549, 0.138, 0.042, 0.089, 0.2, 0.467, 0.233, 0.08, 0.163, 0.301, 0.585, 0.181, 0.087, 0.094, 0.14, 0.65)","ph4",2.56687648340737,0.277999206117747
"orthog_B_2_large_classes_167",0.131059245960503,0.281268701376421,0.289646918013166,0.29802513464991,0.133737373737374,0.18989898989899,0.427070707070707,0.249292929292929,0.00267812777687104,0.0913697114774314,0.137423789057541,0.0487322053569809,2.75463794135248,1.02143442278229,-0.233619776641988,1.88455640209141,2.79191919191919,0.964802462398315,-0.468135669815133,2.29132766870861,0.1721,1671,2475,"c(0.475, 0.058, 0.016, 0.002, 0.184, 0.571, 0.008, 0.001, 0.146, 0.209, 0.638, 0.034, 0.195, 0.162, 0.338, 0.963)","sun11",13.4184734824541,0.192434635608475
"orthog_B_2_large_classes_168",0.442603550295858,0.259171597633136,0.262721893491124,0.0355029585798817,0.092255125284738,0.404328018223235,0.495444191343964,0.00797266514806378,0.35034842501112,0.145156420590099,0.232722297852839,0.0275302934318179,1.89112426035503,0.914047783993413,0.495401646378697,1.97493837273952,2.41913439635535,0.666270466862212,-0.557335825590463,2.50103700723335,0.4458,845,878,"c(0.614, 0.061, 0.016, 0, 0.259, 0.727, 0.24, 0.042, 0.067, 0.169, 0.575, 0.233, 0.061, 0.043, 0.169, 0.725)","ry20",61.7646634023842,0.232809967913362
"orthog_B_2_large_classes_169",0.0224215246636771,0.282511210762332,0.484304932735426,0.210762331838565,0.232602313935417,0.399067518563288,0.0467967535831463,0.321533413918149,0.21018078927174,0.116556307800956,0.43750817915228,0.110771082079584,2.88340807174888,0.754563425778304,-0.117279028048306,2.41193778641042,2.45726126748403,1.16466512631316,0.27225205124716,1.57169994866858,0.5113,669,5791,"c(0.598, 0.07, 0.002, 0.012, 0.256, 0.724, 0.23, 0.04, 0.077, 0.171, 0.591, 0.229, 0.068, 0.035, 0.177, 0.719)","ry20",70.3526744770882,0.176109590877041
"orthog_B_2_large_classes_170",0.311342592592593,0.240740740740741,0.244212962962963,0.203703703703704,0.390792291220557,0.0717344753747323,0.255888650963597,0.281584582441114,0.0794496986279641,0.169006265366008,0.0116756880006345,0.0778808787374098,2.34027777777778,1.12008098114422,0.172484641802596,1.65180570546369,2.42826552462527,1.260796538846,-0.00154604606667392,1.33541176273481,0.2027,864,934,"c(0.378, 0.061, 0.015, 0.033, 0.284, 0.592, 0.159, 0.031, 0.188, 0.261, 0.623, 0.183, 0.151, 0.086, 0.203, 0.753)","ry29",6.46456457954594,0.229040842772053
"orthog_B_2_large_classes_171",0.204986149584488,0.192520775623269,0.326869806094183,0.275623268698061,0.310220177456457,0.385803483404535,0.274400262898455,0.0295760762405521,0.10523402787197,0.193282707781266,0.0524695431957273,0.246047192457509,2.67313019390582,1.08685085109376,-0.283153508918719,1.79451387841524,2.0233322379231,0.838081351654254,0.257557452025659,2.1109118749394,0.3343,722,3043,"c(0.661, 0.123, 0.063, 0.034, 0.162, 0.526, 0.096, 0.035, 0.103, 0.28, 0.638, 0.096, 0.074, 0.07, 0.203, 0.836)","ph1",63.0744277170814,0.250965872054977
"orthog_B_2_large_classes_172",0.111414634146341,0.441560975609756,0.41580487804878,0.031219512195122,0.240909090909091,0.206060606060606,0.36969696969697,0.183333333333333,0.129494456762749,0.23550036954915,0.0461079083518108,0.152113821138211,2.36682926829268,0.719398254723672,-0.173926951262105,2.56044602271309,2.49545454545455,1.04807642246538,-0.138007483870086,1.80726383224308,0.3122,5125,660,"c(0.639, 0.077, 0.003, 0.003, 0.154, 0.507, 0.096, 0.011, 0.125, 0.319, 0.589, 0.076, 0.082, 0.096, 0.312, 0.911)","ry2",28.6538766013597,0.20921278597361
"orthog_B_2_large_classes_173",0.0754716981132075,0.30188679245283,0.440251572327044,0.182389937106918,0.295342272406493,0.26499647141849,0.0691601976005646,0.370501058574453,0.219870574293285,0.0368903210343404,0.371091374726479,0.188111121467535,2.72955974842767,0.844408427446147,-0.207609516903657,2.43577403370742,2.51482004234298,1.25756392613133,0.0798804393774172,1.35152484745009,0.472,159,2834,"c(0.419, 0.045, 0, 0.019, 0.363, 0.542, 0.115, 0.033, 0.114, 0.295, 0.605, 0.112, 0.103, 0.118, 0.28, 0.836)","ry15",10.4540953971339,0.139836769204567
"orthog_B_2_large_classes_174",0.150375939849624,0.0864661654135338,0.417293233082707,0.345864661654135,0.120603015075377,0.532663316582915,0.0150753768844221,0.331658291457286,0.0297729247742472,0.446197151169381,0.402217856198285,0.0142063701968489,2.95864661654135,1.01593527556764,-0.777717734454099,2.52783940608776,2.55778894472362,1.07293198802769,0.362584572258072,1.65799125061266,0.6016,266,199,"c(0.635, 0.049, 0.02, 0.022, 0.282, 0.736, 0.179, 0.043, 0.059, 0.179, 0.658, 0.167, 0.023, 0.036, 0.144, 0.768)","ry31",16.2720849185175,0.263063339733423
"orthog_B_2_large_classes_175",0.25880469583778,0.420490928495197,0.0213447171824973,0.299359658484525,0.145003265839321,0.240365774003919,0.164598301763553,0.450032658393207,0.113801429998459,0.180125154491278,0.143253584581056,0.150672999908682,2.36125933831377,1.16063764260835,0.415955494108405,1.68535384563869,2.91966035271065,1.12425843862869,-0.454044041924142,1.72392354178706,0.2977,3748,1531,"c(0.649, 0.085, 0.016, 0.011, 0.273, 0.704, 0.187, 0.041, 0.03, 0.156, 0.663, 0.153, 0.047, 0.056, 0.133, 0.795)","sun1",122.583372708514,0.240109457231303
"orthog_B_2_large_classes_176",0.33209549071618,0.0488063660477454,0.227586206896552,0.391511936339523,0.381487776179893,0.313112825205909,0.187214014903909,0.118185383710289,0.0493922854637124,0.264306459158164,0.0403721919926427,0.273326552629234,2.67851458885942,1.29048339612556,-0.313934319554328,1.38562169162253,2.04209700614459,1.01964266681942,0.584697311527037,2.16875055161477,0.3855,1885,7649,"c(0.653, 0.083, 0, 0.004, 0.139, 0.51, 0.104, 0.012, 0.123, 0.304, 0.591, 0.077, 0.084, 0.103, 0.305, 0.907)","ry2",203.903858874008,0.214705509223286
"orthog_B_2_large_classes_177",0.0842985842985843,0.153153153153153,0.323037323037323,0.43951093951094,0.140113605626183,0.236407898295916,0.279956721666216,0.343521774411685,0.0558150213275991,0.0832547451427625,0.0430806013711072,0.0959891650992544,3.11776061776062,0.957074117695734,-0.813608262709396,2.62325358120668,2.8268866648634,1.05376271921634,-0.369129310646829,1.88325631106112,0.1453,1554,3697,"c(0.639, 0.127, 0.044, 0.046, 0.195, 0.471, 0.148, 0.032, 0.086, 0.309, 0.602, 0.099, 0.081, 0.093, 0.206, 0.824)","ph3",19.1490340080631,0.253100637846012
"orthog_B_2_large_classes_178",0.284974093264249,0.136599152143194,0.274140367404616,0.304286387187942,0.193561052218296,0.109148017275226,0.0753828032979976,0.621908127208481,0.0914130410459527,0.0274511348679678,0.198757564106618,0.317621740020539,2.59773904851625,1.1912044489925,-0.197971697890461,1.51887227771207,3.12563800549666,1.22045706394437,-0.879663264582608,2.02390928880475,0.3866,2123,2547,"c(0.8, 0.209, 0.073, 0.025, 0.133, 0.631, 0.221, 0.026, 0.032, 0.107, 0.516, 0.11, 0.034, 0.053, 0.19, 0.838)","ry25",152.18652211401,0.23767373657092
"orthog_B_2_large_classes_179",0.293918918918919,0.368243243243243,0.317567567567568,0.0202702702702703,0.5,0.333333333333333,0,0.166666666666667,0.206081081081081,0.0349099099099099,0.317567567567568,0.146396396396396,2.06418918918919,0.829727253715823,0.0927372738976227,1.90981006542045,1.83333333333333,1.06718737290547,1.15797130766186,3.01784651992861,0.4074,592,12,"c(0.616, 0.072, 0.027, 0.045, 0.302, 0.634, 0.212, 0.082, 0.054, 0.231, 0.613, 0.253, 0.028, 0.063, 0.148, 0.62)","for1",2.09908719375879,0.374524117002044
"orthog_B_2_large_classes_180",0.165321030372933,0.242214532871972,0.387927720107651,0.204536716647443,0.0117677824267782,0.267782426778243,0.627092050209205,0.0933577405857741,0.153553247946155,0.0255678939062703,0.239164330101554,0.111178976061669,2.6316801230296,0.986091192151954,-0.245965063497712,2.04602612099102,2.80203974895397,0.607472662822719,-0.185811159890196,3.14395679451285,0.3063,2601,3824,"c(0.671, 0.1, 0.031, 0.038, 0.143, 0.505, 0.115, 0.03, 0.109, 0.224, 0.665, 0.078, 0.076, 0.171, 0.189, 0.855)","phq4",90.4728896063568,0.252419376954817
"orthog_B_2_large_classes_181",0.0269383930662919,0.440149918013586,0.272897634106348,0.260014054813774,0.0977049180327869,0.445245901639344,0.332459016393443,0.124590163934426,0.070766524966495,0.00509598362575792,0.0595613822870945,0.135423890879347,2.7659873506676,0.86784539236258,0.223241661322049,1.79340736017657,2.48393442622951,0.833265900702682,0.190312854143452,2.44759012370504,0.1641,4269,1525,"c(0.564, 0.116, 0.045, 0.133, 0.302, 0.502, 0.232, 0.096, 0.097, 0.331, 0.606, 0.258, 0.037, 0.052, 0.117, 0.513)","cop2",11.5062134455856,0.236402206604791
"orthog_B_2_large_classes_182",0.216374269005848,0.403508771929825,0.175438596491228,0.204678362573099,0.33587786259542,0.465648854961832,0.145038167938931,0.0534351145038168,0.119503593589572,0.0621400830320075,0.0304004285522968,0.151243248069283,2.36842105263158,1.03672187387327,0.321787972781609,1.94301555248521,1.91603053435115,0.829219884824444,0.719859705573201,3.05540255673657,0.2048,171,131,"c(0.326, 0.097, 0.04, 0.099, 0.218, 0.353, 0.168, 0.077, 0.256, 0.421, 0.677, 0.286, 0.2, 0.129, 0.115, 0.538)","cop1",1.6980969713582,0.308476671711231
"orthog_B_2_large_classes_183",0.227568270481144,0.241872561768531,0.0676202860858258,0.462938881664499,0.340706247574699,0.144353899883586,0.166084594489717,0.348855258051998,0.113137977093555,0.097518661884945,0.098464308403891,0.114083623612501,2.76592977893368,1.24911795158326,-0.251924493326342,1.384365015206,2.52308886301901,1.27616218234905,-0.0397431299146284,1.32440518076618,0.2122,769,2577,"c(0.818, 0.078, 0.033, 0.02, 0.071, 0.625, 0.065, 0.024, 0.064, 0.215, 0.732, 0.075, 0.047, 0.081, 0.169, 0.882)","cyb1",26.3714973575804,0.2328206036281
"orthog_B_2_large_classes_184",0.34,0.121176470588235,0.382352941176471,0.156470588235294,0.264998492613808,0.289116671691287,0.400813988543865,0.0450708471510401,0.0750015073861924,0.167940201103052,0.0184610473673944,0.111399741084254,2.35529411764706,1.10544171446669,-0.0394138340665645,1.58044988990025,2.22595719023214,0.891649717066198,-0.0763000358444378,1.88213548931976,0.2158,850,6634,"c(0.702, 0.137, 0.069, 0.074, 0.153, 0.464, 0.135, 0.044, 0.106, 0.312, 0.647, 0.094, 0.039, 0.087, 0.149, 0.788)","phq3",17.3239815030507,0.255864572858913
"orthog_B_2_large_classes_185",0.109375,0.671875,0.109375,0.109375,0.132149901380671,0.320512820512821,0.00887573964497041,0.538461538461538,0.0227749013806706,0.351362179487179,0.10049926035503,0.429086538461538,2.21875,0.779998998396793,0.980446375678808,3.74085162407344,2.95364891518738,1.17704101093961,-0.396456686445486,1.47735699641923,0.5641,64,1014,"c(0.571, 0.07, 0.007, 0.016, 0.273, 0.595, 0.153, 0.035, 0.058, 0.263, 0.555, 0.184, 0.099, 0.072, 0.284, 0.764)","ry3",11.760541166306,0.260960609085732
"orthog_B_2_large_classes_186",0.15439672801636,0.238241308793456,0.316973415132924,0.29038854805726,0.0806369642554633,0.292563103506692,0.480094867016771,0.146705065221074,0.0737597637608966,0.0543217947132355,0.163121451883847,0.143683482836186,2.74335378323108,1.03939861859364,-0.297724704941163,1.90589414143496,2.69286803320346,0.816998152214132,-0.269491568110191,2.60860005817806,0.2359,978,5903,"c(0.566, 0.088, 0.032, 0.021, 0.319, 0.653, 0.184, 0.044, 0.04, 0.202, 0.649, 0.197, 0.075, 0.057, 0.134, 0.738)","ry30",21.5728560135281,0.256446636999806
"orthog_B_2_large_classes_187",0.192885617908617,0.2983747316774,0.177246243483594,0.331493406930389,0.301381124630056,0.342814863531733,0.00838539953962512,0.347418612298586,0.108495506721439,0.0444401318543334,0.168860843943969,0.0159252053681965,2.64734743943576,1.13006494581937,-0.0797200065509246,1.58529367765011,2.40184149950674,1.24014691977935,0.297494313299419,1.45445829929355,0.2062,3261,6082,"c(0.466, 0.077, 0.034, 0.033, 0.275, 0.47, 0.131, 0.047, 0.189, 0.361, 0.701, 0.218, 0.07, 0.092, 0.134, 0.702)","cop3",25.7166942937924,0.210527025878128
"orthog_B_2_large_classes_188",0.0141073080481036,0.495837187789084,0.287234042553192,0.202821461609621,0.0846339854913168,0.441195867223566,0.0637502747856672,0.41041987249945,0.0705266774432132,0.0546413205655186,0.223483767767524,0.20759841088983,2.67876965772433,0.807402593996684,0.485427695567681,1.97287137419316,2.79995603429325,1.0724430490579,-0.00779149566689701,1.45169508300977,0.3178,4324,4549,"c(0.78, 0.085, 0.024, 0.008, 0.187, 0.701, 0.147, 0.02, 0.027, 0.162, 0.686, 0.131, 0.006, 0.051, 0.143, 0.841)","ry19",168.62672950154,0.265375555200209
"orthog_B_2_large_classes_189",0.306348530038347,0.285896889646357,0.158074137196421,0.249680443118875,0.0216450216450216,0.510822510822511,0.207792207792208,0.25974025974026,0.284703508393325,0.224925621176154,0.0497180705957868,0.0100598166213846,2.35108649339582,1.15753302927618,0.254455199894379,1.61475937709926,2.70562770562771,0.877774349960654,0.416518114494429,1.7526605340579,0.3664,2347,231,"c(0.511, 0.08, 0.016, 0.013, 0.406, 0.559, 0.161, 0.024, 0.075, 0.299, 0.654, 0.143, 0.008, 0.062, 0.169, 0.821)","ry17",12.6988865403613,0.166351642896456
"orthog_B_2_large_classes_190",0.387649402390438,0.0239043824701195,0.427888446215139,0.160557768924303,0.328609388839681,0.348981399468556,0.240035429583702,0.0823737821080602,0.0590400135507571,0.325077016998437,0.187853016631437,0.0781839868162426,2.36135458167331,1.15203810293171,-0.105458819877421,1.45373908020066,2.07617360496014,0.944636188573676,0.43426468431745,2.19020953431785,0.388,2510,1129,"c(0.466, 0.083, 0.033, 0.041, 0.276, 0.466, 0.126, 0.048, 0.201, 0.355, 0.695, 0.21, 0.057, 0.095, 0.145, 0.701)","cop3",18.1497143934632,0.250465193391746
"orthog_B_2_large_classes_191",0.017636684303351,0.162257495590829,0.428571428571429,0.391534391534392,0.172624113475177,0.261560283687943,0.270780141843972,0.295035460992908,0.154987429171826,0.0993027880971143,0.157791286727457,0.0964989305414837,3.19400352733686,0.765964265301901,-0.579860314029938,2.62707750600203,2.68822695035461,1.0723291304895,-0.196015326520753,1.76750720193112,0.2609,567,7050,"c(0.511, 0.073, 0.036, 0.076, 0.356, 0.6, 0.263, 0.088, 0.093, 0.252, 0.488, 0.29, 0.04, 0.074, 0.213, 0.546)","ry11",19.0969356292381,0.252480897276721
"orthog_B_2_large_classes_192",0.0886524822695035,0.1725768321513,0.107565011820331,0.631205673758865,0.199074074074074,0.212962962962963,0.25462962962963,0.333333333333333,0.110421591804571,0.0403861308116627,0.147064617809299,0.297872340425532,3.28132387706856,1.03886924643061,-1.05575527139902,2.60606762621829,2.72222222222222,1.12491426285092,-0.278371109494781,1.68572873289709,0.3524,846,432,"c(0.33, 0.1, 0.035, 0.105, 0.222, 0.355, 0.164, 0.079, 0.253, 0.407, 0.671, 0.289, 0.195, 0.139, 0.13, 0.527)","cop1",5.71693027639536,0.224287628475761
"orthog_B_2_large_classes_193",0.197427101200686,0.48696397941681,0.254545454545455,0.0610634648370497,0.183462532299742,0.25968992248062,0.341085271317829,0.215762273901809,0.0139645689009445,0.227274056936189,0.0865398167723749,0.154698809064759,2.17924528301887,0.814921802144123,0.337698199368611,2.65041656219639,2.58914728682171,1.02005018193,-0.150557417816218,1.90822238041541,0.2886,5830,774,"c(0.548, 0.143, 0.052, 0.089, 0.201, 0.47, 0.216, 0.078, 0.165, 0.299, 0.581, 0.183, 0.087, 0.088, 0.15, 0.65)","ph4",16.7726837457757,0.264858281331155
"orthog_B_2_large_classes_194",0.309352517985612,0.123962368566685,0.500830105146652,0.0658550083010515,0.259199054233782,0.129747303088518,0.234816018915324,0.376237623762376,0.0501534637518299,0.00578493452183269,0.266014086231328,0.310382615461325,2.32318760376314,0.984455397217318,-0.267369147706177,1.67723739539179,2.7280922122063,1.2119601060774,-0.342001587458151,1.5452705866295,0.4119,1807,6767,"c(0.499, 0.083, 0.019, 0.021, 0.403, 0.554, 0.165, 0.021, 0.097, 0.296, 0.645, 0.15, 0, 0.066, 0.171, 0.809)","ry17",160.438718248405,0.259090840789728
"orthog_B_2_large_classes_195",0.332412523020258,0.209944751381215,0.226519337016575,0.231123388581952,0.118895116092874,0.180944755804644,0.349879903923139,0.350280224179343,0.213517406927384,0.0289999955765717,0.123360566906564,0.119156835597391,2.35635359116022,1.16466198204967,0.156810072979059,1.55123874481709,2.93154523618895,1.00105913395117,-0.573879760639814,2.23821258059421,0.2754,1086,2498,"c(0.325, 0.097, 0.037, 0.107, 0.224, 0.359, 0.172, 0.08, 0.244, 0.415, 0.671, 0.294, 0.206, 0.129, 0.12, 0.519)","cop1",8.32151133299153,0.21564679281193
"orthog_B_2_large_classes_196",0.0125395523262627,0.401500058596039,0.384741591468417,0.201218797609282,0,0.142857142857143,0.571428571428571,0.285714285714286,0.0125395523262627,0.258642915738896,0.186686979960155,0.0844954881050041,2.77463963436072,0.775944438158622,0.252380677039478,1.99604263442441,3.14285714285714,0.63887656499994,-0.134164078649987,2.39,0.3302,8533,7,"c(0.455, 0.063, 0.028, 0.035, 0.381, 0.659, 0.219, 0.058, 0.086, 0.198, 0.597, 0.148, 0.078, 0.079, 0.156, 0.759)","ry12",1.89302203501339,0.528729695495735
"orthog_B_2_large_classes_197",0.0437121721587088,0.120376597175521,0.431069266980498,0.404841963685272,0.348862802641233,0.367204695524578,0.278063096111519,0.00586940572267058,0.305150630482524,0.246828098349057,0.153006170868979,0.398972557962602,3.19704102219233,0.81316793165313,-0.862482554140151,3.28099539626108,1.94093910491563,0.80431047010173,0.174860883726575,1.74141011603412,0.5802,1487,2726,"c(0.605, 0.083, 0.007, 0.006, 0.276, 0.592, 0.166, 0.048, 0.071, 0.22, 0.562, 0.121, 0.048, 0.105, 0.265, 0.825)","ry27",404.602251618374,0.220942091324331
"orthog_B_2_large_classes_198",0.183429330970315,0.190518387239699,0.365086397873283,0.260965883916704,0.0332225913621262,0.382059800664452,0.310077519379845,0.274640088593577,0.150206739608188,0.191541413424753,0.0550088784934382,0.0136742046768734,2.70358883473638,1.04754093769395,-0.343756103477941,1.93633249591691,2.82613510520487,0.871413365208736,0.0425167997494636,1.85419802071458,0.2499,2257,903,"c(0.441, 0.047, 0.011, 0.012, 0.414, 0.565, 0.122, 0.023, 0.089, 0.285, 0.6, 0.158, 0.055, 0.103, 0.266, 0.807)","ry9",12.8980965424012,0.187756477997997
"orthog_B_2_large_classes_199",0.111898734177215,0.375696202531646,0.157974683544304,0.354430379746835,0.0750605326876513,0.295399515738499,0.36319612590799,0.26634382566586,0.0368382014895638,0.0802966867931468,0.205221442363687,0.0880865540809759,2.75493670886076,1.057197002608,-0.0677406160501801,1.62963653722039,2.82082324455206,0.910978135007703,-0.235053595943157,2.14093061928256,0.2402,3950,413,"c(0.487, 0.028, 0.01, 0.014, 0.297, 0.581, 0.114, 0.02, 0.113, 0.253, 0.655, 0.202, 0.103, 0.138, 0.221, 0.765)","sun5",5.74092265853065,0.233316440807164
"orthog_B_2_large_classes_200",0.0383333333333333,0.101666666666667,0.175,0.685,0.342138364779874,0.259119496855346,0.262264150943396,0.136477987421384,0.303805031446541,0.157452830188679,0.0872641509433962,0.548522012578616,3.50666666666667,0.826612901477402,-1.57927597237692,4.47528527219231,2.19308176100629,1.05500421751551,0.30660436785457,1.8239827555306,0.6524,600,1590,"c(0.661, 0.121, 0.069, 0.046, 0.16, 0.54, 0.091, 0.053, 0.099, 0.271, 0.633, 0.084, 0.08, 0.069, 0.208, 0.816)","ph1",163.861019491708,0.266359364703129
"orthog_B_2_large_classes_201",0.0910335386721424,0.231006160164271,0.124914442162902,0.553045859000684,0.443786059566506,0.288320598783721,0.0247933884297521,0.243099953220022,0.352752520894363,0.0573144386194495,0.10012105373315,0.309945905780663,3.13997262149213,1.06235297292668,-0.736374874086865,2.04271441157415,2.06720723530329,1.1985251137958,0.717852759537,1.93221922334718,0.4835,2922,6413,"c(0.454, 0.09, 0.019, 0, 0.341, 0.498, 0.152, 0.015, 0.139, 0.266, 0.51, 0.147, 0.066, 0.145, 0.319, 0.837)","ry8",473.702560463408,0.195187922214128
"orthog_B_2_large_classes_202",0.272592592592593,0.235555555555556,0.217777777777778,0.274074074074074,0.281501340482574,0.101876675603217,0.262734584450402,0.353887399463807,0.00890874788998114,0.133678879952338,0.0449568066726244,0.0798133253897329,2.49333333333333,1.15900340331204,0.0190405943393361,1.54967125995671,2.68900804289544,1.21862768703718,-0.322923291184397,1.52430723854154,0.1623,675,373,"c(0.536, 0.127, 0.019, 0.026, 0.354, 0.664, 0.337, 0.081, 0.072, 0.168, 0.492, 0.28, 0.039, 0.041, 0.152, 0.613)","for2",3.58566606887032,0.265581915216462
"orthog_B_2_large_classes_203",0.338872832369942,0.270231213872832,0.338150289017341,0.0527456647398844,0.0487320837927233,0.34619625137817,0.192502756339581,0.412568908489526,0.290140748577219,0.0759650375053374,0.14564753267776,0.359823243749642,2.10476878612717,0.936498415268419,0.175855930738666,1.82342551350879,2.96890848952591,0.976077257708133,-0.252263670984732,1.65671040157919,0.4905,1384,4535,"c(0.422, 0.051, 0.01, 0.02, 0.35, 0.542, 0.12, 0.032, 0.119, 0.297, 0.597, 0.111, 0.109, 0.11, 0.273, 0.838)","ry15",151.161994042503,0.243377823541943
"orthog_B_2_large_classes_204",0.157482243448445,0.156257653686015,0.207200587803086,0.479059515062454,0.0665760869565217,0.110054347826087,0.161684782608696,0.661684782608696,0.090906156491923,0.0462033058599282,0.0455158051943903,0.182625267546242,3.00783737447955,1.12480430213594,-0.67937164789971,1.98968624483277,3.41847826086957,0.928934563594473,-1.41917298299011,3.76539897293692,0.2141,4083,736,"c(0.64, 0.076, 0.009, 0, 0.144, 0.508, 0.098, 0.008, 0.129, 0.312, 0.59, 0.086, 0.087, 0.104, 0.304, 0.906)","ry2",38.8352461170506,0.170668536868396
"orthog_B_2_large_classes_205",0.0626531326566328,0.351767588379419,0.212460623031152,0.373118655932797,0.223432812253276,0.268119374703932,0.42728564661298,0.0811621664298121,0.160779679596644,0.0836482136754872,0.214825023581828,0.291956489502985,2.89604480224011,0.982187401567262,-0.187751694567726,1.70926624424399,2.36617716721933,0.917213937308376,-0.155673452764095,2.02111994502744,0.4053,2857,6333,"c(0.786, 0.206, 0.062, 0.022, 0.138, 0.636, 0.228, 0.023, 0.041, 0.099, 0.513, 0.11, 0.034, 0.058, 0.197, 0.845)","ry25",240.081535985557,0.243266388842804
"orthog_B_2_large_classes_206",0,0.375,0.4,0.225,0.288432267884323,0.197615423642821,0.199391171993912,0.314561136478945,0.288432267884323,0.177384576357179,0.200608828006088,0.0895611364789447,2.85,0.759934207678533,0.258053781659546,1.76752684544892,2.54008117706748,1.20597691021488,-0.0493385559525264,1.45484474706113,0.4036,40,3942,"c(0.499, 0.081, 0.01, 0.015, 0.326, 0.646, 0.139, 0.016, 0.128, 0.218, 0.631, 0.151, 0.047, 0.056, 0.221, 0.818)","ry7",3.79372742911484,0.169731780550281
"orthog_B_2_large_classes_207",0.0669772859638905,0.267909143855562,0.241118229470006,0.423995340710542,0.155988857938719,0.417827298050139,0.323119777158774,0.103064066852368,0.0890115719748282,0.149918154194577,0.0820015476887686,0.320931273858174,3.0221316249272,0.979450774464826,-0.471937186512022,1.95585478560165,2.37325905292479,0.867203887166479,0.149530636782181,2.35951122722897,0.3743,1717,359,"c(0.498, 0.082, 0.019, 0, 0.179, 0.527, 0.122, 0.03, 0.273, 0.282, 0.65, 0.188, 0.05, 0.11, 0.209, 0.781)","tru2",31.6209618620474,0.25189982377248
"orthog_B_2_large_classes_208",0.208283822780513,0.172636224749618,0.520285180784247,0.0987947716856221,0.205882352941176,0.382352941176471,0.411764705882353,0,0.00240146983933617,0.209716716426852,0.108520474901894,0.0987947716856221,2.50959090137498,0.929551076349807,-0.436921034189549,2.15759491778808,2.20588235294118,0.758458644601625,-0.362475400044516,1.81247328848437,0.256,5891,34,"c(0.357, 0.091, 0.03, 0.009, 0.296, 0.463, 0.037, 0.009, 0.108, 0.235, 0.589, 0.049, 0.238, 0.211, 0.344, 0.933)","sun12",2.15496156306611,0.294264519246729
"orthog_B_2_large_classes_209",0.457541412380122,0.0723626852659111,0.373496076721883,0.0965998256320837,0.148936170212766,0.191489361702128,0.319148936170213,0.340425531914894,0.308605242167356,0.119126676436217,0.0543471405516704,0.24382570628281,2.10915431560593,1.09796271658693,0.221127868380363,1.4880229590588,2.85106382978723,1.05141694473241,-0.46915969273712,1.99856222092094,0.4145,5735,47,"c(0.779, 0.089, 0.026, 0.009, 0.191, 0.693, 0.149, 0.02, 0.024, 0.158, 0.679, 0.13, 0.005, 0.06, 0.147, 0.84)","ry19",13.3281211495166,0.189169957117646
"orthog_B_2_large_classes_210",0.166666666666667,0.333333333333333,0.25,0.25,0.298986486486487,0.490709459459459,0.157094594594595,0.0532094594594595,0.13231981981982,0.157376126126126,0.0929054054054054,0.196790540540541,2.58333333333333,1.03749163316573,0.00103641203729447,1.81298647242456,1.96452702702703,0.817105003721907,0.650501172767542,3.03462016369576,0.2994,12,1184,"c(0.45, 0.039, 0.019, 0.017, 0.323, 0.615, 0.198, 0.08, 0.137, 0.28, 0.59, 0.206, 0.09, 0.066, 0.194, 0.698)","ry26",1.55242046698184,0.21502331672501
"orthog_B_2_large_classes_211",0.212884288583346,0.238529275451877,0.104588289819249,0.443998146145528,0.154761904761905,0.119047619047619,0.392857142857143,0.333333333333333,0.0581223838214414,0.119481656404258,0.288268853037894,0.110664812812194,2.77970029352696,1.2188242757915,-0.278982529190157,1.4539688256287,2.9047619047619,1.03070765818635,-0.657011285027137,2.30072587984314,0.3362,6473,84,"c(0.61, 0.096, 0.027, 0, 0.287, 0.653, 0.201, 0.027, 0.098, 0.196, 0.599, 0.166, 0.006, 0.055, 0.173, 0.806)","ry18",3.13791163041567,0.253727523915455
"orthog_B_2_large_classes_212",0.057780434349472,0.596134688184897,0.221159593544531,0.1249252839211,0.194333996023857,0.333001988071571,0.246023856858847,0.226640159045726,0.136553561674385,0.263132700113327,0.0248642633143162,0.101714875124626,2.41322972703726,0.779668106485776,0.714497617356858,2.88493640079947,2.50497017892644,1.04495148569711,0.0717609356072596,1.81630986856676,0.3144,5019,2012,"c(0.609, 0.085, 0.031, 0.039, 0.307, 0.628, 0.215, 0.075, 0.051, 0.23, 0.611, 0.259, 0.033, 0.057, 0.144, 0.627)","for1",40.436394465419,0.250595860232001
"orthog_B_2_large_classes_213",0.153493115757267,0.337582865884753,0.200407955124936,0.308516063233044,0.178787878787879,0.496969696969697,0.154545454545455,0.16969696969697,0.0252947630306121,0.159386831084944,0.0458625005794817,0.138819093536075,2.66394696583376,1.07104610095669,-0.0509191864365672,1.69298514689643,2.31515151515151,0.95540605745354,0.503409094163813,2.32983341003719,0.2178,1961,330,"c(0.557, 0.134, 0.052, 0.09, 0.198, 0.478, 0.222, 0.079, 0.161, 0.308, 0.581, 0.178, 0.084, 0.079, 0.145, 0.653)","ph4",5.51520644082499,0.248975618275265
"orthog_B_2_large_classes_214",0.345812807881773,0.241379310344828,0.27487684729064,0.137931034482759,0.038838962917054,0.336019006301002,0.3302344799091,0.294907550872844,0.306973844964719,0.0946396959561744,0.0553576326184599,0.156976516390085,2.20492610837438,1.06321168316097,0.273696859829589,1.77748286011905,2.88121061873773,0.8787328898712,-0.110487871925482,1.93065740245304,0.3618,1015,9681,"c(0.726, 0.199, 0.084, 0.085, 0.151, 0.527, 0.131, 0.038, 0.095, 0.236, 0.649, 0.151, 0.028, 0.038, 0.136, 0.726)","phq5",87.2237895024673,0.255979648038517
"orthog_B_2_large_classes_215",0.176417641764176,0.351935193519352,0.398739873987399,0.0729072907290729,0.445224719101124,0.283707865168539,0.115730337078652,0.155337078651685,0.268807077336947,0.0682273283508126,0.283009536908747,0.0824297879226125,2.36813681368137,0.855138564842211,-0.0830352006657835,2.25368371342796,1.9811797752809,1.08717485710811,0.762609867076414,2.2316382901387,0.4047,1111,3560,"c(0.645, 0.055, 0.015, 0.025, 0.281, 0.723, 0.182, 0.045, 0.053, 0.177, 0.665, 0.168, 0.021, 0.044, 0.138, 0.762)","ry31",88.8803584316854,0.19335247347796
"orthog_B_2_large_classes_216",0.25,0.178024193548387,0.121975806451613,0.45,0.15855354659249,0.403337969401947,0.41307371349096,0.0250347705146036,0.0914464534075104,0.22531377585356,0.291097907039347,0.424965229485396,2.77197580645161,1.25540000028079,-0.322483989586861,1.42990030066974,2.30458970792768,0.760914878265891,-0.232712253443159,2.28556590577788,0.5696,4960,719,"c(0.602, 0.07, 0.004, 0, 0.258, 0.716, 0.243, 0.048, 0.076, 0.171, 0.585, 0.232, 0.064, 0.043, 0.167, 0.72)","ry20",104.362758936179,0.22382733639001
"orthog_B_2_large_classes_217",0.379378717779247,0.0310641110376735,0.347653668208857,0.241903502974223,0.0028169014084507,0.429577464788732,0.322535211267606,0.245070422535211,0.376561816370796,0.398513353751059,0.0251184569412509,0.00316691956098789,2.45208195637806,1.22076545765449,-0.115465613953342,1.39948308355811,2.80985915492958,0.806078130204295,0.325475846739071,1.67487852865207,0.5489,1513,710,"c(0.768, 0.09, 0.022, 0.025, 0.19, 0.69, 0.149, 0.017, 0.027, 0.157, 0.678, 0.123, 0.015, 0.063, 0.151, 0.835)","ry19",118.642381925188,0.226211325782332
"orthog_B_2_large_classes_218",0.0904392764857881,0.338501291989664,0.193798449612403,0.377260981912145,0.379183731111425,0.0970201948877277,0.0913712752436097,0.432424798757238,0.288744454625637,0.241481097101936,0.102427174368793,0.055163816845093,2.8578811369509,1.02826144954024,-0.212552754540341,1.70214895405006,2.57703714164666,1.36648539638894,-0.0991627193680983,1.18505594533968,0.394,387,7081,"c(0.501, 0.054, 0.016, 0.016, 0.415, 0.582, 0.17, 0.06, 0.045, 0.287, 0.655, 0.234, 0.04, 0.077, 0.159, 0.69)","ry10",22.168868258694,0.141096462959044
"orthog_B_2_large_classes_219",0.225382932166302,0.258205689277899,0.424507658643326,0.0919037199124726,0.220230473751601,0.440460947503201,0.247759282970551,0.0915492957746479,0.00515245841470147,0.182255258225302,0.176748375672775,0.000354424137824758,2.38293216630197,0.933203314648421,-0.150422739368704,2.00404216566807,2.21062740076825,0.888719887178382,0.358302516077859,2.41844944342736,0.2539,457,1562,"c(0.486, 0.028, 0.016, 0.001, 0.296, 0.582, 0.112, 0.012, 0.108, 0.25, 0.65, 0.209, 0.11, 0.14, 0.221, 0.778)","sun5",5.37204957668539,0.214443137041286
"orthog_B_2_large_classes_220",0.300429184549356,0.223175965665236,0.184549356223176,0.291845493562232,0.146396396396396,0.265765765765766,0.326576576576577,0.261261261261261,0.15403278815296,0.0425898001005297,0.142027220353401,0.0305842323009705,2.46781115879828,1.19729413041461,0.0609812985546026,1.4737203537262,2.7027027027027,1.01204097230909,-0.227578957326159,1.94259996977334,0.216,233,888,"c(0.499, 0.086, 0.01, 0.012, 0.332, 0.635, 0.137, 0.013, 0.125, 0.221, 0.627, 0.16, 0.043, 0.057, 0.226, 0.815)","ry7",5.13162995341299,0.231189994506735
"orthog_B_2_large_classes_221",0.0933940774487472,0.170306847112421,0.63901916119523,0.0972799142436018,0.309901738473167,0.120937263794407,0.258503401360544,0.310657596371882,0.21650766102442,0.0493695833180146,0.380515759834686,0.21337768212828,2.74018491223369,0.757402925344228,-0.818210191058728,3.51133604760128,2.56991685563114,1.21911045561457,-0.161342261845788,1.45025375621339,0.4895,7463,1323,"c(0.631, 0.083, 0.025, 0.046, 0.23, 0.599, 0.132, 0.023, 0.093, 0.267, 0.695, 0.217, 0.046, 0.05, 0.148, 0.714)","cop4",120.922115481078,0.255391976853873
"orthog_B_2_large_classes_222",0.288612099644128,0.208896797153025,0.228825622775801,0.273665480427046,0.214137214137214,0.408783783783784,0.25,0.127079002079002,0.0744748855069139,0.199886986630759,0.0211743772241993,0.146586478348044,2.48754448398576,1.17234807982236,0.00211309652589925,1.52081289150951,2.29002079002079,0.942518521732565,0.304783283729297,2.21246333268674,0.2597,2810,3848,"c(0.602, 0.096, 0.014, 0.012, 0.294, 0.659, 0.197, 0.024, 0.102, 0.198, 0.605, 0.174, 0.002, 0.047, 0.184, 0.791)","ry18",68.3917059259642,0.259015674662441
"orthog_B_2_large_classes_223",0.115839243498818,0.352245862884161,0.15839243498818,0.373522458628842,0.196610169491525,0.338983050847458,0.28135593220339,0.183050847457627,0.0807709259927075,0.0132628120367032,0.12296349721521,0.190471611171214,2.78959810874704,1.06997959778,-0.141622120227182,1.62291028552706,2.45084745762712,1.0034470895252,0.0946464855554296,1.93814256437605,0.241,423,295,"c(0.771, 0.089, 0.02, 0.025, 0.192, 0.678, 0.147, 0.02, 0.033, 0.164, 0.69, 0.118, 0.004, 0.069, 0.143, 0.836)","ry19",11.9029084318935,0.246940525806896
"orthog_B_2_large_classes_224",0.425311203319502,0.437932226832642,0.0978561549100968,0.0389004149377593,0.0823897855938328,0.305709467598169,0.0416767044085762,0.570224042399422,0.342921417725669,0.132222759234473,0.0561794505015206,0.531323627461663,1.75034578146611,0.785138070118161,0.952496085666522,3.60927294020756,3.09973500361359,1.09341007011419,-0.57626726977896,1.69537089078508,0.6485,5784,4151,"c(0.77, 0.089, 0.022, 0.018, 0.19, 0.692, 0.148, 0.025, 0.035, 0.159, 0.679, 0.118, 0.005, 0.06, 0.151, 0.839)","ry19",2122.9030458825,0.254308095654108
"orthog_B_2_large_classes_225",0.144852941176471,0.161764705882353,0.342647058823529,0.350735294117647,0.0634662327095199,0.587876322213181,0.114727420667209,0.23393002441009,0.0813867084669507,0.426111616330829,0.22791963815632,0.116805269707558,2.89926470588235,1.0400789225943,-0.570530400663641,2.14108425862301,2.51912123677787,0.918927033307489,0.602764569628637,2.12024458149757,0.5038,1360,2458,"c(0.495, 0.095, 0.006, 0.014, 0.181, 0.529, 0.119, 0.024, 0.272, 0.282, 0.672, 0.185, 0.051, 0.094, 0.203, 0.777)","tru2",61.8635032366965,0.215921119642147
"orthog_B_2_large_classes_226",0.353936239427456,0.376057254391672,0.0559531554977228,0.214053350683149,0.303158887317303,0.323432343234323,0.0612918434700613,0.312116925978312,0.0507773521101529,0.0526249111573487,0.00533868797233845,0.0980635752951632,2.13012361743656,1.1176630269643,0.662249343546974,2.06757462653854,2.38236680810938,1.21107970784621,0.290882240455398,1.51541448930389,0.1224,1537,2121,"c(0.66, 0.094, 0.033, 0.038, 0.15, 0.513, 0.106, 0.028, 0.11, 0.217, 0.667, 0.078, 0.08, 0.176, 0.194, 0.856)","phq4",11.3708306440238,0.238257991959255
"orthog_B_2_large_classes_227",0.028178243774574,0.284076015727392,0.48656618610747,0.201179554390564,0.385829803619561,0.519188807598511,0.0436400975484533,0.0513412912334745,0.357651559844987,0.235112791871119,0.442926088559017,0.149838263157089,2.86074705111402,0.760642597704606,-0.145234641342317,2.48785358529672,1.76049287639584,0.759915392556813,1.13302610207832,4.57374489585348,0.6339,3052,7791,"c(0.558, 0.058, 0.018, 0.023, 0.305, 0.607, 0.151, 0.056, 0.103, 0.285, 0.668, 0.209, 0.035, 0.05, 0.163, 0.712)","tru1",635.205213241375,0.208936931687717
"orthog_B_2_large_classes_228",0.235649546827795,0.43202416918429,0.3202416918429,0.0120845921450151,0.235849056603774,0.179245283018868,0.273584905660377,0.311320754716981,0.000199509775979018,0.252778886165422,0.0466567861825229,0.299236162571966,2.10876132930514,0.769675633301805,-0.0291880660093159,2.0312663108661,2.66037735849057,1.14831124941154,-0.245706732977348,1.62924691186692,0.3945,331,106,"c(0.446, 0.058, 0.023, 0.019, 0.323, 0.606, 0.193, 0.074, 0.143, 0.268, 0.597, 0.212, 0.088, 0.068, 0.187, 0.696)","ry26",7.38130996853882,0.269881859257728
"orthog_B_2_large_classes_229",0.225806451612903,0.022700119474313,0.403823178016726,0.347670250896057,0.333806818181818,0.03125,0.178503787878788,0.456439393939394,0.108000366568915,0.00854988052568698,0.225319390137939,0.108769143043337,2.87335722819594,1.12140883943893,-0.710284114498391,2.12120615204603,2.75757575757576,1.32821201370553,-0.404582402149508,1.3764477743705,0.2726,837,2112,"c(0.507, 0.075, 0.009, 0.002, 0.42, 0.58, 0.171, 0.057, 0.044, 0.279, 0.663, 0.241, 0.029, 0.066, 0.158, 0.7)","ry10",17.0368029040693,0.226981272557549
"orthog_B_2_large_classes_230",0.233616504854369,0.10376213592233,0.101941747572816,0.560679611650485,0.319979716024341,0.188133874239351,0.325050709939148,0.16683569979716,0.0863632111699718,0.0843717383170208,0.223108962366333,0.393843911853325,2.98968446601942,1.26443716994914,-0.673994297888757,1.69983650208774,2.33874239350913,1.09436137358362,0.0639583856510948,1.64756063510177,0.4685,1648,1972,"c(0.609, 0.096, 0.04, 0.038, 0.305, 0.619, 0.209, 0.077, 0.051, 0.22, 0.601, 0.257, 0.035, 0.065, 0.15, 0.627)","for1",84.6692319491482,0.244349884176662
"orthog_B_2_large_classes_231",0.220125786163522,0.29559748427673,0.29874213836478,0.185534591194969,0.246814535158093,0.362435110901369,0.161868806040585,0.228881547899953,0.0266887489945714,0.066837626624639,0.136873332324195,0.0433469567049843,2.44968553459119,1.02897483413717,0.0400125870619606,1.85853904489115,2.3728173666824,1.08867660207175,0.285727741010719,1.78912205182242,0.1606,318,2119,"c(0.84, 0.076, 0.023, 0.017, 0.065, 0.635, 0.072, 0.017, 0.056, 0.208, 0.74, 0.078, 0.039, 0.081, 0.165, 0.888)","cyb1",4.63825512613962,0.235044089892895
"orthog_B_2_large_classes_232",0.427854454203262,0.109786700125471,0.0294855708908407,0.432873274780427,0.104437471985657,0.428507395786643,0.0986104885701479,0.368444643657553,0.323416982217606,0.318720695661172,0.0691249176793073,0.0644286311228739,2.46737766624843,1.40370625178774,0.0722280099119236,1.12805921492322,2.7310623038996,1.06881918162196,0.0373235221102704,1.54479984108099,0.4638,1594,2231,"c(0.502, 0.076, 0.014, 0.016, 0.409, 0.571, 0.157, 0.016, 0.089, 0.294, 0.655, 0.152, 0, 0.059, 0.174, 0.815)","ry17",58.5973500778047,0.208143074033835
"orthog_B_2_large_classes_233",0.491935483870968,0.0161290322580645,0.399193548387097,0.092741935483871,0.221782667820497,0.11422920014835,0.321300531586105,0.342687600445049,0.270152816050471,0.0981001678902851,0.0778930168009921,0.249945664961178,2.09274193548387,1.11959622525098,0.213509391296354,1.39957256118864,2.78489306465571,1.13919992900376,-0.472372073943342,1.80623693337936,0.3888,248,8089,"c(0.783, 0.091, 0.014, 0.024, 0.19, 0.684, 0.161, 0.026, 0.024, 0.165, 0.682, 0.122, 0.003, 0.06, 0.144, 0.829)","ry19",60.1224977616318,0.231055044672934
"orthog_B_2_large_classes_234",0.221734148204736,0.0937738731856379,0.457219251336898,0.227272727272727,0.343878954607978,0.174232003668042,0.425034387895461,0.056854653828519,0.122144806403242,0.0804581304824043,0.0321848634414376,0.170418073444208,2.69003055767762,1.05446770367976,-0.49180584107675,2.0250481327089,2.19486474094452,0.978958472333806,-0.0337438943077545,1.61518908376377,0.2269,5236,2181,"c(0.53, 0.109, 0.023, 0.019, 0.35, 0.681, 0.33, 0.078, 0.082, 0.169, 0.495, 0.281, 0.039, 0.041, 0.152, 0.622)","for2",72.6892477954673,0.234815726849311
"orthog_B_2_large_classes_235",0.179245283018868,0.330188679245283,0.386792452830189,0.10377358490566,0.179910044977511,0.250374812593703,0.244377811094453,0.325337331334333,0.000664761958643345,0.0798138666515799,0.142414641735736,0.221563746428672,2.41509433962264,0.899349078325508,-0.0563732635607532,2.18376926391093,2.71514242878561,1.10191128860717,-0.22689484181126,1.70293029491273,0.2752,106,667,"c(0.473, 0.078, 0.037, 0.039, 0.289, 0.472, 0.135, 0.059, 0.185, 0.357, 0.689, 0.209, 0.052, 0.092, 0.139, 0.693)","cop3",4.02442296112111,0.254669812384714
"orthog_B_2_large_classes_236",0.301829268292683,0.173780487804878,0.376524390243902,0.147865853658537,0.224506182752529,0.282800706600289,0.162999839409025,0.329693271238156,0.0773230855401536,0.109020218795411,0.213524550834877,0.18182741757962,2.37042682926829,1.06423730310912,-0.0430113355317818,1.69142167460866,2.59788019913281,1.16138640193481,-0.0363704355856386,1.52704935193614,0.3107,656,6227,"c(0.452, 0.055, 0.032, 0.044, 0.379, 0.659, 0.223, 0.064, 0.089, 0.204, 0.588, 0.134, 0.081, 0.083, 0.157, 0.758)","ry12",16.6701557154981,0.238462524465432
"orthog_B_2_large_classes_237",0.283983849259758,0.510094212651413,0.149394347240915,0.0565275908479139,0.285714285714286,0.285714285714286,0.285714285714286,0.142857142857143,0.00173043645452797,0.224379926937127,0.13631993847337,0.086329552009229,1.97846567967699,0.811803444770071,0.673302970250018,3.14752616605239,2.28571428571429,1.03015750727543,0.192011606385657,1.85650887573965,0.2764,743,7,"c(0.609, 0.048, 0.03, 0.012, 0.163, 0.605, 0.192, 0.013, 0.124, 0.258, 0.464, 0.097, 0.104, 0.089, 0.314, 0.879)","ry6",1.26052676860133,0.242617365834573
"orthog_B_2_large_classes_238",0.655021834061135,0.0567685589519651,0.244541484716157,0.0436681222707424,0.26267029972752,0.269754768392371,0.314986376021798,0.152588555858311,0.392351534333615,0.212986209440405,0.0704448913056412,0.108920433587568,1.67685589519651,0.984791193802529,0.955723141814606,2.29609186550697,2.3574931880109,1.02966476083644,0.0827027879973579,1.83325544875336,0.4649,229,1835,"c(0.41, 0.032, 0.016, 0.008, 0.368, 0.513, 0.095, 0.017, 0.068, 0.275, 0.652, 0.087, 0.155, 0.181, 0.237, 0.888)","ry13",17.6471905048172,0.211009281943093
"orthog_B_2_large_classes_239",0.0322981366459627,0.152795031055901,0.427329192546584,0.387577639751553,0.384810883540141,0.120795335625654,0.0937359844520855,0.40065779638212,0.352512746894178,0.0319996954302466,0.333593208094498,0.0130801566305671,3.17018633540373,0.8003760545101,-0.693546284224616,2.8926304015747,2.51024069367618,1.34938226164329,-0.00237685286298839,1.20314280253863,0.4866,805,6689,"c(0.624, 0.08, 0.025, 0.024, 0.235, 0.607, 0.133, 0.033, 0.08, 0.258, 0.699, 0.22, 0.061, 0.055, 0.143, 0.724)","cop4",128.443636572871,0.168579871021953
"orthog_B_2_large_classes_240",0.434243697478992,0.0834033613445378,0.307773109243697,0.174579831932773,0.244088011515525,0.334155870861608,0.0680649804647337,0.353691137158133,0.190155685963466,0.25075250951707,0.239708128778964,0.17911130522536,2.22268907563025,1.17929882135476,0.201214700627036,1.4606070071688,2.53135924326547,1.20190469472797,0.115603756652669,1.44608915763865,0.4343,4760,4863,"c(0.47, 0.065, 0.017, 0.009, 0.187, 0.576, 0.007, 0.004, 0.144, 0.209, 0.642, 0.038, 0.199, 0.15, 0.334, 0.949)","sun11",136.451017094936,0.192572959028666
"orthog_B_2_large_classes_241",0.3,0.2,0.3,0.2,0.328639819769079,0.197409180512532,0.383835539284709,0.0901154604336807,0.0286398197690791,0.00259081948746834,0.0838355392847085,0.109884539566319,2.4,1.113552872566,0.0347623165213115,1.63059313215401,2.23542664038299,1.00871774931667,0.0432809416918815,1.7106046958055,0.1412,10,3551,"c(0.609, 0.043, 0.018, 0.006, 0.153, 0.608, 0.204, 0.013, 0.12, 0.26, 0.468, 0.107, 0.118, 0.089, 0.311, 0.874)","ry6",1.08196122660395,0.221400381554739
"orthog_B_2_large_classes_242",0.231322413104275,0.0639232920495405,0.259688373951258,0.445065920894926,0.343983684568321,0.122365737593474,0.289598912304555,0.244051665533651,0.112661271464046,0.0584424455439333,0.0299105383532962,0.201014255361276,2.91849780263684,1.19483733503207,-0.656485720470113,1.85861642198422,2.43371855880353,1.19234117213022,-0.0196933801479322,1.46268593486489,0.2396,2503,1471,"c(0.644, 0.153, 0.042, 0.023, 0.248, 0.676, 0.239, 0.046, 0.084, 0.132, 0.596, 0.162, 0.024, 0.039, 0.123, 0.768)","sun3",70.1061870927838,0.241289570637752
"orthog_B_2_large_classes_243",0.0744985673352436,0.363896848137536,0.412607449856734,0.148997134670487,0.358992302309307,0.0837415442034056,0.15815255423373,0.399113599253557,0.284493734974064,0.28015530393413,0.254454895623004,0.25011646458307,2.63610315186246,0.823691286869398,-0.0394102459736105,2.42488457296921,2.59738745043154,1.32541596777169,-0.158676936983762,1.26272844110438,0.5355,349,4287,"c(0.505, 0.085, 0.017, 0.013, 0.408, 0.553, 0.156, 0.022, 0.087, 0.3, 0.662, 0.163, 0, 0.062, 0.165, 0.803)","ry17",33.2284385910988,0.20458087172327
"orthog_B_2_large_classes_244",0.297959183673469,0.14421768707483,0.391836734693878,0.165986394557823,0.112954186413902,0.522906793048973,0.286729857819905,0.0774091627172196,0.185004997259567,0.378689105974143,0.105106876873972,0.0885772318406035,2.42585034013605,1.08277097504719,-0.120723551547344,1.67192345730628,2.32859399684044,0.775465460444957,0.353343985757737,2.82181931224154,0.4433,735,1266,"c(0.5, 0.084, 0.006, 0.004, 0.328, 0.635, 0.152, 0.024, 0.133, 0.223, 0.618, 0.15, 0.039, 0.058, 0.224, 0.822)","ry7",22.3707293483229,0.222027948761942
"orthog_B_2_large_classes_245",0.186915887850467,0.205607476635514,0.345794392523364,0.261682242990654,0.101808785529716,0.501033591731266,0.199741602067183,0.197416020671835,0.0851071023207515,0.295426115095752,0.146052790456181,0.0642662223188196,2.68224299065421,1.0554542879915,-0.293631727958429,1.88085769117587,2.49276485788114,0.92108483057839,0.388290657026262,2.17725342847246,0.3464,107,3870,"c(0.498, 0.133, 0.057, 0.023, 0.338, 0.537, 0.176, 0.036, 0.053, 0.246, 0.52, 0.189, 0.11, 0.083, 0.247, 0.751)","ry4",2.87076909734677,0.235303045816002
"orthog_B_2_large_classes_246",0.22673434856176,0.358714043993232,0.0710659898477157,0.343485617597293,0.298570500324886,0.10006497725796,0.392787524366472,0.208576998050682,0.0718361517631266,0.258649066735272,0.321721534518756,0.13490861954661,2.53130287648054,1.17875360539943,0.138943856427935,1.49017770250719,2.51137102014295,1.12435123366857,-0.218285597080096,1.63403068422635,0.4402,591,3078,"c(0.67, 0.094, 0.031, 0.042, 0.137, 0.517, 0.123, 0.038, 0.114, 0.221, 0.664, 0.087, 0.079, 0.167, 0.182, 0.833)","phq4",26.5618088909793,0.2415648820417
"orthog_B_2_large_classes_247",0.0703517587939698,0.879396984924623,0.0201005025125628,0.0301507537688442,0.243478260869565,0.133596837944664,0.270355731225296,0.352569169960474,0.173126502075595,0.745800146979959,0.250255228712734,0.32241841619163,2.01005025125628,0.459297582000597,1.90516907653931,12.7032356356666,2.73201581027668,1.17824595286457,-0.362844372041424,1.63041649341321,0.8676,199,1265,"c(0.455, 0.064, 0.015, 0.007, 0.192, 0.571, 0.026, 0.004, 0.151, 0.21, 0.627, 0.039, 0.202, 0.155, 0.331, 0.95)","sun11",67.547898736061,0.286501044644477
"orthog_B_2_large_classes_248",0.141791044776119,0.377611940298507,0.143283582089552,0.337313432835821,0.119944211994421,0.260808926080893,0.305439330543933,0.313807531380753,0.0218468327816982,0.116803014217615,0.162155748454381,0.0235059014550678,2.67611940298507,1.08498429072317,0.00247069448115987,1.61335474503133,2.81311018131102,1.00968584277969,-0.319082430264932,1.95641951599183,0.2024,670,717,"c(0.503, 0.062, 0.015, 0.004, 0.411, 0.595, 0.169, 0.055, 0.044, 0.274, 0.659, 0.234, 0.042, 0.068, 0.157, 0.708)","ry10",4.35109887071203,0.264777809137866
"orthog_B_2_large_classes_249",0.432584269662921,0.241573033707865,0.213483146067416,0.112359550561798,0.356925160853369,0.314595326786319,0.088046054859465,0.240433457500847,0.0756591088095519,0.0730222930784538,0.125437091207951,0.128073906939049,2.00561797752809,1.04664896517697,0.576770840779558,2.02385291675548,2.21198780900779,1.16694739150842,0.490229619419877,1.75912370988058,0.2078,178,2953,"c(0.607, 0.083, 0.029, 0.032, 0.316, 0.622, 0.215, 0.08, 0.047, 0.232, 0.607, 0.265, 0.031, 0.063, 0.149, 0.623)","for1",3.10752863281189,0.259236287433368
"orthog_B_2_large_classes_250",0.125614035087719,0.195087719298246,0.404912280701754,0.274385964912281,0.327967806841046,0.264587525150905,0.119718309859155,0.287726358148893,0.202353771753327,0.0694998058526598,0.285193970842599,0.0133403932366127,2.8280701754386,0.970757415623331,-0.474924912813045,2.26616709604168,2.3672032193159,1.20985674566034,0.243692901974087,1.50054160410707,0.3568,1425,994,"c(0.602, 0.095, 0.008, 0.013, 0.193, 0.639, 0.169, 0.034, 0.153, 0.194, 0.607, 0.172, 0.051, 0.073, 0.216, 0.781)","sun4",45.2127847063521,0.236011365884242
"orthog_B_2_large_classes_251",0.160349854227405,0.00145772594752187,0.405247813411079,0.432944606413994,0.266352201257862,0.0726415094339623,0.358490566037736,0.30251572327044,0.106002347030456,0.0711837834864404,0.0467572473733429,0.130428883143554,3.11078717201166,1.03127491571782,-1.09970716933106,3.0554824695467,2.69716981132075,1.1614042855786,-0.413479646279811,1.70469564556565,0.1884,686,3180,"c(0.499, 0.085, 0.018, 0.015, 0.178, 0.526, 0.116, 0.021, 0.264, 0.287, 0.65, 0.179, 0.059, 0.102, 0.216, 0.785)","tru2",18.7355821153768,0.210676456659797
"orthog_B_2_large_classes_252",0.290413533834586,0.206296992481203,0.450187969924812,0.0531015037593985,0.23094512195122,0.282012195121951,0.285823170731707,0.201219512195122,0.0594684118833669,0.0757152026407482,0.164364799193105,0.148118008435723,2.26597744360902,0.939288836454582,-0.166786994291292,1.74434852129452,2.45731707317073,1.05475468050631,0.036376857734442,1.79243399659514,0.2413,2128,1312,"c(0.762, 0.1, 0.024, 0.022, 0.183, 0.678, 0.151, 0.021, 0.041, 0.166, 0.685, 0.123, 0.014, 0.057, 0.14, 0.835)","ry19",32.472373360691,0.259723742270674
"orthog_B_2_large_classes_253",0.360655737704918,0.295081967213115,0.131147540983607,0.213114754098361,0.3634074236286,0.168728785722107,0.364283368006132,0.103580422643162,0.00275168592368152,0.126353181491008,0.233135827022525,0.109534331455198,2.19672131147541,1.14261236676896,0.467437243826671,1.78838918238026,2.20803678966386,1.04820473971154,0.117031503720241,1.64480214705992,0.2869,61,9133,"c(0.639, 0.15, 0.038, 0.027, 0.25, 0.673, 0.235, 0.047, 0.079, 0.13, 0.605, 0.16, 0.032, 0.048, 0.122, 0.766)","sun3",2.52569361592964,0.280883042772597
"orthog_B_2_large_classes_254",0.271293375394322,0.586750788643533,0.0977917981072555,0.0441640378548896,0.0338827838827839,0.361721611721612,0.538461538461538,0.0659340659340659,0.237410591511538,0.225029176921921,0.440669740354283,0.0217700280791763,1.91482649842271,0.733816598034004,0.804814865171148,4.00239600134168,2.63644688644689,0.656518047590963,-0.172128359510855,2.90499159497998,0.5492,317,1092,"c(0.607, 0.072, 0.03, 0.044, 0.305, 0.638, 0.204, 0.079, 0.05, 0.234, 0.617, 0.258, 0.038, 0.056, 0.149, 0.62)","for1",35.8842533723525,0.254607112336737
"orthog_B_2_large_classes_255",0.0676625659050967,0.290861159929701,0.364674868189807,0.276801405975395,0.156010230179028,0.312020460358056,0.29923273657289,0.232736572890026,0.0883476642739315,0.021159300428355,0.0654421316169166,0.0440648330853698,2.8506151142355,0.903325514657153,-0.252789346649479,2.14637460823324,2.60869565217391,1.00780894088939,-0.0733979557426072,1.90650770569746,0.1203,1138,782,"c(0.62, 0.107, 0.062, 0.064, 0.216, 0.575, 0.141, 0.047, 0.095, 0.241, 0.593, 0.106, 0.069, 0.077, 0.204, 0.783)","phq7",5.87415585370912,0.264394941512127
"orthog_B_2_large_classes_256",0.0909090909090909,0.292613636363636,0.0454545454545455,0.571022727272727,0.231884057971014,0.0608695652173913,0.347826086956522,0.359420289855072,0.140974967061924,0.231744071146245,0.302371541501976,0.211602437417655,3.09659090909091,1.10360451410536,-0.597184097233031,1.72581400750383,2.83478260869565,1.14914285472569,-0.591434815158987,1.90405667183368,0.458,352,2760,"c(0.57, 0.083, 0.014, 0.007, 0.286, 0.585, 0.158, 0.027, 0.059, 0.258, 0.556, 0.184, 0.085, 0.075, 0.272, 0.782)","ry3",9.75034640062182,0.19822801376803
"orthog_B_2_large_classes_257",0.404833836858006,0.450151057401813,0.122356495468278,0.0226586102719033,0.754098360655738,0.0983606557377049,0.0819672131147541,0.0655737704918033,0.349264523797732,0.351790401664108,0.0403892823535238,0.0429151602199,1.76283987915408,0.749386315924067,0.740622184381502,3.14778879107729,1.45901639344262,0.897606480131398,1.82300020003758,4.98764375271751,0.4992,662,122,"c(0.616, 0.08, 0.006, 0.006, 0.279, 0.59, 0.173, 0.043, 0.07, 0.22, 0.564, 0.119, 0.036, 0.11, 0.257, 0.832)","ry27",6.96477098216015,0.220830820337208
"orthog_B_2_large_classes_258",0.195744680851064,0.497872340425532,0.157446808510638,0.148936170212766,0.172602739726027,0.202739726027397,0.336986301369863,0.287671232876712,0.0231419411250364,0.295132614398135,0.179539492859225,0.138735062663946,2.25957446808511,0.938912810505374,0.542720109876462,2.45620606181161,2.73972602739726,1.05502577077236,-0.348405399804717,1.91218446497503,0.373,235,365,"c(0.507, 0.087, 0.014, 0.004, 0.411, 0.556, 0.162, 0.019, 0.077, 0.288, 0.657, 0.15, 0.005, 0.07, 0.167, 0.827)","ry17",12.2069210271701,0.256553512733766
"orthog_B_2_large_classes_259",0.43984962406015,0.165413533834586,0.0977443609022556,0.296992481203008,0.377777777777778,0.111111111111111,0.355555555555556,0.155555555555556,0.0620718462823726,0.0543024227234754,0.2578111946533,0.141436925647452,2.25187969924812,1.28923253406091,0.355548790493779,1.40630666947214,2.28888888888889,1.12787355915107,0.0666497872667659,1.52497190984144,0.3054,266,45,"c(0.66, 0.099, 0.032, 0.041, 0.144, 0.515, 0.121, 0.034, 0.108, 0.214, 0.658, 0.07, 0.087, 0.171, 0.19, 0.855)","phq4",2.61555032939859,0.281065909047727
"orthog_B_2_large_classes_260",0.272727272727273,0.136363636363636,0.136363636363636,0.454545454545455,0.315068493150685,0.123287671232877,0.424657534246575,0.136986301369863,0.0423412204234122,0.0130759651307596,0.288293897882939,0.317559153175592,2.77272727272727,1.27677926410801,-0.355738697651977,1.41999547003234,2.38356164383562,1.06796615033194,-0.134118342900481,1.65561569293167,0.4312,44,73,"c(0.611, 0.071, 0.018, 0.01, 0.255, 0.719, 0.229, 0.04, 0.069, 0.17, 0.587, 0.239, 0.065, 0.041, 0.167, 0.711)","ry20",2.67398337025371,0.260394851070645
"orthog_B_2_large_classes_261",0.0936645962732919,0.35055900621118,0.248695652173913,0.307080745341615,0.0138318564944889,0.495569483466609,0.324832504862762,0.16576615517614,0.079832739778803,0.145010477255429,0.076136852688849,0.141314590165475,2.76919254658385,0.989457455423686,-0.105914539990709,1.82138559597131,2.64253295872055,0.767385417518227,0.523869956635197,2.17234424068975,0.2306,4025,4627,"c(0.734, 0.185, 0.096, 0.081, 0.146, 0.523, 0.128, 0.052, 0.089, 0.248, 0.638, 0.148, 0.032, 0.044, 0.138, 0.718)","phq5",58.8336963906136,0.25433601946616
"orthog_B_2_large_classes_262",0.434898816342115,0.130775105001909,0.111492936235204,0.322833142420771,0.25996705107084,0.441515650741351,0.0490939044481054,0.249423393739703,0.174931765271275,0.310740545739442,0.0623990317870988,0.0734097486810678,2.32226040473463,1.31676594495783,0.240688314521994,1.30132538745156,2.28797364085667,1.10626656491531,0.519503476497638,1.91877052905286,0.3694,5238,3035,"c(0.454, 0.049, 0.012, 0.024, 0.321, 0.612, 0.189, 0.081, 0.14, 0.271, 0.603, 0.208, 0.085, 0.068, 0.196, 0.687)","ry26",47.402731435024,0.193012541881328
"orthog_B_2_large_classes_263",0.128536364810748,0.554967058519571,0.00813848340007751,0.308358093269603,0.119980648282535,0.314949201741655,0.240928882438316,0.324141267537494,0.00855571652821288,0.240017856777916,0.232790399038239,0.0157831742678906,2.49631830512854,1.06008271435939,0.462485850842047,1.7856096187921,2.76923076923077,1.0323558613867,-0.182260549230128,1.78748649838209,0.3348,7741,2067,"c(0.408, 0.032, 0.016, 0.016, 0.377, 0.518, 0.095, 0.02, 0.063, 0.277, 0.647, 0.092, 0.151, 0.174, 0.242, 0.872)","ry13",35.355310086976,0.181180713304563
"orthog_B_2_large_classes_264",0.367696819309723,0.174599593954433,0.124069478908189,0.333634107827656,0.320388349514563,0.344660194174757,0.237864077669903,0.0970873786407767,0.0473084697951594,0.170060600220325,0.113794598761714,0.23654672918688,2.42364087525378,1.28328918733961,0.121332377703266,1.32365680903153,2.11165048543689,0.966507170614517,0.420770899143802,2.14524815390807,0.3163,4433,206,"c(0.669, 0.093, 0.033, 0.034, 0.141, 0.514, 0.118, 0.035, 0.109, 0.219, 0.66, 0.07, 0.081, 0.174, 0.19, 0.861)","phq4",13.05154543574,0.267079307368149
"orthog_B_2_large_classes_265",0.34092202618099,0.217416050085373,0.273192942515652,0.168468981217985,0.269444444444444,0.160185185185185,0.2,0.37037037037037,0.0714775817365459,0.0572308649001876,0.0731929425156517,0.201901389152385,2.26920887877063,1.10250508985657,0.208062857181795,1.67552424841457,2.6712962962963,1.22486211816057,-0.234215711024255,1.46232355414049,0.2335,1757,1080,"c(0.472, 0.075, 0.03, 0.043, 0.287, 0.469, 0.13, 0.041, 0.19, 0.369, 0.701, 0.206, 0.051, 0.087, 0.139, 0.709)","cop3",25.6642409981218,0.268865405113481
"orthog_B_2_large_classes_266",0.394705882352941,0.152352941176471,0.327647058823529,0.125294117647059,0.169675090252708,0.00120336943441637,0.405535499398315,0.423586040914561,0.225030792100234,0.151149571742054,0.0778884405747859,0.298291923267502,2.18352941176471,1.09080079152062,0.211110230211167,1.6135176761597,3.08303249097473,1.0471844998864,-1.05260818854063,2.90692795288799,0.4105,1700,831,"c(0.61, 0.1, 0.009, 0.005, 0.198, 0.635, 0.174, 0.043, 0.149, 0.193, 0.609, 0.179, 0.044, 0.072, 0.209, 0.773)","sun4",111.1983057104,0.21810691760428
"orthog_B_2_large_classes_267",0.204225352112676,0.193661971830986,0.321009389671362,0.281103286384977,0.193931939319393,0.253382533825338,0.274292742927429,0.278392783927839,0.0102934127932829,0.0597205619943524,0.0467166467439322,0.00271050245713722,2.67899061032864,1.09023834018507,-0.28444656447126,1.78617873158568,2.63714637146371,1.08436171054164,-0.155836495764098,1.73591222830486,0.0766,1704,2439,"c(0.501, 0.083, 0.004, 0.017, 0.333, 0.631, 0.137, 0.015, 0.13, 0.217, 0.631, 0.153, 0.036, 0.069, 0.228, 0.814)","ry7",2.74811373243527,0.265720735014131
"orthog_B_2_large_classes_268",0.319304152637486,0.425364758698092,0.0886644219977553,0.166666666666667,0.553223388305847,0.244377811094453,0.0749625187406297,0.12743628185907,0.233919235668361,0.180986947603639,0.0137019032571256,0.0392303848075962,2.1026936026936,1.03154702523332,0.704941826884251,2.37514357942973,1.77661169415292,1.04308614183754,1.12919816670497,2.94307016442756,0.2987,1782,2001,"c(0.624, 0.087, 0.038, 0.035, 0.233, 0.606, 0.137, 0.027, 0.091, 0.257, 0.677, 0.212, 0.052, 0.049, 0.148, 0.725)","cop4",30.0834120053575,0.206649359289138
"orthog_B_2_large_classes_269",0.133540372670807,0.381987577639752,0.139751552795031,0.34472049689441,0.416149068322981,0.0248447204968944,0.360248447204969,0.198757763975155,0.282608695652174,0.357142857142857,0.220496894409938,0.145962732919255,2.69565217391304,1.08085242562227,-0.00850825193988384,1.60642132241717,2.3416149068323,1.20612098350809,0.00195183346512027,1.37962882423501,0.5266,322,161,"c(0.569, 0.101, 0.019, 0.025, 0.308, 0.649, 0.194, 0.036, 0.041, 0.197, 0.64, 0.202, 0.083, 0.053, 0.147, 0.737)","ry30",6.39360233108263,0.241564125159201
"orthog_B_2_large_classes_270",0.0376207422470768,0.331469242501271,0.289273004575496,0.341637010676157,0.0809248554913295,0.353179190751445,0.446242774566474,0.119653179190751,0.0433041132442527,0.0217099482501741,0.156969769990978,0.221983831485405,2.93492628368073,0.905182099696041,-0.176046099542787,1.81757793205122,2.60462427745665,0.800131132959365,-0.116639263404723,2.55747230451982,0.2762,1967,1730,"c(0.609, 0.107, 0.011, 0.009, 0.191, 0.64, 0.169, 0.036, 0.146, 0.185, 0.604, 0.178, 0.054, 0.068, 0.217, 0.776)","sun4",35.4051997059092,0.249568622646042
"orthog_B_2_large_classes_271",0.223880597014925,0.0281923714759536,0.33167495854063,0.416252072968491,0.375757575757576,0.0939393939393939,0.375,0.15530303030303,0.15187697874265,0.0657470224634404,0.0433250414593698,0.260949042665461,2.94029850746269,1.15602879042564,-0.753059524044407,2.08296158487647,2.30984848484848,1.12958559366114,0.0179372571165987,1.51057705508256,0.312,603,1320,"c(0.657, 0.074, 0.016, 0.018, 0.26, 0.712, 0.185, 0.037, 0.031, 0.161, 0.663, 0.155, 0.051, 0.053, 0.136, 0.789)","sun1",52.5805779870135,0.238221739266091
"orthog_B_2_large_classes_272",0.394070080862534,0.212938005390836,0.0409703504043127,0.352021563342318,0.153846153846154,0.384615384615385,0.230769230769231,0.230769230769231,0.24022392701638,0.171677379224549,0.189798880364918,0.121252332573087,2.35094339622642,1.31147452025618,0.269992067397813,1.32722135320854,2.53846153846154,1.00883669604646,0.119693645319196,1.88994050838291,0.3714,1855,13,"c(0.748, 0.109, 0.036, 0.053, 0.188, 0.69, 0.293, 0.108, 0.044, 0.157, 0.562, 0.273, 0.021, 0.045, 0.109, 0.566)","ry22",2.04617725748267,0.25810565074626
"orthog_B_2_large_classes_273",0.104665825977301,0.134300126103405,0.35750315258512,0.403530895334174,0.26530612244898,0.188775510204082,0.379737609329446,0.166180758017493,0.160640296471678,0.0544753841006768,0.0222344567443263,0.237350137316681,3.05989911727617,0.976169258426181,-0.795040999363155,2.60910823015268,2.44679300291545,1.05363313178458,-0.113983959770851,1.76295386703942,0.2926,1586,1372,"c(0.603, 0.099, 0.003, 0.016, 0.192, 0.642, 0.176, 0.036, 0.155, 0.192, 0.605, 0.179, 0.049, 0.068, 0.216, 0.768)","sun4",69.8928793929173,0.243400182316172
"orthog_B_2_large_classes_274",0.197841726618705,0.10431654676259,0.201438848920863,0.496402877697842,0.363004544239508,0.336808340016038,0.0815290029403903,0.218658112804063,0.165162817620803,0.232491793253449,0.119909845980473,0.277744764893779,2.99640287769784,1.17986159851332,-0.71577353505855,1.93468434021315,2.15584068430901,1.13792780065796,0.582715747664654,1.9195617026019,0.4158,278,3741,"c(0.549, 0.062, 0.009, 0.025, 0.294, 0.607, 0.153, 0.059, 0.113, 0.28, 0.676, 0.206, 0.043, 0.052, 0.162, 0.709)","tru1",38.6005259823159,0.228825649314353
"orthog_B_2_large_classes_275",0.314328210213188,0.241447694595935,0.200793257312841,0.243430837878037,0.716763005780347,0.114964675658317,0.0995504174694926,0.0687219010918433,0.402434795567159,0.126483018937617,0.101242839843348,0.174708936786193,2.37332672285573,1.16166775673597,0.172551492684987,1.56949892527301,1.52023121387283,0.927913217642295,1.60493565974694,4.22806984340132,0.4677,4034,1557,"c(0.688, 0.078, 0.016, 0.002, 0.205, 0.639, 0.149, 0.016, 0.062, 0.234, 0.626, 0.158, 0.045, 0.049, 0.209, 0.823)","ry28",265.069317957793,0.251161689654533
"orthog_B_2_large_classes_276",0.32815611310235,0.0501792114695341,0.477499004380725,0.144165671047391,0.3828125,0.119791666666667,0.0338541666666667,0.463541666666667,0.0546563868976503,0.0696124551971326,0.443644837714058,0.319375995619275,2.43767423337316,1.09121907384075,-0.265254207153406,1.62945406106883,2.578125,1.39161949458476,-0.0714837197866874,1.14213748314624,0.5538,2511,768,"c(0.474, 0.065, 0.014, 0.016, 0.186, 0.569, 0.02, 0, 0.145, 0.204, 0.63, 0.049, 0.195, 0.162, 0.337, 0.935)","sun11",67.7447161692762,0.213909996262682
"orthog_B_2_large_classes_277",0.462365591397849,0.182795698924731,0.311827956989247,0.043010752688172,0.426276771004942,0.408566721581549,0.0988467874794069,0.0663097199341021,0.0360888203929071,0.225771022656817,0.21298116950984,0.0232989672459301,1.93548387096774,0.970605083561011,0.411374958791806,1.73057602252294,1.80518945634267,0.867416445717219,0.996200268183818,3.39140684705059,0.3133,93,2428,"c(0.476, 0.081, 0.03, 0.044, 0.275, 0.458, 0.138, 0.038, 0.183, 0.366, 0.696, 0.212, 0.066, 0.095, 0.136, 0.706)","cop3",1.81791982883709,0.291251841544308
"orthog_B_2_large_classes_278",0.410888546481767,0.115048793014895,0.388803287108372,0.0852593733949666,0.273311897106109,0.383038585209003,0.329581993569132,0.0140675241157556,0.137576649375658,0.267989792194108,0.05922129353924,0.071191849279211,2.14843348741654,1.05768465384696,0.134008906396982,1.53523983142459,2.08440514469453,0.807489788596338,0.00589239563306142,1.87932119438501,0.3152,1947,2488,"c(0.596, 0.22, 0.061, 0.062, 0.173, 0.4, 0.186, 0.045, 0.13, 0.271, 0.557, 0.133, 0.101, 0.109, 0.196, 0.759)","ph2",12.9544898861025,0.242739218637866
"orthog_B_2_large_classes_279",0.299603174603175,0.327380952380952,0.162698412698413,0.21031746031746,0.316244027930908,0.180632120543918,0.284821756707093,0.218302094818082,0.0166408533277332,0.146748831837035,0.12212334400868,0.00798463450062126,2.28373015873016,1.10592433086463,0.356145111302427,1.79384880923454,2.40518191841235,1.1445967748085,0.0373355931864554,1.56476658689246,0.1918,1512,5442,"c(0.61, 0.101, 0.053, 0.064, 0.214, 0.581, 0.142, 0.051, 0.1, 0.238, 0.593, 0.112, 0.077, 0.08, 0.212, 0.773)","phq7",10.3064732402167,0.253843736596204
"orthog_B_2_large_classes_280",0.0694444444444444,0.361111111111111,0.527777777777778,0.0416666666666667,0.169036334913112,0.27172195892575,0.0521327014218009,0.507109004739337,0.0995918904686677,0.0893891521853607,0.475645076355977,0.46544233807267,2.54166666666667,0.68591990138143,-0.408408184088004,2.86920112743563,2.89731437598736,1.20184523377125,-0.386440090690573,1.49367038606831,0.6788,72,633,"c(0.472, 0.076, 0.021, 0.039, 0.275, 0.476, 0.132, 0.05, 0.191, 0.359, 0.699, 0.209, 0.062, 0.09, 0.148, 0.703)","cop3",10.8960007204861,0.248542034067089
"orthog_B_2_large_classes_281",0.34369719499831,0.120648867860764,0.369719499831024,0.165934437309902,0.182474723158402,0.386856042368801,0.271545498314877,0.15912373615792,0.161222471839909,0.266207174508037,0.0981740015161467,0.0068107011519819,2.35789117945252,1.11761726352944,-0.023950704873535,1.56386364978297,2.40731824747232,0.961564876324547,0.18519958195706,2.0865725420408,0.3264,2959,4154,"c(0.57, 0.118, 0.051, 0.128, 0.301, 0.498, 0.222, 0.104, 0.095, 0.345, 0.601, 0.258, 0.034, 0.038, 0.126, 0.509)","cop2",19.174237965254,0.236524344623643
"orthog_B_2_large_classes_282",0.220518867924528,0.0102762803234501,0.286388140161725,0.482816711590296,0.380050260970423,0.425091822926735,0.137637734390102,0.0572201817127392,0.159531393045895,0.414815542603285,0.148750405771623,0.425596529877557,3.03150269541779,1.1722525511993,-0.882443951373978,2.22009451925514,1.87202783684516,0.854512637512725,0.797773685122322,3.03087012885498,0.6331,5936,5173,"c(0.603, 0.105, 0.015, 0.007, 0.283, 0.658, 0.196, 0.026, 0.104, 0.19, 0.606, 0.177, 0.009, 0.048, 0.183, 0.79)","ry18",1480.48502908342,0.252988988092809
"orthog_B_2_large_classes_283",0.24743052912067,0.293300342596117,0.196992767415303,0.26227636086791,0.288824383164006,0.306240928882438,0.261248185776488,0.143686502177068,0.0413938540433359,0.0129405862863211,0.064255418361185,0.118589858690842,2.47411496003045,1.12638525588847,0.0955906351202984,1.62767000070789,2.25979680696662,1.02826270803658,0.257828209233866,1.90084769851987,0.1417,5254,689,"c(0.797, 0.206, 0.073, 0.014, 0.134, 0.628, 0.225, 0.024, 0.041, 0.112, 0.511, 0.121, 0.028, 0.054, 0.191, 0.84)","ry25",14.5747049552518,0.230229877087013
"orthog_B_2_large_classes_284",0.013986013986014,0.181818181818182,0.48951048951049,0.314685314685315,0.258178844056707,0.218920392584515,0.166303162486369,0.35659760087241,0.244192830070693,0.0371022107663329,0.323207327024121,0.0419122861870954,3.10489510489511,0.735829171354736,-0.377900968643392,2.55007469500735,2.62131952017448,1.21030345941952,-0.118077278671955,1.44863433353042,0.4089,143,3668,"c(0.731, 0.192, 0.087, 0.08, 0.155, 0.527, 0.138, 0.034, 0.087, 0.243, 0.642, 0.145, 0.027, 0.038, 0.133, 0.741)","phq5",11.7861383438474,0.245269466960712
"orthog_B_2_large_classes_285",0.00517368810051737,0.258684405025868,0.351810790835181,0.384331116038433,0.231016472478907,0.292888710325432,0.196866211329851,0.27922860586581,0.22584278437839,0.0342043052995635,0.15494457950533,0.105102510172624,3.11529933481153,0.806483934656103,-0.27119092605623,1.74768960969067,2.52430695058256,1.12689810046996,0.0405972900590306,1.61447547632765,0.2953,1353,2489,"c(0.698, 0.078, 0.01, 0.015, 0.202, 0.634, 0.158, 0.014, 0.056, 0.241, 0.626, 0.15, 0.043, 0.046, 0.206, 0.822)","ry28",149.932231735681,0.229861585294978
"orthog_B_2_large_classes_286",0.235476374903176,0.29434546862897,0.397366382649109,0.0728117738187452,0.460983510011779,0.0622791519434629,0.280771495877503,0.195965842167256,0.225507135108603,0.232066316685507,0.116594886771606,0.12315406834851,2.30751355538342,0.910782776562398,-0.0661354596242863,2.00503340328525,2.21171967020024,1.21687844742546,0.242784968364908,1.4166883203645,0.3653,1291,6792,"c(0.644, 0.075, 0, 0.005, 0.274, 0.714, 0.192, 0.038, 0.036, 0.165, 0.664, 0.154, 0.046, 0.047, 0.144, 0.803)","sun1",75.0690885158227,0.196551976510549
"orthog_B_2_large_classes_287",0.283950617283951,0.123456790123457,0.259259259259259,0.333333333333333,0.229434806939004,0.455885096064167,0.080768513337064,0.233911583659765,0.0545158103449467,0.33242830594071,0.178490745922195,0.0994217496735683,2.64197530864198,1.21012846961411,-0.249954325530098,1.50289478272686,2.31915687371759,1.06957400158846,0.48609905553672,1.97441113221763,0.394,81,5361,"c(0.415, 0.033, 0.017, 0.002, 0.375, 0.511, 0.102, 0.014, 0.071, 0.279, 0.65, 0.093, 0.14, 0.177, 0.232, 0.89)","ry13",3.33013911601311,0.191281592888923
"orthog_B_2_large_classes_288",0.238805970149254,0.279850746268657,0.33955223880597,0.141791044776119,0.14122418879056,0.183259587020649,0.349188790560472,0.326327433628319,0.0975817813586932,0.0965911592480077,0.00963655175450184,0.184536388852199,2.38432835820895,0.998906452645147,0.0279329153194453,1.90640912024168,2.86061946902655,1.02715959976859,-0.500921735812284,2.10499449669239,0.2302,268,2712,"c(0.58, 0.091, 0.03, 0.02, 0.317, 0.655, 0.192, 0.043, 0.03, 0.201, 0.636, 0.182, 0.073, 0.053, 0.142, 0.755)","ry30",14.9909574700742,0.244842376930406
"orthog_B_2_large_classes_289",0.180318478634437,0.252835376331768,0.530415855195326,0.0364302898384695,0.201983769161407,0.360685302073941,0.0432822362488729,0.39404869251578,0.0216652905269697,0.107849925742173,0.487133618946453,0.357618402677311,2.42295795623783,0.823141579826193,-0.526896095313718,2.24687516423211,2.62939585211903,1.19386834986474,0.0311963157220878,1.41356610923706,0.6142,8729,1109,"c(0.635, 0.071, 0.024, 0.035, 0.284, 0.599, 0.173, 0.048, 0.05, 0.277, 0.59, 0.226, 0.032, 0.053, 0.213, 0.691)","ry21",63.858452624439,0.270148036229906
"orthog_B_2_large_classes_290",0.102636534839925,0.0433145009416196,0.469868173258004,0.384180790960452,0.102272727272727,0.176948051948052,0.298701298701299,0.422077922077922,0.000363807567197394,0.133633551006432,0.171166874556705,0.0378971311174701,3.13559322033898,0.905348501881941,-1.09980678330108,3.6044138378326,3.04058441558442,1.00322967875186,-0.688962790899133,2.30840575086726,0.2204,1062,616,"c(0.462, 0.082, 0.031, 0.043, 0.283, 0.469, 0.136, 0.054, 0.189, 0.359, 0.694, 0.208, 0.066, 0.091, 0.138, 0.695)","cop3",3.43609121644421,0.274747458930419
"orthog_B_2_large_classes_291",0.381418092909535,0.229828850855746,0.0342298288508557,0.354523227383863,0.15258025193011,0.512596505485575,0.00467289719626168,0.330150345388054,0.228837840979426,0.282767654629829,0.0295569316545941,0.0243728819958094,2.36185819070905,1.30491359143532,0.266920740568052,1.33628770537863,2.51239333604226,1.1024099055515,0.36619913347084,1.65928012782578,0.3658,409,4922,"c(0.404, 0.03, 0.02, 0.01, 0.369, 0.51, 0.092, 0.015, 0.077, 0.277, 0.654, 0.091, 0.15, 0.183, 0.234, 0.884)","ry13",10.6579407050437,0.184259545554887
"orthog_B_2_large_classes_292",0.303890940073843,0.0460096563476285,0.211587617154218,0.438511786424311,0.00492125984251968,0.615649606299213,0.339074803149606,0.0403543307086614,0.298969680231323,0.569639949951584,0.127487185995389,0.39815745571565,2.784720249929,1.28597816166398,-0.451690475030058,1.48365437216881,2.41486220472441,0.577323771308591,0.887426838664564,2.99289648281345,0.7672,3521,2032,"c(0.709, 0.146, 0.069, 0.061, 0.164, 0.45, 0.124, 0.042, 0.097, 0.31, 0.651, 0.091, 0.03, 0.094, 0.155, 0.806)","phq3",328.113175791659,0.245113709369705
"orthog_B_2_large_classes_293",0.333333333333333,0.419753086419753,0.179012345679012,0.0679012345679012,0.290856731461483,0.240460763138949,0.269978401727862,0.198704103671706,0.0424766018718502,0.179292323280804,0.0909660560488494,0.130802869103805,1.98148148148148,0.885216177979046,0.62339997979617,2.65321816240442,2.37652987760979,1.101760772193,0.107813088587724,1.67645535452807,0.2436,162,1389,"c(0.862, 0.121, 0.045, 0.046, 0.102, 0.708, 0.165, 0.05, 0.031, 0.154, 0.64, 0.129, 0.005, 0.017, 0.149, 0.775)","ry16",12.7401544923366,0.218396850068935
"orthog_B_2_large_classes_294",0.38744769874477,0.205020920502092,0.197489539748954,0.210041841004184,0.236568457538995,0.223941569695469,0.144837831146323,0.394652141619213,0.150879241205775,0.0189206491933771,0.0526517086026306,0.184610300615029,2.23012552301255,1.17138671930693,0.330297259946435,1.60300686107005,2.69757365684575,1.21383930091137,-0.199827143432928,1.4530352908492,0.2449,1195,8078,"c(0.579, 0.092, 0.026, 0.017, 0.307, 0.655, 0.189, 0.042, 0.039, 0.209, 0.65, 0.189, 0.074, 0.044, 0.135, 0.751)","ry30",55.9517972603777,0.243162641578739
"orthog_B_2_large_classes_295",0.24587546567323,0.298563065460351,0.369611495476317,0.0859499733901011,0.427811198519204,0.0303100416473855,0.402128644146229,0.139750115687182,0.181935732845974,0.268253023812966,0.0325171486699115,0.0538001422970807,2.29563597658329,0.933748480084223,0.0150029524080398,1.98817680746128,2.25381767700139,1.15087657559609,0.0442214229969137,1.4144158492497,0.3302,3758,4322,"c(0.603, 0.073, 0.007, 0.007, 0.26, 0.718, 0.228, 0.044, 0.077, 0.174, 0.594, 0.233, 0.06, 0.035, 0.171, 0.717)","ry20",74.1528931944446,0.218420923830753
"orthog_B_2_large_classes_296",0.429404900816803,0.0641773628938156,0.0991831971995333,0.407234539089848,0.0646067415730337,0.328651685393258,0.309550561797753,0.297191011235955,0.364798159243769,0.264474322499443,0.21036736459822,0.110043527853893,2.48424737456243,1.38673383697274,0.007662193881822,1.14766557880036,2.83932584269663,0.926527645618953,-0.163912345339606,1.95689927895313,0.5093,857,1780,"c(0.533, 0.127, 0.024, 0.02, 0.347, 0.67, 0.336, 0.078, 0.075, 0.17, 0.49, 0.281, 0.046, 0.033, 0.15, 0.622)","for2",45.3971392531153,0.250758904243842
"orthog_B_2_large_classes_297",0.539835164835165,0.0659340659340659,0.0247252747252747,0.369505494505495,0.564682312535776,0.105323411562679,0.24141385231826,0.0885804235832856,0.0248471477006108,0.0393893456286129,0.216688577592985,0.280925070922209,2.2239010989011,1.41154196377341,0.388053983220989,1.23364211588763,1.85389238694906,1.06727242285919,0.730258833761929,2.00070093388891,0.3578,728,6988,"c(0.448, 0.056, 0.038, 0.041, 0.379, 0.66, 0.222, 0.041, 0.087, 0.203, 0.586, 0.141, 0.086, 0.082, 0.155, 0.778)","ry12",54.1119285760846,0.282492423305239
"orthog_B_2_large_classes_298",0.0831643002028398,0.239350912778905,0.438133874239351,0.239350912778905,0.188261626461079,0.272320318328774,0.517035563292713,0.0223824919174335,0.10509732625824,0.0329694055498693,0.0789016890533624,0.216968420861471,2.83367139959432,0.885264832158296,-0.388685355427957,2.44078202285536,2.3735389206665,0.809503447905463,-0.525241822906646,2.12300916020415,0.2558,493,4021,"c(0.548, 0.126, 0.045, 0.123, 0.306, 0.498, 0.228, 0.091, 0.106, 0.324, 0.598, 0.261, 0.039, 0.051, 0.129, 0.525)","cop2",12.5012970873337,0.269794377075859
"orthog_B_2_large_classes_299",0.244318181818182,0.215909090909091,0.321969696969697,0.21780303030303,0.321414840445982,0.36639753940792,0.264129181084198,0.0480584390618993,0.0770966586278005,0.150488448498829,0.0578405158854986,0.169744591241131,2.51325757575758,1.08354356669562,-0.0966308958723863,1.72542856809327,2.03883121876201,0.881061810673482,0.346071535059265,2.17507527569208,0.2465,528,2601,"c(0.704, 0.137, 0.069, 0.076, 0.155, 0.463, 0.135, 0.044, 0.101, 0.319, 0.645, 0.093, 0.04, 0.081, 0.151, 0.787)","phq3",22.6764372990867,0.266583429916284
"orthog_B_2_large_classes_300",0.479533826037521,0.11654349061967,0.402785673678226,0.00113700966458215,0.15748031496063,0.47244094488189,0.208661417322835,0.161417322834646,0.322053511076891,0.355897454262219,0.194124256355392,0.160280313170063,1.92552586696987,0.938787058860254,0.156722409722878,1.17129907268704,2.3740157480315,0.933768303085132,0.383038845968234,2.27669683368403,0.542,3518,254,"c(0.621, 0.08, 0.021, 0.011, 0.282, 0.59, 0.167, 0.036, 0.068, 0.219, 0.556, 0.124, 0.028, 0.111, 0.257, 0.828)","ry27",20.3528864754212,0.165402917213209
"orthog_B_2_large_classes_301",0.225190839694656,0.16030534351145,0.305343511450382,0.309160305343511,0.571280991735537,0.239411157024793,0.0129132231404959,0.176394628099174,0.346090152040881,0.079105813513343,0.292430288309886,0.132765677244338,2.69847328244275,1.1310661546668,-0.323443870953595,1.71198494932644,1.79442148760331,1.11691996244739,1.17044468568452,2.84618445606362,0.4787,262,3872,"c(0.631, 0.075, 0.027, 0.037, 0.286, 0.593, 0.17, 0.055, 0.054, 0.283, 0.59, 0.231, 0.029, 0.048, 0.212, 0.678)","ry21",48.6346380557071,0.202700313869491
"orthog_B_2_large_classes_302",0.335114503816794,0.033587786259542,0.212977099236641,0.418320610687023,0.139867841409692,0.280837004405286,0.300660792951542,0.27863436123348,0.195246662407102,0.247249218145744,0.0876836937149006,0.139686249453543,2.71450381679389,1.30799783699687,-0.360882447337876,1.38302268859801,2.71806167400881,1.01953592953599,-0.207168534392909,1.89519491616627,0.3556,1310,908,"c(0.606, 0.117, 0.054, 0.06, 0.212, 0.572, 0.138, 0.046, 0.102, 0.235, 0.599, 0.109, 0.079, 0.076, 0.21, 0.785)","phq7",28.4168702308707,0.250150189637723
"orthog_B_2_large_classes_303",0.070109935697988,0.152457996266335,0.423563576021572,0.353868492014105,0.252891052951917,0.359403530127815,0.206938527084601,0.180766889835666,0.182781117253929,0.20694553386148,0.216625048936971,0.173101602178439,3.06119062435179,0.884885268587871,-0.726584087769473,2.82765810118954,2.31558125380402,1.04081968257075,0.304330546807069,1.92722599552513,0.3913,4821,3286,"c(0.512, 0.071, 0.037, 0.078, 0.361, 0.598, 0.264, 0.083, 0.092, 0.252, 0.49, 0.294, 0.035, 0.079, 0.209, 0.545)","ry11",133.191338578691,0.248661117160081
"orthog_B_2_large_classes_304",0.161925601750547,0.400437636761488,0.437636761487965,0,0.2,0,0.4,0.4,0.038074398249453,0.400437636761488,0.037636761487965,0.4,2.27571115973742,0.723564592579515,-0.470645879540967,2.01247817152988,3,1.09544511501033,-0.912870929175277,2.5,0.5685,457,10,"c(0.556, 0.119, 0.039, 0.127, 0.295, 0.503, 0.23, 0.097, 0.105, 0.329, 0.611, 0.253, 0.045, 0.049, 0.119, 0.523)","cop2",2.33385165707592,0.373591783404157
"orthog_B_2_large_classes_305",0.10958904109589,0.342465753424658,0.319634703196347,0.228310502283105,0.349139579349904,0.107265774378585,0.375143403441683,0.168451242829828,0.239550538254014,0.235199979046072,0.0555087002453356,0.0598592594532771,2.66666666666667,0.947639862490077,-0.0655807075190628,2.03208848032175,2.36290630975143,1.12533859991271,-0.0371344386623019,1.5453120050038,0.3455,219,5230,"c(0.64, 0.049, 0.022, 0.024, 0.284, 0.724, 0.176, 0.035, 0.046, 0.176, 0.664, 0.166, 0.031, 0.052, 0.138, 0.775)","ry31",13.5143968073431,0.158247418364782
"orthog_B_2_large_classes_306",0.495934959349593,0.32520325203252,0.105691056910569,0.0731707317073171,0.138387484957882,0.229843561973526,0.305655836341757,0.326113116726835,0.357547474391711,0.0953596900589944,0.199964779431188,0.252942385019518,1.75609756097561,0.913685144525938,1.07566239904587,3.25904356215548,2.81949458483755,1.03774968736633,-0.377402745332428,1.94352214621723,0.4908,123,831,"c(0.668, 0.112, 0.064, 0.048, 0.165, 0.545, 0.099, 0.033, 0.098, 0.274, 0.625, 0.084, 0.069, 0.07, 0.212, 0.835)","ph1",24.256545749906,0.255796885326444
"orthog_B_2_large_classes_307",0.712163416898793,0.065552460538533,0.0820798514391829,0.140204271123491,0.0188434048083171,0.617933723196881,0.0175438596491228,0.345679012345679,0.693320012090476,0.552381262658348,0.0645359917900601,0.205474741222188,1.65032497678737,1.11030974550942,1.33515725816332,3.07567984399485,2.69005847953216,0.971042022090658,0.528086026767781,1.47547862711461,0.9123,5385,1539,"c(0.766, 0.083, 0.011, 0.024, 0.188, 0.684, 0.147, 0.017, 0.033, 0.164, 0.696, 0.121, 0.013, 0.069, 0.146, 0.838)","ry19",715.600189541302,0.170088847104345
"orthog_B_2_large_classes_308",0.00261780104712042,0.129581151832461,0.384162303664921,0.483638743455497,0.401964104300711,0.229258381307145,0.327463596342702,0.0413139180494412,0.399346303253591,0.0996772294746845,0.0566987073222192,0.442324825406056,3.3488219895288,0.708529688225986,-0.659754005485249,2.38565833696662,2.00812732814087,0.945842121803882,0.276774945169546,1.72736832567952,0.6069,1528,2953,"c(0.653, 0.072, 0.007, 0.007, 0.148, 0.519, 0.102, 0.02, 0.124, 0.312, 0.582, 0.073, 0.075, 0.097, 0.309, 0.899)","ry2",600.29738342379,0.214158667460073
"orthog_B_2_large_classes_309",0.297174571140262,0.044904137235116,0.267911200807265,0.390010090817356,0.215218370103557,0.119765871229176,0.615488518685277,0.0495272399819901,0.0819562010367054,0.07486173399406,0.347577317878011,0.340482850835366,2.75075681130172,1.24959607293758,-0.435229896483188,1.54092575999264,2.4993246285457,0.882887741473678,-0.720227913281036,2.27925206457676,0.4991,1982,2221,"c(0.654, 0.085, 0.005, 0.007, 0.264, 0.705, 0.193, 0.041, 0.031, 0.163, 0.661, 0.147, 0.051, 0.048, 0.141, 0.804)","sun1",151.962048037736,0.245724785255703
"orthog_B_2_large_classes_310",0.310751104565538,0.50699558173785,0.0960972017673049,0.0861561119293078,0.307974641307975,0.283616950283617,0.0714047380714047,0.337003670337004,0.00277646325756292,0.223378631454233,0.0246924636959001,0.250847558407696,1.95765832106038,0.865840595187502,0.8779789065102,3.3340460290614,2.43743743743744,1.23937183647829,0.189096141272633,1.41618728775463,0.3368,2716,2997,"c(0.504, 0.132, 0.047, 0.021, 0.339, 0.542, 0.184, 0.044, 0.051, 0.243, 0.52, 0.187, 0.105, 0.082, 0.248, 0.749)","ry4",92.0279854015738,0.262627392324469
"orthog_B_2_large_classes_311",0.015056752374334,0.470697243456104,0.355570998378504,0.158675005791059,0.3531652989449,0.188159437280188,0.219226260257913,0.239449003516999,0.338108546570566,0.282537806175916,0.13634473812059,0.0807739977259402,2.65786425758629,0.756665310759992,0.450656464362442,2.20144734092668,2.34495896834701,1.18793555525027,0.167140611307294,1.50403736125291,0.4683,4317,3412,"c(0.694, 0.083, 0.013, 0.007, 0.202, 0.638, 0.152, 0.014, 0.061, 0.236, 0.624, 0.15, 0.043, 0.044, 0.211, 0.83)","ry28",351.183894705503,0.248930134585811
"orthog_B_2_large_classes_312",0.268292682926829,0.326981707317073,0.173018292682927,0.231707317073171,0.439786203440788,0.256221813930182,0.253883414063805,0.0501085685652247,0.171493520513959,0.0707598933868911,0.0808651213808781,0.181598748507946,2.36814024390244,1.11023105915926,0.253687616257541,1.72227929225752,1.91431434775347,0.941680338949783,0.531160031666559,2.04529422402456,0.2719,1312,5987,"c(0.629, 0.123, 0.04, 0.052, 0.202, 0.467, 0.152, 0.037, 0.086, 0.317, 0.603, 0.101, 0.084, 0.093, 0.206, 0.81)","ph3",45.3465793150859,0.247112821076339
"orthog_B_2_large_classes_313",0.0291970802919708,0.343065693430657,0.0766423357664234,0.551094890510949,0.14267117938037,0.343660505076803,0.290288987242905,0.223379328299922,0.113474099088399,0.000594811646145943,0.213646651476482,0.327715562211027,3.14963503649635,0.994262672014908,-0.480896509393143,1.5460933903731,2.59437646446238,0.986506005210391,-0.0111054256330678,1.94770987817752,0.4073,274,3841,"c(0.606, 0.097, 0.017, 0.009, 0.287, 0.657, 0.202, 0.032, 0.106, 0.189, 0.607, 0.165, 0, 0.057, 0.173, 0.793)","ry18",35.2543255114599,0.258236451425304
"orthog_B_2_large_classes_314",0.211633109619687,0.266219239373602,0.36420581655481,0.157941834451902,0.229571984435798,0.29935149156939,0.118028534370947,0.353047989623865,0.0179388748161109,0.0331322521957886,0.246177282183863,0.195106155171964,2.46845637583893,0.994059800976763,-0.0767785138791744,1.9406609731516,2.59455252918288,1.18587510613236,-0.0034099551765216,1.46749560448596,0.3164,2235,3855,"c(0.532, 0.12, 0.018, 0.029, 0.347, 0.669, 0.343, 0.074, 0.078, 0.173, 0.481, 0.283, 0.043, 0.039, 0.159, 0.614)","for2",24.9295494367633,0.238809064109083
"orthog_B_2_large_classes_315",0.766859344894027,0.0468850353243417,0.00321130378933847,0.183044315992293,0.209302325581395,0.366279069767442,0.392441860465116,0.0319767441860465,0.557557019312632,0.3193940344431,0.389230556675778,0.151067571806246,1.6024405908799,1.15939399208061,1.51864489072823,3.41074819239578,2.24709302325581,0.817677320615534,-0.131241390183796,2.09303989446664,0.7663,1557,344,"c(0.663, 0.116, 0.066, 0.054, 0.154, 0.544, 0.102, 0.039, 0.101, 0.269, 0.611, 0.095, 0.082, 0.071, 0.22, 0.812)","ph1",61.000076844274,0.197732117080479
"orthog_B_2_large_classes_316",0.235500878734622,0.180433509080258,0.476274165202109,0.107791446983011,0.13169164882227,0.505710206995004,0.0149892933618844,0.347608850820842,0.103809229912352,0.325276697914746,0.461284871840225,0.239817403837831,2.45635618043351,0.966788430034676,-0.300537621191511,1.96979517107791,2.5785153461813,1.09655658299071,0.290979003980741,1.58660216909814,0.622,1707,2802,"c(0.63, 0.08, 0.012, 0.004, 0.157, 0.507, 0.102, 0.014, 0.124, 0.308, 0.579, 0.082, 0.089, 0.105, 0.307, 0.9)","ry2",57.8870968917549,0.229633170470973
"orthog_B_2_large_classes_317",0.30779054916986,0.222222222222222,0.121328224776501,0.348659003831418,0.276515151515151,0.202651515151515,0.310606060606061,0.210227272727273,0.031275397654708,0.0195707070707071,0.18927783582956,0.138431731104145,2.51085568326948,1.25011249899491,0.0380942028787818,1.36773993999735,2.45454545454545,1.10517814526997,-0.0322814529389799,1.65775419516519,0.2374,783,528,"c(0.451, 0.055, 0.027, 0.038, 0.373, 0.671, 0.225, 0.063, 0.089, 0.196, 0.588, 0.133, 0.087, 0.079, 0.16, 0.766)","ry12",7.12582846420557,0.258205076089532
"orthog_B_2_large_classes_318",0.0144115292233787,0.192353883106485,0.242393915132106,0.55084067253803,0.486586985391766,0.000796812749003984,0.0047808764940239,0.507835325365206,0.472175456168388,0.191557070357481,0.237613038638082,0.0430053471728246,3.32966373098479,0.831963038248226,-0.828639951601381,2.3792240929133,2.53386454183267,1.49589365073872,-0.0463540250667473,1.0065783364022,0.5639,4996,3765,"c(0.386, 0.067, 0.021, 0.033, 0.29, 0.595, 0.15, 0.037, 0.179, 0.26, 0.623, 0.172, 0.146, 0.078, 0.206, 0.759)","ry29",213.513379836173,0.213928190942329
"orthog_B_2_large_classes_319",0.018233544549334,0.0178455967929652,0.459588775378249,0.504332083279452,0.195600087126988,0.0897407972119364,0.231322152036593,0.483336963624483,0.177366542577654,0.0718952004189712,0.228266623341656,0.020995119654969,3.45001939738782,0.626573539374635,-1.14047230057764,5.19598213105987,3.00239599215857,1.16424755467467,-0.748332560640228,2.02141176344629,0.2986,7733,4591,"c(0.386, 0.055, 0.027, 0.026, 0.284, 0.603, 0.156, 0.035, 0.184, 0.256, 0.623, 0.177, 0.147, 0.086, 0.193, 0.762)","ry29",117.157600171884,0.253327000594687
"orthog_B_2_large_classes_320",0.279685681024447,0.00494761350407451,0.10128055878929,0.614086146682189,0.333333333333333,0.131782945736434,0.375968992248062,0.158914728682171,0.0536476523088863,0.12683533223236,0.274688433458772,0.455171418000018,3.04976717112922,1.3173077518036,-0.825728784272327,1.80786593404263,2.36046511627907,1.10228224164957,-0.0349489573962028,1.59541784115628,0.5492,3436,258,"c(0.51, 0.051, 0.009, 0.009, 0.414, 0.592, 0.167, 0.061, 0.043, 0.291, 0.663, 0.23, 0.034, 0.066, 0.161, 0.699)","ry10",35.3822129361314,0.221434317839992
"orthog_B_2_large_classes_321",0.264224473889322,0.158222915042868,0.144193296960249,0.43335931410756,0.410789049919485,0.3,0.169404186795491,0.119806763285024,0.146564576030163,0.141777084957132,0.0252108898352417,0.313552550822536,2.74668745128605,1.25869491036222,-0.31011753892777,1.42565843996787,1.99822866344605,1.02927991927458,0.662761015667339,2.22940196901095,0.3749,2566,6210,"c(0.501, 0.086, 0.013, 0.008, 0.18, 0.529, 0.126, 0.024, 0.269, 0.288, 0.658, 0.182, 0.049, 0.097, 0.203, 0.785)","tru2",227.304675556877,0.241623136401289
"orthog_B_2_large_classes_322",0.096035734226689,0.124232272473478,0.374930206588498,0.404801786711334,0.256269113149847,0.243425076452599,0.274006116207951,0.226299694189602,0.160233378923158,0.119192803979121,0.100924090380547,0.178502092521732,3.08849804578448,0.951496238554781,-0.846001659574874,2.78287292548488,2.47033639143731,1.10193361188682,0.00804146838687207,1.67537492280628,0.2862,3582,1635,"c(0.388, 0.069, 0.02, 0.025, 0.284, 0.594, 0.162, 0.039, 0.176, 0.26, 0.617, 0.178, 0.152, 0.077, 0.201, 0.757)","ry29",59.3415793634852,0.237236565988738
"orthog_B_2_large_classes_323",0.228448275862069,0.00862068965517241,0.698275862068966,0.0646551724137931,0.311308993766696,0.237756010685663,0.26393588601959,0.18699910952805,0.0828607179046274,0.229135321030491,0.434339976049375,0.122343937114257,2.59913793103448,0.909053665732627,-0.949579657858244,2.58026588564222,2.32662511130899,1.10297658840107,0.16522126931233,1.6807133769231,0.5128,232,5615,"c(0.772, 0.081, 0.023, 0.016, 0.192, 0.695, 0.154, 0.026, 0.028, 0.163, 0.682, 0.116, 0.007, 0.061, 0.141, 0.842)","ry19",27.9840355380394,0.262655591045907
"orthog_B_2_large_classes_324",0.112695179904956,0.254175152749491,0.473183978275628,0.159945689069925,0.216783216783217,0.286713286713287,0.258741258741259,0.237762237762238,0.104088036878261,0.0325381339637959,0.214442719534369,0.0778165486923124,2.68038017651052,0.873352580503313,-0.347934037611456,2.48027160975606,2.51748251748252,1.07646888978427,0.00523241711712365,1.73717213416989,0.2529,7365,143,"c(0.387, 0.05, 0.018, 0.028, 0.278, 0.612, 0.166, 0.039, 0.186, 0.259, 0.621, 0.177, 0.15, 0.079, 0.195, 0.757)","ry29",2.96952832474545,0.240890600325383
"orthog_B_2_large_classes_325",0.17787610619469,0.116814159292035,0.288495575221239,0.416814159292035,0.197190082644628,0.369586776859504,0.180661157024793,0.252561983471074,0.0193139764499378,0.252772617567469,0.107834418196446,0.164252175820961,2.94424778761062,1.11446149963851,-0.661108498942466,2.04352858906982,2.48859504132231,1.07208864332618,0.164410453612904,1.75586590836608,0.3207,1130,6050,"c(0.607, 0.074, 0.025, 0.036, 0.308, 0.628, 0.21, 0.081, 0.055, 0.224, 0.61, 0.258, 0.031, 0.073, 0.156, 0.625)","for1",45.1017306241785,0.266728286938584
"orthog_B_2_large_classes_326",0.218543046357616,0.266792809839167,0.292336802270577,0.22232734153264,0.0262493690055528,0.571933366986371,0.0545179202423019,0.347299343765775,0.192293677352063,0.305140557147203,0.237818882028275,0.124972002233135,2.51844843897824,1.06367308458933,-0.038771348608688,1.77177029278093,2.7228672387683,0.973358936583237,0.405931955368272,1.46131923414967,0.4497,2114,1981,"c(0.644, 0.066, 0.023, 0.032, 0.289, 0.603, 0.161, 0.052, 0.048, 0.282, 0.599, 0.232, 0.019, 0.049, 0.216, 0.684)","ry21",49.0997396493262,0.236047718596969
"orthog_B_2_large_classes_327",0.186852589641434,0.238645418326693,0.294422310756972,0.2800796812749,0.25,0.45,0.05,0.25,0.0631474103585657,0.211354581673307,0.244422310756972,0.0300796812749004,2.66772908366534,1.0750495320335,-0.213007023067246,1.78095247814952,2.3,1.1,0.513899323816679,1.92452701318216,0.3306,2510,20,"c(0.671, 0.106, 0.039, 0.037, 0.14, 0.508, 0.118, 0.024, 0.107, 0.222, 0.65, 0.084, 0.082, 0.165, 0.193, 0.854)","phq4",1.99662486265342,0.339299258546611
"orthog_B_2_large_classes_328",0.100734214390602,0.41776798825257,0.3143906020558,0.167107195301028,0.436387900355872,0.0787366548042705,0.137900355871886,0.346975088967972,0.33565368596527,0.339031333448299,0.176490246183914,0.179867893666944,2.54787077826725,0.885093897827427,0.142018860205232,2.23573514043713,2.39546263345196,1.34379980564178,0.112538619879685,1.21898161690183,0.5395,6810,2248,"c(0.497, 0.086, 0.007, 0.01, 0.183, 0.527, 0.118, 0.023, 0.272, 0.286, 0.658, 0.187, 0.048, 0.101, 0.217, 0.781)","tru2",143.729288872907,0.213040144969916
"orthog_B_2_large_classes_329",0.205194805194805,0.249350649350649,0.262337662337662,0.283116883116883,0.381279044036291,0.103120159327285,0.160655012170834,0.35494578446559,0.176084238841486,0.146230490023365,0.101682650166828,0.0718289013487066,2.62337662337662,1.10063689990276,-0.139234744822778,1.69323019610174,2.48926753706572,1.31237741189154,-0.0116030492905329,1.26121306487494,0.2606,385,4519,"c(0.471, 0.073, 0.011, 0.02, 0.258, 0.481, 0.126, 0.018, 0.164, 0.299, 0.565, 0.136, 0.107, 0.147, 0.298, 0.826)","ry24",6.41681365699605,0.151448355533492
"orthog_B_2_large_classes_330",0.00903225806451613,0.142795698924731,0.51741935483871,0.330752688172043,0.254526091586794,0.143769968051118,0.333333333333333,0.268370607028754,0.245493833522278,0.00097426912638704,0.184086021505376,0.062382081143289,3.16989247311828,0.693407504237294,-0.402713783081866,2.70438797931789,2.61554845580405,1.13244953600255,-0.258675504376646,1.67068538063843,0.3131,2325,939,"c(0.694, 0.144, 0.076, 0.077, 0.169, 0.457, 0.134, 0.049, 0.093, 0.309, 0.636, 0.093, 0.043, 0.091, 0.154, 0.781)","phq3",46.1087185762767,0.262037646474581
"orthog_B_2_large_classes_331",0.525964391691395,0.119436201780415,0.347922848664688,0.00667655786350148,0.366559485530547,0.0257234726688103,0.430868167202572,0.176848874598071,0.159404906160848,0.0937127291116051,0.0829453185378839,0.170172316734569,1.8353115727003,0.934596808106918,0.381444182336157,1.36700922701842,2.41800643086817,1.15329691531637,-0.170731920557424,1.49221239334352,0.2646,1348,311,"c(0.46, 0.088, 0.022, 0.002, 0.337, 0.501, 0.152, 0.017, 0.141, 0.274, 0.51, 0.13, 0.062, 0.138, 0.315, 0.851)","ry8",15.8206975983994,0.204383334848698
"orthog_B_2_large_classes_332",0.381118881118881,0.241258741258741,0.251748251748252,0.125874125874126,0.0463091922005571,0.0766016713091922,0.267409470752089,0.609679665738162,0.334809688918324,0.164657069949549,0.0156612190038374,0.483805539864036,2.12237762237762,1.05895578467887,0.390813985534262,1.84387136404166,3.44045961002786,0.823112044489504,-1.46699563097141,4.44922627488496,0.6112,572,2872,"c(0.455, 0.048, 0.022, 0.014, 0.315, 0.605, 0.188, 0.067, 0.139, 0.277, 0.595, 0.218, 0.091, 0.071, 0.195, 0.702)","ry26",131.548060552892,0.244982598595449
"orthog_B_2_large_classes_333",0.0269792127377267,0.735367831343063,0.1515553589857,0.0860975969335102,0.585972850678733,0.0361990950226244,0.149321266968326,0.228506787330317,0.558993637941006,0.699168736320439,0.00223409201737376,0.142409190396806,2.29677134011499,0.659432886004192,1.39514211234071,4.46141302949356,2.02036199095023,1.28409760388098,0.609566149093439,1.57497113150897,0.9064,6783,884,"c(0.654, 0.076, 0.013, 0.006, 0.27, 0.717, 0.182, 0.039, 0.035, 0.156, 0.657, 0.146, 0.041, 0.051, 0.148, 0.808)","sun1",280.475097756692,0.289445721083801
"orthog_B_2_large_classes_334",0.296116504854369,0.242718446601942,0.223300970873786,0.237864077669903,0.565767284991568,0.0573355817875211,0.150927487352445,0.225969645868465,0.269650780137199,0.185382864814421,0.0723734835213412,0.0118944318014375,2.40291262135922,1.1439122369995,0.122265319562049,1.59401889898361,2.03709949409781,1.27247671230383,0.588554532214366,1.57864145313253,0.3353,206,1186,"c(0.503, 0.082, 0.004, 0.011, 0.333, 0.648, 0.141, 0.022, 0.125, 0.222, 0.633, 0.151, 0.038, 0.048, 0.222, 0.816)","ry7",6.0685197833723,0.149900582361452
"orthog_B_2_large_classes_335",0.1607835889854,0.0685640362225097,0.312326741822214,0.458325632969876,0.246891651865009,0.381882770870337,0.140319715808171,0.230905861456483,0.0861080628796088,0.313318734647828,0.172007026014043,0.227419771513393,3.06819441877657,1.0795246853971,-0.902381151806298,2.48624368714514,2.35523978685613,1.08841146049347,0.336094643499298,1.81921175535985,0.4323,5411,563,"c(0.473, 0.066, 0.015, 0.016, 0.261, 0.48, 0.133, 0.024, 0.158, 0.3, 0.55, 0.145, 0.109, 0.153, 0.303, 0.815)","ry24",48.6205327250792,0.258008677173013
"orthog_B_2_large_classes_336",0,0.454545454545455,0.454545454545455,0.0909090909090909,0.369691923397169,0.21676380793783,0.246738828753816,0.166805439911185,0.369691923397169,0.237781646607625,0.207806625791638,0.0758963490020942,2.63636363636364,0.642824346533225,0.509116882454315,2.324,2.21065778517902,1.11322765386923,0.303677891380292,1.69315553965103,0.4921,22,7206,"c(0.633, 0.148, 0.043, 0.027, 0.257, 0.682, 0.238, 0.048, 0.081, 0.135, 0.595, 0.155, 0.029, 0.034, 0.123, 0.77)","sun3",3.28828523347136,0.249110818950358
"orthog_B_2_large_classes_337",0.230095541401274,0.24203821656051,0.0875796178343949,0.440286624203822,0.234943351222421,0.0149075730471079,0.531305903398927,0.218843172331544,0.0048478098211471,0.227130643513402,0.443726285564532,0.221443451872277,2.73805732484076,1.23858509651128,-0.220519256304021,1.39734017889386,2.73404889683959,1.0501400673225,-0.670875008121767,2.21463033885662,0.5455,1256,1677,"c(0.547, 0.063, 0.005, 0.02, 0.301, 0.601, 0.15, 0.069, 0.11, 0.282, 0.684, 0.21, 0.043, 0.054, 0.161, 0.701)","tru1",39.9345733522769,0.262815710021078
"orthog_B_2_large_classes_338",0.0339972091843207,0.217049346695421,0.402638589369529,0.346314854750729,0.809004092769441,0.128240109140518,0.0463847203274216,0.0163710777626194,0.77500688358512,0.0888092375549021,0.356253869042108,0.32994377698811,3.06127108968667,0.83402571408323,-0.466782251986686,2.39327873974124,1.27012278308322,0.623018757641497,2.5104008047901,9.06166675274545,0.9189,7883,733,"c(0.595, 0.219, 0.065, 0.063, 0.17, 0.402, 0.18, 0.035, 0.132, 0.27, 0.55, 0.128, 0.103, 0.11, 0.205, 0.774)","ph2",241.718531472524,0.276742865068888
"orthog_B_2_large_classes_339",0.714285714285714,0.285714285714286,0,0,0.0958591457450277,0.144114770133681,0.272579067492664,0.487447016628627,0.618426568540687,0.141599515580605,0.272579067492664,0.487447016628627,1.28571428571429,0.451753951452626,0.948683298050514,1.9,3.15161395500489,0.995997780313889,-0.888864066179788,2.60197645615386,0.8452,7,3067,"c(0.488, 0.083, 0.014, 0.006, 0.321, 0.642, 0.136, 0.023, 0.137, 0.222, 0.629, 0.144, 0.053, 0.053, 0.221, 0.827)","ry7",6.10696295504643,0.236672680290711
"orthog_B_2_large_classes_340",0.194444444444444,0.138888888888889,0.472222222222222,0.194444444444444,0.319387755102041,0.405102040816327,0.0873469387755102,0.188163265306122,0.124943310657596,0.266213151927438,0.384875283446712,0.00628117913832199,2.66666666666667,1,-0.462962962962963,2.14814814814815,2.14428571428571,1.06703766932339,0.639909381931472,2.17999102345522,0.4844,36,4900,"c(0.409, 0.026, 0.026, 0.013, 0.367, 0.512, 0.105, 0.028, 0.07, 0.285, 0.642, 0.086, 0.154, 0.178, 0.228, 0.873)","ry13",3.18426255419326,0.19351780402737
"orthog_B_2_large_classes_341",0.434156378600823,0.29320987654321,0.1440329218107,0.128600823045267,0.358333333333333,0.00833333333333333,0.541666666666667,0.0916666666666667,0.0758230452674897,0.284876543209877,0.397633744855967,0.0369341563786008,1.96707818930041,1.04475295978181,0.742330820260824,2.29998254701549,2.36666666666667,1.06405931330082,-0.313819109255109,1.55217405122111,0.4964,1944,120,"c(0.586, 0.096, 0.032, 0.014, 0.312, 0.653, 0.192, 0.043, 0.031, 0.201, 0.638, 0.189, 0.072, 0.05, 0.138, 0.754)","ry30",10.2799964123919,0.268585209647405
"orthog_B_2_large_classes_342",0.363471374360667,0.190562613430127,0.2994555353902,0.146510476819007,0.448803827751196,0.168421052631579,0.369377990430622,0.0133971291866029,0.0853324533905296,0.0221415607985481,0.0699224550404224,0.133113347632404,2.22900511466755,1.09385806871047,0.209367925140854,1.66017724553018,1.94736842105263,0.932201829984117,0.203815446949371,1.39419788577054,0.1743,6061,1045,"c(0.754, 0.105, 0.036, 0.041, 0.175, 0.703, 0.29, 0.114, 0.05, 0.156, 0.55, 0.269, 0.021, 0.036, 0.124, 0.577)","ry22",20.96178702993,0.241298167513853
"orthog_B_2_large_classes_343",0.427777777777778,0.241666666666667,0.163888888888889,0.166666666666667,0.186910704381586,0.323349972268441,0.248474764281753,0.24126455906822,0.240867073396192,0.0816833056017748,0.0845858753928637,0.074597892401553,2.06944444444444,1.11960296644352,0.57570304332409,1.90773634673249,2.54409317803661,1.05090737867342,0.0240462585277183,1.79186943757089,0.2782,360,1803,"c(0.628, 0.13, 0.049, 0.06, 0.202, 0.471, 0.15, 0.031, 0.084, 0.311, 0.604, 0.093, 0.086, 0.088, 0.197, 0.817)","ph3",13.9403381153998,0.256224434385018
"orthog_B_2_large_classes_344",0.296545914069082,0.34709351305813,0.230834035383319,0.125526537489469,0.102522375915378,0.108624898291294,0.71806346623271,0.0707892595606184,0.194023538153703,0.238468614766836,0.48722943084939,0.0547372779288508,2.18534119629318,0.9975644041198,0.381596770531269,2.06875995782025,2.75711960943857,0.728363080746239,-1.1830394945274,4.2083168776304,0.5787,1187,2458,"c(0.63, 0.076, 0.02, 0.034, 0.292, 0.588, 0.169, 0.045, 0.055, 0.283, 0.608, 0.231, 0.023, 0.053, 0.203, 0.69)","ry21",109.3903437535,0.253042445087803
"orthog_B_2_large_classes_345",0.41304347826087,0.152173913043478,0.108695652173913,0.326086956521739,0.0592312539382483,0.223062381852552,0.373030875866415,0.344675488342785,0.353812224322621,0.0708884688090737,0.264335223692502,0.018588531821046,2.34782608695652,1.30579629718967,0.216943121331046,1.31208302810704,3.00315059861374,0.897024503387006,-0.498539278749822,2.34749620890999,0.4477,46,1587,"c(0.605, 0.074, 0.035, 0.042, 0.312, 0.636, 0.205, 0.077, 0.049, 0.228, 0.611, 0.259, 0.034, 0.062, 0.15, 0.623)","for1",7.73119044865331,0.282414327013817
"orthog_B_2_large_classes_346",0.00871248789932236,0.348499515972894,0.0677637947725073,0.575024201355276,0.28740041310121,0.321333726763057,0.308645618176453,0.08262024195928,0.278687925201887,0.0271657892098375,0.240881823403946,0.492403959395996,3.20909970958374,0.956373870605767,-0.487085694470434,1.40742959225747,2.1864856889938,0.944325201885076,0.209981497766658,2.01049797454894,0.6155,1033,6778,"c(0.403, 0.033, 0.02, 0.008, 0.372, 0.517, 0.103, 0.014, 0.072, 0.271, 0.641, 0.092, 0.153, 0.18, 0.236, 0.886)","ry13",202.568618403862,0.170988707461989
"orthog_B_2_large_classes_347",0.350470857724612,0.405192160855179,0.154237719521507,0.090099261898702,0.00520446096654275,0.420817843866171,0.231226765799256,0.34275092936803,0.345266396758069,0.0156256830109915,0.0769890462777497,0.252651667469328,1.9839653855943,0.92997232000839,0.703938889486292,2.64889543408425,2.91152416356877,0.881225648439812,0.127293632785518,1.39481538887203,0.435,7858,1345,"c(0.494, 0.079, 0.011, 0.014, 0.329, 0.641, 0.143, 0.016, 0.132, 0.223, 0.62, 0.152, 0.045, 0.056, 0.226, 0.818)","ry7",231.60171724663,0.193959004990135
"orthog_B_2_large_classes_348",0.479933507480408,0.00427451911659938,0.485632866302541,0.0301591071004512,0.0208333333333333,0.4609375,0.0260416666666667,0.4921875,0.459100174147075,0.456662980883401,0.459591199635874,0.462028392899549,2.06601757302303,1.04011753289564,0.0288134909990243,1.20578971755283,2.98958333333333,1.01801268478781,-0.097656794182315,1.19317104509052,0.9187,4211,384,"c(0.359, 0.095, 0.033, 0.008, 0.309, 0.477, 0.043, 0.001, 0.096, 0.223, 0.583, 0.045, 0.236, 0.204, 0.341, 0.947)","sun12",54.5010831693818,0.1604804274374
"orthog_B_2_large_classes_349",0.47484756097561,0.155487804878049,0.123475609756098,0.246189024390244,0.379707363876229,0.350683617174382,0.226433197409451,0.0431758215399376,0.0951401970993804,0.195195812296334,0.102957587653353,0.203013202850306,2.14100609756098,1.25027858845271,0.488160410308391,1.56014584059328,1.9330774766131,0.87998024029461,0.510546269639617,2.28345497875576,0.3146,1312,4169,"c(0.543, 0.058, 0.009, 0.033, 0.309, 0.594, 0.151, 0.055, 0.111, 0.289, 0.686, 0.21, 0.037, 0.06, 0.154, 0.702)","tru1",48.8060788155776,0.259486146721157
"orthog_B_2_large_classes_350",0.578800557880056,0.330079033007903,0.0567178056717806,0.0344026034402603,0.334763948497854,0.195405200706892,0.266599343600101,0.203231507195153,0.244036609382202,0.134673832301011,0.20988153792832,0.168828903754892,1.54672245467225,0.753437617998015,1.44540274537233,4.85594472098754,2.33829840949255,1.14010679631926,0.134798231181098,1.58445131547574,0.3876,2151,7922,"c(0.542, 0.126, 0.015, 0.025, 0.356, 0.673, 0.348, 0.081, 0.06, 0.173, 0.493, 0.272, 0.042, 0.029, 0.143, 0.622)","for2",203.387211608315,0.236685552320392
"orthog_B_2_large_classes_351",0.0806451612903226,0.0479838709677419,0.295967741935484,0.575403225806452,0.204638472032742,0.343792633015007,0.260572987721692,0.190995907230559,0.12399331074242,0.295808762047265,0.0353947542137922,0.384407318575892,3.36612903225806,0.901064522480636,-1.44701455335292,4.2370140214449,2.43792633015007,1.01853601705485,0.129638268449562,1.90543173568954,0.5019,2480,733,"c(0.63, 0.078, 0.025, 0.023, 0.225, 0.608, 0.132, 0.028, 0.094, 0.262, 0.688, 0.218, 0.05, 0.051, 0.154, 0.731)","cop4",135.641769911812,0.244749940105267
"orthog_B_2_large_classes_352",0.10655737704918,0.201639344262295,0.365573770491803,0.326229508196721,0.305785123966942,0.28099173553719,0.173553719008264,0.239669421487603,0.199227746917762,0.079352391274895,0.192020051483539,0.086560086709118,2.91147540983607,0.972759866355538,-0.516980265074292,2.25564139103578,2.34710743801653,1.14783838383251,0.245535342479516,1.63116365017209,0.3006,610,121,"c(0.631, 0.049, 0.021, 0.019, 0.296, 0.733, 0.172, 0.043, 0.051, 0.183, 0.658, 0.169, 0.022, 0.036, 0.148, 0.769)","ry31",13.5508550185722,0.266813523754201
"orthog_B_2_large_classes_353",0.317529430736978,0.345750685373327,0.179970972423803,0.156748911465893,0.271106941838649,0.413696060037523,0.0731707317073171,0.24202626641651,0.0464224888983288,0.0679453746641966,0.106800240716486,0.0852773549506177,2.17593936461861,1.04572529327828,0.466790792638551,2.0285117615084,2.28611632270169,1.1092881452065,0.482516682231072,1.88340187010598,0.1595,6201,1066,"c(0.695, 0.142, 0.071, 0.064, 0.162, 0.465, 0.134, 0.04, 0.096, 0.317, 0.647, 0.082, 0.047, 0.076, 0.149, 0.814)","phq3",10.6407153388646,0.275739936927289
"orthog_B_2_large_classes_354",0.309021113243762,0.0652591170825336,0.412667946257198,0.213051823416507,0.102969046114972,0.334807327858497,0.223626026531901,0.33859759949463,0.20605206712879,0.269548210775963,0.189041919725296,0.125545776078124,2.52975047984645,1.13721624252797,-0.269203336094303,1.62216646421489,2.79785217940619,1.02196740184909,-0.167067728532061,1.75922658453767,0.4082,521,1583,"c(0.765, 0.092, 0.022, 0.018, 0.19, 0.689, 0.152, 0.02, 0.036, 0.156, 0.681, 0.119, 0.008, 0.064, 0.145, 0.843)","ry19",38.7399406940358,0.260891143801829
"orthog_B_2_large_classes_355",0.174582798459564,0.567394094993582,0.196405648267009,0.061617458279846,0.225934314835787,0.0868252170630427,0.370328425821065,0.316912042280106,0.0513515163762235,0.480568877930539,0.173922777554056,0.25529458400026,2.14505776636714,0.772280081487625,0.547471493538971,3.19025112472735,2.77821819554549,1.12173408163397,-0.516685695342776,1.89349771904704,0.5736,1558,5298,"c(0.351, 0.089, 0.025, 0.011, 0.317, 0.47, 0.036, 0.012, 0.099, 0.233, 0.591, 0.046, 0.233, 0.209, 0.347, 0.931)","sun12",148.817269594924,0.236377827445039
"orthog_B_2_large_classes_356",0.202219482120838,0.153602254711996,0.279372908226176,0.36480535494099,0.308126822157434,0.016399416909621,0.372631195335277,0.302842565597668,0.105907340036596,0.137202837802375,0.0932582871091012,0.0619627893433223,2.80676413598732,1.13575764976319,-0.444721543533523,1.77883959165327,2.67018950437318,1.20123865576804,-0.412478380182517,1.61007663700652,0.2063,5677,5488,"c(0.565, 0.101, 0.025, 0.026, 0.31, 0.638, 0.195, 0.038, 0.042, 0.208, 0.641, 0.193, 0.083, 0.053, 0.139, 0.742)","ry30",23.1699603639836,0.225223123908496
"orthog_B_2_large_classes_357",0.485939257592801,0.435320584926884,0.0534308211473566,0.0253093363329584,0.341101694915254,0.086864406779661,0.334745762711864,0.23728813559322,0.144837562677547,0.348456178147223,0.281314941564508,0.211978799260262,1.61811023622047,0.703397208120993,1.12781772036182,4.45138940362147,2.46822033898305,1.18565159897948,-0.11119153847994,1.47879156318686,0.5162,1778,472,"c(0.769, 0.081, 0.018, 0.015, 0.193, 0.69, 0.159, 0.022, 0.031, 0.162, 0.684, 0.115, 0.007, 0.066, 0.139, 0.847)","ry19",141.542719742,0.256573692200641
"orthog_B_2_large_classes_358",0.222753346080306,0.318594646271511,0.185707456978967,0.272944550669216,0.298288508557457,0.23960880195599,0.327628361858191,0.134474327628362,0.0755351624771513,0.0789858443155203,0.141920904879223,0.138470223040854,2.50884321223709,1.11414433135764,0.086660461017569,1.64593286667096,2.29828850855746,1.03674401208382,0.104778774532218,1.78006625381557,0.2264,8368,409,"c(0.452, 0.091, 0.015, 0.001, 0.341, 0.506, 0.156, 0.027, 0.149, 0.265, 0.507, 0.135, 0.058, 0.139, 0.321, 0.837)","ry8",5.70501628162696,0.252302910024852
"orthog_B_2_large_classes_359",0.299446494464945,0.0269372693726937,0.329335793357934,0.344280442804428,0.316844919786096,0.233957219251337,0.283422459893048,0.165775401069519,0.0173984253211516,0.207019949878643,0.0459133334648854,0.178505041734909,2.71845018450184,1.2205463495623,-0.438658492779514,1.59926733122946,2.29812834224599,1.08373819509459,0.169572278606621,1.7116208703761,0.2777,5420,748,"c(0.608, 0.081, 0.029, 0.033, 0.313, 0.627, 0.21, 0.073, 0.043, 0.231, 0.607, 0.263, 0.036, 0.061, 0.154, 0.631)","for1",28.800973238695,0.253238206914119
"orthog_B_2_large_classes_360",0.397058823529412,0.502100840336134,0.0598739495798319,0.0409663865546218,0.0178329133553014,0.294630742391936,0.531692188408606,0.155844155844156,0.37922591017411,0.207470097944198,0.471818238828774,0.114877769289534,1.74474789915966,0.745415779511224,1.04461500414042,4.31653429881659,2.82554758674162,0.700979962028605,-0.0550951141761662,2.61716408145296,0.6501,2856,5159,"c(0.642, 0.067, 0.024, 0.034, 0.286, 0.611, 0.17, 0.048, 0.048, 0.275, 0.605, 0.234, 0.024, 0.047, 0.201, 0.683)","ry21",659.751942425512,0.249696651734245
"orthog_B_2_large_classes_361",0.449232585596222,0.150826446280992,0.025383707201889,0.374557260920897,0.308731808731809,0.213097713097713,0.30977130977131,0.168399168399168,0.140500776864413,0.0622712668167214,0.284387602569421,0.206158092521729,2.32526564344746,1.36639950149084,0.280791926944737,1.24478736895697,2.33783783783784,1.08534113873236,0.0905675446369968,1.68399225666333,0.3834,3388,962,"c(0.499, 0.084, 0.003, 0.003, 0.335, 0.642, 0.142, 0.013, 0.131, 0.213, 0.626, 0.16, 0.035, 0.061, 0.23, 0.823)","ry7",33.6346047042103,0.231013599509346
"orthog_B_2_large_classes_362",0.264391951006124,0.145231846019248,0.177252843394576,0.413123359580052,0.270833333333333,0.23937074829932,0.264880952380952,0.224914965986395,0.00644138232720909,0.0941389022800721,0.0876281089863767,0.188208393593658,2.73910761154856,1.24412948332233,-0.320923145534819,1.46374090764619,2.44387755102041,1.11281034743571,0.0412818337227799,1.6502085165221,0.228,5715,2352,"c(0.511, 0.068, 0.044, 0.08, 0.355, 0.606, 0.258, 0.09, 0.092, 0.246, 0.491, 0.291, 0.043, 0.08, 0.207, 0.539)","ry11",22.893527317183,0.253139900442273
"orthog_B_2_large_classes_363",0.167059748427673,0.375786163522013,0.148977987421384,0.308176100628931,0.166666666666667,0,0.233333333333333,0.6,0.000393081761006303,0.375786163522013,0.0843553459119497,0.291823899371069,2.59827044025157,1.09124452744835,0.0738008845495107,1.64444641427811,3.26666666666667,1.09341463112378,-1.30713827428259,3.20016307126767,0.4832,2544,30,"c(0.484, 0.064, 0.013, 0.003, 0.271, 0.631, 0.218, 0.03, 0.121, 0.214, 0.506, 0.163, 0.124, 0.091, 0.263, 0.804)","ry5",4.50285414091701,0.187636779295562
"orthog_B_2_large_classes_364",0.210834553440703,0.165446559297218,0.18887262079063,0.434846266471449,0.298013245033113,0.198675496688742,0.268211920529801,0.235099337748344,0.0871786915924098,0.0332289373915235,0.0793392997391717,0.199746928723105,2.84773060029283,1.191824261141,-0.451808028695977,1.64032911709406,2.44039735099338,1.14571928926518,0.0208022671370689,1.57130441058515,0.2343,683,302,"c(0.605, 0.096, 0.023, 0.009, 0.289, 0.667, 0.198, 0.031, 0.101, 0.184, 0.596, 0.172, 0.005, 0.053, 0.182, 0.788)","ry18",14.2125577633854,0.250310455600552
"orthog_B_2_large_classes_365",0.185185185185185,0.234567901234568,0.45679012345679,0.123456790123457,0.197930142302717,0.421302285467874,0.245220641080926,0.135546931148484,0.0127449571175315,0.186734384233306,0.211569482375864,0.0120901410250268,2.51851851851852,0.931096673331595,-0.283354342829046,2.15659549751642,2.31838436107518,0.940196738241698,0.306898644156497,2.22567703951595,0.2827,81,6957,"c(0.463, 0.064, 0.02, 0.022, 0.193, 0.573, 0.016, 0, 0.144, 0.212, 0.628, 0.047, 0.2, 0.151, 0.336, 0.93)","sun11",2.91146589084088,0.133467323680046
"orthog_B_2_large_classes_366",0.341772151898734,0.227848101265823,0.0949367088607595,0.335443037974684,0.17722371967655,0.199123989218329,0.491913746630728,0.131738544474394,0.164548432222184,0.0287241120474939,0.396977037769968,0.20370449350029,2.42405063291139,1.26438209153154,0.1616347648055,1.3665299844073,2.57816711590297,0.928339609352795,-0.399331812326323,2.25598328952216,0.4764,158,2968,"c(0.391, 0.068, 0.018, 0.033, 0.278, 0.595, 0.162, 0.032, 0.184, 0.256, 0.627, 0.181, 0.147, 0.082, 0.193, 0.754)","ry29",8.84945035166543,0.246877800214846
"orthog_B_2_large_classes_367",0.213592233009709,0.16504854368932,0.174757281553398,0.446601941747573,0.162346019488877,0.304283875712447,0.191579334436477,0.341790770362199,0.0512462135208321,0.139235332023127,0.0168220528830792,0.104811171385374,2.85436893203884,1.20200291577026,-0.456545630728435,1.62059551120985,2.712814855672,1.1013552637126,-0.144112153470689,1.64164707859208,0.1824,103,5439,"c(0.644, 0.121, 0.051, 0.047, 0.194, 0.466, 0.146, 0.03, 0.079, 0.318, 0.598, 0.101, 0.084, 0.095, 0.205, 0.821)","ph3",2.59314698895048,0.271871278111566
"orthog_B_2_large_classes_368",0.25,0.166666666666667,0.166666666666667,0.416666666666667,0.378857518056468,0.384110308601445,0.118187787261983,0.118844386080105,0.128857518056468,0.217443641934778,0.0484788794046837,0.297822280586562,2.75,1.23322071557906,-0.316578333441951,1.47663726778007,1.97701904136573,0.98584721188383,0.790179874689585,2.60970270208718,0.3936,12,1523,"c(0.334, 0.093, 0.046, 0.097, 0.219, 0.368, 0.175, 0.088, 0.247, 0.413, 0.664, 0.291, 0.2, 0.125, 0.116, 0.524)","cop1",1.73939831508861,0.394355333834287
"orthog_B_2_large_classes_369",0.219661253710494,0.307141609917933,0.418194517199232,0.0550026191723415,0.327398047099368,0.176335439402642,0.0778288340034463,0.418437679494543,0.107736793388874,0.13080617051529,0.340365683195785,0.363435060322202,2.30853850183342,0.87330993380671,-0.145270145337343,2.05036817515723,2.58730614589316,1.31683297728949,-0.0700252959860347,1.25315878728101,0.526,5727,3482,"c(0.61, 0.111, 0.006, 0.018, 0.184, 0.634, 0.175, 0.041, 0.153, 0.189, 0.605, 0.174, 0.053, 0.066, 0.214, 0.767)","sun4",227.803720666313,0.250747822467451
"orthog_B_2_large_classes_370",0.134920634920635,0.404761904761905,0.412698412698413,0.0476190476190476,0.508305647840532,0.272425249169435,0.214285714285714,0.00498338870431894,0.373385012919897,0.13233665559247,0.198412698412698,0.0426356589147287,2.37301587301587,0.773921440828101,-0.136837329564245,2.46628620819077,1.71594684385382,0.813534708188234,0.618017638497917,1.94847670396873,0.4451,126,602,"c(0.452, 0.09, 0.026, 0.004, 0.337, 0.502, 0.15, 0.021, 0.144, 0.274, 0.503, 0.128, 0.068, 0.134, 0.32, 0.848)","ry8",7.60916540180576,0.155686011733129
"orthog_B_2_large_classes_371",0.304314623902253,0.147002672775869,0.277968690339824,0.270714012982054,0.435016603687164,0.169701133631055,0.0957288446123898,0.299553418069392,0.130701979784911,0.022698460855186,0.182239845727435,0.0288394050873377,2.51508209240168,1.18314403360597,-0.0968311801309739,1.50312441810376,2.25981907706401,1.28897368777284,0.347674261411194,1.40278415625516,0.2272,2619,8733,"c(0.416, 0.047, 0.009, 0.019, 0.363, 0.536, 0.123, 0.034, 0.109, 0.295, 0.598, 0.112, 0.112, 0.121, 0.269, 0.835)","ry15",36.8896985762078,0.181711520467488
"orthog_B_2_large_classes_372",0.253323485967504,0.24273756770064,0.212456917774495,0.291482028557361,0.294789436117059,0.287651677373305,0.0637639781108732,0.353794908398763,0.0414659501495556,0.0449141096726647,0.148692939663622,0.0623128798414019,2.54209748892171,1.15664983053481,-0.0284562857156585,1.55307518502099,2.47656435879134,1.24363156109548,0.145526062794604,1.39068557880349,0.1724,4062,4203,"c(0.498, 0.078, 0.01, 0.009, 0.33, 0.642, 0.138, 0.01, 0.131, 0.219, 0.629, 0.151, 0.042, 0.061, 0.223, 0.831)","ry7",17.4349399688902,0.23974208275655
"orthog_B_2_large_classes_373",0.0645161290322581,0.419354838709677,0.193548387096774,0.32258064516129,0.2296277011195,0.18458734704504,0.346003644884145,0.239781306951315,0.165111572087242,0.234767491664637,0.152455257787371,0.0827993382099756,2.7741935483871,0.974172185196226,0.0448772476242427,1.68631694367498,2.59593855766727,1.08610027589277,-0.223192036221219,1.76361468568147,0.3354,31,3841,"c(0.53, 0.068, 0.011, 0.009, 0.363, 0.594, 0.198, 0.052, 0.054, 0.26, 0.627, 0.242, 0.054, 0.078, 0.164, 0.697)","ry23",1.65471673968152,0.208437958159601
"orthog_B_2_large_classes_374",0.428478543563069,0.336801040312094,0.0630689206762029,0.171651495448635,0.608974358974359,0.032051282051282,0.266826923076923,0.0921474358974359,0.18049581541129,0.304749758260812,0.20375800240072,0.0795040595511987,1.9778933680104,1.08520262755666,0.849696092854483,2.40143886170672,1.84214743589744,1.10429778304915,0.725093930650194,1.87192348915533,0.4163,1538,1248,"c(0.614, 0.099, 0.02, 0.001, 0.287, 0.661, 0.205, 0.038, 0.099, 0.186, 0.6, 0.169, 0.001, 0.054, 0.175, 0.792)","ry18",21.2199853174075,0.236548116903963
"orthog_B_2_large_classes_375",0.325443786982249,0.20249835634451,0.326101249178172,0.145956607495069,0.309021922428331,0.557335581787521,0.0670320404721754,0.066610455311973,0.016421864553918,0.354837225443011,0.259069208705997,0.079346152183096,2.29257067718606,1.07227508830131,0.108767508280942,1.68844131082823,1.89123102866779,0.794144253283829,0.994273394719161,4.05685990626478,0.4468,1521,2372,"c(0.594, 0.218, 0.052, 0.06, 0.18, 0.408, 0.179, 0.039, 0.126, 0.27, 0.57, 0.126, 0.101, 0.103, 0.199, 0.775)","ph2",27.5368321587749,0.230659125169185
"orthog_B_2_large_classes_376",0.343915343915344,0.343915343915344,0.00529100529100529,0.306878306878307,0.0777537796976242,0.0626349892008639,0.354211663066955,0.505399568034557,0.26616156421772,0.28128035471448,0.348920657775949,0.19852126115625,2.27513227513227,1.22516195170276,0.465817836112584,1.61070774478808,3.28725701943844,0.892487019966822,-1.25109578911476,3.8345167285912,0.5578,189,463,"c(0.504, 0.071, 0.028, 0.073, 0.355, 0.585, 0.267, 0.088, 0.097, 0.252, 0.493, 0.294, 0.044, 0.092, 0.212, 0.545)","ry11",17.2808906680875,0.245949067162825
"orthog_B_2_large_classes_377",0.246828143021915,0.364987825195438,0.18556965269768,0.202614379084967,0.291156462585034,0.291156462585034,0.20952380952381,0.208163265306122,0.0443283195631194,0.0738313626104036,0.0239541568261291,0.00554888622115512,2.3439702678457,1.06044319362124,0.300655437055567,1.87303825775128,2.33469387755102,1.10513046363911,0.237001009540763,1.72272254065071,0.0896,7803,735,"c(0.611, 0.115, 0.071, 0.051, 0.214, 0.577, 0.136, 0.058, 0.097, 0.227, 0.586, 0.111, 0.078, 0.081, 0.208, 0.78)","phq7",1.98641998672038,0.252171514353745
"orthog_B_2_large_classes_378",0.278601694915254,0.219279661016949,0.194915254237288,0.307203389830508,0.0267632241813602,0.691435768261965,0.183564231738035,0.0982367758186398,0.251838470733894,0.472156107245016,0.0113510224992529,0.208966614011869,2.53072033898305,1.19191712390765,-0.0221304654115702,1.48050099071655,2.35327455919395,0.691716448423971,1.18292847265856,3.7347270202054,0.5746,944,3176,"c(0.806, 0.2, 0.069, 0.022, 0.13, 0.634, 0.235, 0.031, 0.042, 0.101, 0.504, 0.111, 0.021, 0.065, 0.192, 0.836)","ry25",96.5992668851686,0.213323991684142
"orthog_B_2_large_classes_379",0.0415879017013233,0.00441083805923125,0.295526149968494,0.658475110270952,0.249401523394995,0.32557127312296,0.135582154515778,0.289445048966268,0.207813621693671,0.321160435063728,0.159943995452716,0.369030061304684,3.57088846880907,0.709453248154032,-2.03516018234065,7.48947944844219,2.46507072905332,1.15172613530894,0.163928493699859,1.58110996647028,0.5551,1587,4595,"c(0.464, 0.06, 0.024, 0, 0.188, 0.568, 0.026, 0.004, 0.142, 0.205, 0.616, 0.045, 0.206, 0.167, 0.333, 0.951)","sun11",465.066451333862,0.143984946225835
"orthog_B_2_large_classes_380",0.556341719077568,0.0165094339622642,0.359276729559748,0.0678721174004193,0.344276685393258,0.345856741573034,0.292837078651685,0.0170294943820225,0.21206503368431,0.32934730761077,0.066439650908063,0.0508426230183968,1.93867924528302,1.08781739427164,0.438008971767026,1.5090658413284,1.98261938202247,0.839600890716388,0.205383075158621,1.84486066032425,0.4006,3816,5696,"c(0.465, 0.063, 0.011, 0.016, 0.194, 0.568, 0.024, 0, 0.142, 0.206, 0.634, 0.048, 0.198, 0.162, 0.33, 0.936)","sun11",108.207293468102,0.180662508221845
"orthog_B_2_large_classes_381",0.349066390041494,0.246369294605809,0.0715767634854772,0.33298755186722,0.372636815920398,0.428524046434494,0.118739635157546,0.0800995024875622,0.0235704258789042,0.182154751828685,0.0471628716720684,0.252888049379658,2.38848547717842,1.26557196358694,0.227475868246064,1.38724974900194,1.90630182421227,0.89609994581087,0.852514973670097,3.04048034258061,0.3161,1928,6030,"c(0.736, 0.194, 0.097, 0.084, 0.157, 0.521, 0.121, 0.036, 0.084, 0.237, 0.642, 0.144, 0.022, 0.049, 0.14, 0.735)","phq5",155.666085965737,0.286089355230084
"orthog_B_2_large_classes_382",0.239446870451237,0.203056768558952,0.311499272197962,0.245997088791849,0.328474018339995,0.113802022102046,0.316247354808371,0.241476604749589,0.089027147888758,0.0892547464569064,0.00474808261040843,0.0045204840422601,2.56404657933042,1.10308021202551,-0.147810685808226,1.6956879102868,2.47072654596755,1.1785772401791,-0.0893650363277221,1.49679367947017,0.1262,4122,4253,"c(0.648, 0.131, 0.034, 0.047, 0.195, 0.472, 0.157, 0.025, 0.075, 0.304, 0.61, 0.103, 0.082, 0.093, 0.199, 0.826)","ph3",11.7516373301463,0.230623520673923
"orthog_B_2_large_classes_383",0.318002628120894,0.362680683311432,0.0157687253613666,0.303547963206308,0.154046997389034,0.24967362924282,0.498694516971279,0.0975848563968668,0.16395563073186,0.113007054068612,0.482925791609913,0.205963106809441,2.30486202365309,1.20624307369685,0.437050789847905,1.62256185827231,2.53981723237598,0.866993826724112,-0.382513918443873,2.39497555432769,0.5615,761,3064,"c(0.527, 0.121, 0.026, 0.007, 0.354, 0.67, 0.339, 0.075, 0.082, 0.175, 0.487, 0.279, 0.038, 0.034, 0.147, 0.638)","for2",29.8377010940634,0.244455182276255
"orthog_B_2_large_classes_384",0.184615384615385,0.276923076923077,0.123076923076923,0.415384615384615,0.35870143693454,0.230707823310271,0.355774348057477,0.0548163916977115,0.174086052319155,0.0462152536128055,0.232697424980554,0.360568223686904,2.76923076923077,1.17367576140066,-0.230404605975179,1.50684628192865,2.10670569451836,0.960393277017399,0.157059919139185,1.7267494619564,0.4654,65,3758,"c(0.496, 0.085, 0.003, 0.01, 0.184, 0.528, 0.122, 0.027, 0.272, 0.288, 0.668, 0.183, 0.048, 0.099, 0.207, 0.781)","tru2",7.64186746519301,0.220302366112456
"orthog_B_2_large_classes_385",0.0411196911196911,0.436486486486486,0.193436293436293,0.328957528957529,0.0625,0.304347826086957,0.228260869565217,0.404891304347826,0.0213803088803089,0.13213866039953,0.034824576128924,0.0759337753902972,2.81023166023166,0.945468538421215,0.0937750419224037,1.61320437843227,2.97554347826087,0.979102144303242,-0.35063307200609,1.82112812088759,0.1578,5180,368,"c(0.671, 0.096, 0.028, 0.035, 0.134, 0.509, 0.117, 0.025, 0.108, 0.216, 0.655, 0.081, 0.087, 0.179, 0.2, 0.859)","phq4",3.53368941619853,0.199558740026693
"orthog_B_2_large_classes_386",0.32505036937542,0.0154466084620551,0.280949182896799,0.378553839265726,0.209677419354839,0.379032258064516,0.217741935483871,0.193548387096774,0.115372950020581,0.363585649602461,0.0632072474129278,0.185005452168952,2.71300649205283,1.26958128988483,-0.403593896995876,1.47934239903207,2.39516129032258,1.02247760750855,0.238895489664951,1.93657631485383,0.4286,4467,124,"c(0.696, 0.136, 0.072, 0.069, 0.165, 0.465, 0.136, 0.039, 0.1, 0.32, 0.639, 0.089, 0.039, 0.079, 0.153, 0.802)","phq3",9.6316352987269,0.26122371081265
"orthog_B_2_large_classes_387",0.212806026365348,0.311676082862524,0.0734463276836158,0.402071563088512,0.00914380714879468,0.289553893045165,0.384039900249377,0.317262399556664,0.203662219216554,0.0221221898173586,0.310593572565761,0.0848091635318483,2.66478342749529,1.20523922975093,-0.0648734221841933,1.40961135022957,3.00942089221391,0.802061573688019,-0.123310344534467,1.82479954251262,0.3816,1062,3609,"c(0.5, 0.096, 0.007, 0.008, 0.175, 0.521, 0.117, 0.036, 0.261, 0.278, 0.669, 0.177, 0.064, 0.106, 0.207, 0.779)","tru2",53.6134679574852,0.261392922883479
"orthog_B_2_large_classes_388",0.418918918918919,0.128378378378378,0.209459459459459,0.243243243243243,0.535744089012517,0.227260083449235,0.0372739916550765,0.199721835883171,0.116825170093598,0.0988817050708567,0.172185467804383,0.0435214073600722,2.27702702702703,1.23474992514595,0.238062086697677,1.42648061768465,1.9009735744089,1.16709005275297,0.946678170244374,2.30927953570429,0.2345,148,3595,"c(0.774, 0.086, 0.025, 0.012, 0.187, 0.695, 0.147, 0.024, 0.028, 0.162, 0.686, 0.123, 0.011, 0.056, 0.142, 0.841)","ry19",12.9688970654582,0.257961836150472
"orthog_B_2_large_classes_389",0.133257403189066,0.276006074411541,0.287775246772969,0.302961275626424,0.319388576025744,0.160901045856798,0.295789755966747,0.223920622150711,0.186131172836678,0.115105028554743,0.00801450919377822,0.079040653475713,2.76044039483675,1.02694116597216,-0.246931092305841,1.87771632766426,2.42424242424242,1.15363737199704,-0.00158655778689312,1.54267441662392,0.2328,2634,3729,"c(0.623, 0.14, 0.04, 0.017, 0.25, 0.685, 0.244, 0.05, 0.085, 0.141, 0.604, 0.167, 0.043, 0.034, 0.112, 0.767)","sun3",48.9773757921812,0.241786230940764
"orthog_B_2_large_classes_390",0.042863087806908,0.066167290886392,0.287973366625052,0.602996254681648,0.00728155339805825,0.211974110032362,0.535868392664509,0.24487594390507,0.0355815344088498,0.14580681914597,0.247895026039457,0.358120310776578,3.45110278818144,0.798199330550085,-1.49463052991269,4.698372154862,3.01833872707659,0.696878725904928,-0.153870771147295,2.44309581023233,0.4607,4806,3708,"c(0.387, 0.05, 0.02, 0.034, 0.283, 0.609, 0.154, 0.028, 0.184, 0.264, 0.617, 0.186, 0.147, 0.077, 0.209, 0.751)","ry29",181.965682607808,0.250782543225562
"orthog_B_2_large_classes_391",0.351154697880418,0.156912369503322,0.0987029421069282,0.393229990509332,0.12,0.0114285714285714,0.491428571428571,0.377142857142857,0.231154697880418,0.14548379807475,0.392725629321643,0.0160871333664753,2.53400822524518,1.31818542602897,-0.0185945684215969,1.251336422636,3.12571428571429,0.923454030766435,-1.16558425365267,3.6977170800182,0.4786,3161,175,"c(0.764, 0.111, 0.036, 0.049, 0.184, 0.693, 0.29, 0.104, 0.043, 0.153, 0.559, 0.278, 0.009, 0.043, 0.115, 0.568)","ry22",22.9743253113821,0.228210214663848
"orthog_B_2_large_classes_392",0.0614035087719298,0.263157894736842,0.368421052631579,0.307017543859649,0.222706065318818,0.268429237947123,0.0590979782270607,0.449766718506998,0.161302556546888,0.00527134321028078,0.309323074404518,0.142749174647349,2.92105263157895,0.899753736698882,-0.350272682978515,2.1998586232155,2.73592534992224,1.24067916759963,-0.189781790477898,1.37154342310557,0.377,114,3215,"c(0.422, 0.055, 0.011, 0.017, 0.362, 0.531, 0.12, 0.033, 0.107, 0.294, 0.6, 0.107, 0.11, 0.12, 0.27, 0.842)","ry15",5.61439340949371,0.182451331402564
"orthog_B_2_large_classes_393",0.153833333333333,0.389666666666667,0.426833333333333,0.0296666666666667,0.303176580504516,0.00965431329803799,0.386328246652133,0.300840859545313,0.149343247171182,0.380012353368629,0.0405050866812001,0.271174192878646,2.33233333333333,0.767390310656115,-0.251141561766909,2.31773454294926,2.68483338523824,1.1932608682937,-0.445337250130492,1.65184711637941,0.4918,6000,6422,"c(0.633, 0.149, 0.041, 0.03, 0.25, 0.674, 0.241, 0.05, 0.084, 0.135, 0.607, 0.159, 0.034, 0.043, 0.111, 0.761)","sun3",449.901870972256,0.248133232276604
"orthog_B_2_large_classes_394",0.210904480135249,0.0946745562130177,0.347844463229079,0.346576500422654,0.417400881057269,0.389041850220264,0.0134911894273128,0.180066079295154,0.206496400922019,0.294367294007247,0.334353273801766,0.1665104211275,2.83009298393914,1.12071431822296,-0.561387472934271,1.93991082999618,1.95622246696035,1.07202607956437,0.96397799637208,2.65507585137804,0.5185,2366,3632,"c(0.509, 0.068, 0.033, 0.081, 0.357, 0.595, 0.255, 0.09, 0.097, 0.259, 0.497, 0.287, 0.037, 0.078, 0.215, 0.542)","ry11",142.551115459456,0.255528416813514
"orthog_B_2_large_classes_395",0.372315035799523,0.181384248210024,0.295942720763723,0.15035799522673,0.106382978723404,0.21580547112462,0.0952380952380952,0.58257345491388,0.265932057076118,0.0344212229145962,0.200704625525628,0.43221545968715,2.22434367541766,1.10424619210132,0.218744435791048,1.64034201146479,3.15400202634245,1.09553375886576,-0.792822509437381,2.06274302309443,0.5468,419,987,"c(0.769, 0.096, 0.016, 0.024, 0.19, 0.698, 0.153, 0.014, 0.031, 0.15, 0.686, 0.123, 0.011, 0.056, 0.145, 0.838)","ry19",126.4006113978,0.23977454811637
"orthog_B_2_large_classes_396",0.0278396436525612,0.0178173719376392,0.501113585746102,0.453229398663697,0.49035504612804,0.128180039138943,0.164523343584009,0.216941571149008,0.462515402475479,0.110362667201304,0.336590242162093,0.23628782751469,3.37973273942094,0.66197310506051,-1.17645164489179,5.38946395037682,2.10805143975398,1.22921501808071,0.494615216385703,1.58689006871651,0.6287,898,7154,"c(0.546, 0.116, 0.024, 0.019, 0.354, 0.68, 0.328, 0.08, 0.065, 0.163, 0.5, 0.281, 0.035, 0.041, 0.148, 0.62)","for2",251.214500548461,0.188455788692076
"orthog_B_2_large_classes_397",0.300417246175243,0.226703755215577,0.108484005563282,0.364394993045897,0.279352226720648,0.233805668016194,0.27834008097166,0.208502024291498,0.0210650194545956,0.00710191280061714,0.169856075408378,0.155892968754399,2.53685674547983,1.25629059486845,0.013409640080799,1.35282176222917,2.41599190283401,1.10392533336039,0.0551326408100677,1.66657094685519,0.2316,719,988,"c(0.353, 0.079, 0.035, 0, 0.309, 0.481, 0.041, 0.017, 0.108, 0.23, 0.586, 0.047, 0.229, 0.21, 0.337, 0.936)","sun12",9.5173733270771,0.241145307647104
"orthog_B_2_large_classes_398",0.312203295168947,0.240714884110584,0.117844177604021,0.329237643116448,0.388276553106212,0.446392785571142,0.0696392785571142,0.0956913827655311,0.0760732579372652,0.205677901460559,0.048204899046907,0.233546260350917,2.46411616866797,1.23757594806126,0.109237990874778,1.40149068420623,1.87274549098196,0.908013024499115,1.02012741249391,3.37955091433615,0.324,3581,3992,"c(0.503, 0.097, 0.011, 0.012, 0.176, 0.521, 0.124, 0.032, 0.268, 0.281, 0.656, 0.179, 0.053, 0.102, 0.209, 0.777)","tru2",149.980190471819,0.255964837206409
"orthog_B_2_large_classes_399",0.239543726235741,0.214828897338403,0.0665399239543726,0.479087452471483,0.306695464362851,0.235421166306695,0.0777537796976242,0.380129589632829,0.0671517381271095,0.0205922689682924,0.0112138557432516,0.0989578628386535,2.7851711026616,1.26725680097651,-0.29834326704855,1.37959596565563,2.53131749460043,1.27384038345599,0.0365972065204328,1.32074646178338,0.1219,526,463,"c(0.829, 0.08, 0.027, 0.025, 0.073, 0.622, 0.073, 0.026, 0.062, 0.212, 0.731, 0.079, 0.035, 0.087, 0.169, 0.871)","cyb1",7.01869268661797,0.252438869626334
"orthog_B_2_large_classes_400",0.211267605633803,0.0704225352112676,0.380281690140845,0.338028169014085,0.18096561306009,0.210837096213963,0.407433136505731,0.200764154220215,0.0303019925737125,0.140414561002696,0.0271514463648861,0.137264014793869,2.84507042253521,1.10883630567688,-0.621527981480267,2.04136690254202,2.62799583188607,0.998537230943546,-0.294859354520407,2.03505291967874,0.2005,71,2879,"c(0.548, 0.062, 0.007, 0.015, 0.297, 0.607, 0.145, 0.066, 0.112, 0.281, 0.687, 0.21, 0.043, 0.05, 0.161, 0.709)","tru1",2.5044538260429,0.29194398310556
"orthog_B_2_large_classes_401",0.407063860149839,0.358901177310025,0.0271138066357474,0.206921155904388,0.224371373307544,0.191489361702128,0.179883945841393,0.404255319148936,0.182692486842296,0.167411815607897,0.152770139205645,0.197334163244548,2.03389225829468,1.12281503607265,0.810424523254317,2.2528655259031,2.76402321083172,1.19897670079742,-0.319904966706954,1.53969399549951,0.3517,2803,517,"c(0.646, 0.07, 0.019, 0.025, 0.292, 0.597, 0.171, 0.056, 0.048, 0.279, 0.597, 0.231, 0.013, 0.054, 0.212, 0.688)","ry21",64.5866626602594,0.246627093871859
"orthog_B_2_large_classes_402",0.0875763747454175,0.334012219959267,0.293279022403259,0.285132382892057,0.305311585110832,0.168548724383103,0.249686323713927,0.276453366792137,0.217735210365415,0.165463495576163,0.0435926986893314,0.00867901609991983,2.77596741344195,0.958780215687154,-0.136622020971735,1.93258937379221,2.49728147218737,1.18891652920315,-0.0450600712709237,1.48667186866972,0.2771,491,2391,"c(0.541, 0.123, 0.014, 0.024, 0.356, 0.669, 0.339, 0.079, 0.063, 0.169, 0.496, 0.282, 0.04, 0.039, 0.151, 0.615)","for2",12.0841047533118,0.227356477266857
"orthog_B_2_large_classes_403",0.16362807657247,0.284715891826193,0.267851716803403,0.283804314797934,0.296185040552719,0.35926704716131,0.154400720937218,0.190147191348753,0.132556963980248,0.074551155335117,0.113450995866185,0.0936571234491804,2.6718322698268,1.05609585445024,-0.14987652715745,1.78663685082706,2.23851006308201,1.07437771602615,0.435351828988582,1.93686295103375,0.2116,6582,3329,"c(0.461, 0.09, 0.023, 0.001, 0.338, 0.501, 0.146, 0.023, 0.135, 0.27, 0.507, 0.136, 0.066, 0.139, 0.324, 0.841)","ry8",82.3779855591429,0.225524097134849
"orthog_B_2_large_classes_404",0.32390243902439,0.0380487804878049,0.330243902439024,0.30780487804878,0.323220536756126,0.140412290937378,0.314274601322443,0.222092570984053,0.000681902268264256,0.102363510449574,0.0159693011165818,0.0857123070647276,2.6219512195122,1.2241497188685,-0.309558059551597,1.49806721723521,2.43523920653442,1.15604163208341,-0.0386138245674986,1.53409069362882,0.1345,2050,2571,"c(0.416, 0.046, 0.01, 0.025, 0.363, 0.542, 0.12, 0.03, 0.107, 0.283, 0.603, 0.112, 0.114, 0.129, 0.267, 0.833)","ry15",12.0812970363893,0.259268954010896
"orthog_B_2_large_classes_405",0.112598613435333,0.670093234520679,0.0164953382739661,0.200812813770022,0.289859833552343,0.259307928164696,0.189443714410863,0.261388523872098,0.17726122011701,0.410785306355983,0.172948376136897,0.0605757101020766,2.30552235237868,0.915970140881451,0.927624600025009,2.83026519798949,2.42236092860272,1.16037446087091,0.1339343280667,1.56372227031403,0.4835,4183,9132,"c(0.433, 0.062, 0.003, 0.012, 0.409, 0.557, 0.126, 0.019, 0.1, 0.285, 0.613, 0.163, 0.058, 0.096, 0.258, 0.807)","ry9",83.6800413774108,0.201324818489634
"orthog_B_2_large_classes_406",0.122430741733691,0.263330354483169,0.300565981531129,0.313672922252011,0.0450143941376603,0.240251243130071,0.315100758963622,0.399633603768647,0.0774163475960305,0.0230791113530988,0.0145347774324931,0.0859606815166362,2.80548108430146,1.01434147854921,-0.307890623005967,1.93731219330669,3.06935357236326,0.902846889261858,-0.503659956226633,2.16632481132886,0.1189,3357,3821,"c(0.728, 0.19, 0.095, 0.086, 0.147, 0.523, 0.134, 0.027, 0.093, 0.239, 0.64, 0.149, 0.032, 0.048, 0.131, 0.738)","phq5",23.0404209958196,0.237578574520335
"orthog_B_2_large_classes_407",0.428943937418514,0.404172099087353,0.0286831812255541,0.138200782268579,0.225921521997622,0.15576694411415,0.316290130796671,0.302021403091558,0.203022415420892,0.248405154973203,0.287606949571117,0.163820620822979,1.8761408083442,0.997541552197579,1.08498090083927,3.14137221372029,2.69441141498216,1.12609504567909,-0.329161273015931,1.7280152421084,0.461,767,841,"c(0.559, 0.127, 0.044, 0.125, 0.299, 0.495, 0.235, 0.1, 0.096, 0.334, 0.61, 0.265, 0.046, 0.045, 0.112, 0.511)","cop2",27.9651492397293,0.242388359686993
"orthog_B_2_large_classes_408",0.0178477690288714,0.204549431321085,0.718285214348206,0.0593175853018373,0.129770992366412,0.0916030534351145,0.748091603053435,0.0305343511450382,0.111923223337541,0.11294637788597,0.0298063887052287,0.0287832341567991,2.81907261592301,0.550021249070856,-0.708480483794497,4.41022623281808,2.6793893129771,0.733778005538804,-1.38804771743815,3.97554562320796,0.1643,5715,262,"c(0.6, 0.113, 0.065, 0.066, 0.206, 0.567, 0.139, 0.053, 0.112, 0.234, 0.585, 0.105, 0.082, 0.087, 0.212, 0.776)","phq7",3.53344436914169,0.297032010973177
"orthog_B_2_large_classes_409",0.457424349049965,0.196575181796857,0.329814684494487,0.0161857846586911,0.324070115433946,0.186404446344592,0.113723813595554,0.375801624625908,0.133354233616019,0.010170735452265,0.216090870898934,0.359615839967217,1.9047619047619,0.918102324032913,0.314742103083965,1.53841715400952,2.54125694741342,1.28376062582159,-0.0182167118212214,1.30755976711122,0.4403,4263,2339,"c(0.75, 0.106, 0.046, 0.054, 0.182, 0.695, 0.292, 0.108, 0.053, 0.158, 0.556, 0.269, 0.015, 0.041, 0.106, 0.569)","ry22",183.803924720332,0.263051858316645
"orthog_B_2_large_classes_410",0.303664921465969,0.222513089005236,0.0863874345549738,0.387434554973822,0.250871080139373,0.257522964840038,0.453278428888185,0.0383275261324042,0.0527938413265958,0.0350098758348024,0.366890994333211,0.349107028841418,2.55759162303665,1.27627667761955,-0.0076550492856278,1.31507665472156,2.27906240101362,0.882940422620738,-0.240238229113888,1.86202349445142,0.5104,382,3157,"c(0.502, 0.088, 0.01, 0.011, 0.179, 0.524, 0.121, 0.023, 0.273, 0.285, 0.66, 0.182, 0.045, 0.103, 0.208, 0.783)","tru2",30.4757179036164,0.275116192802642
"orthog_B_2_large_classes_411",0.179254617414248,0.133905013192612,0.315633245382586,0.371207124010554,0.402483186756337,0.00155199172271081,0.347646145887222,0.24831867563373,0.223228569342089,0.132353021469901,0.0320129005046362,0.122888448376824,2.87879287598945,1.09883549266906,-0.569728892593559,1.98918624862358,2.44180031039834,1.24427349120296,-0.10720963803126,1.35043301382422,0.2889,6064,1933,"c(0.459, 0.089, 0.012, 0, 0.331, 0.507, 0.144, 0.03, 0.148, 0.268, 0.521, 0.131, 0.062, 0.136, 0.323, 0.84)","ry8",63.1260038447646,0.211698088736576
"orthog_B_2_large_classes_412",0.252551020408163,0.108418367346939,0.213010204081633,0.426020408163265,0.180813347236705,0.37288842544317,0.325130344108446,0.121167883211679,0.0717376731714583,0.264470058096231,0.112120140026814,0.304852524951586,2.8125,1.22861165839449,-0.456778018680647,1.58884642323895,2.3866527632951,0.917123145945042,0.103962355180175,2.18207779962556,0.425,784,4795,"c(0.648, 0.076, 0.009, 0.015, 0.267, 0.714, 0.188, 0.04, 0.039, 0.161, 0.659, 0.146, 0.045, 0.05, 0.144, 0.8)","sun1",99.6389868424512,0.258287910787945
"orthog_B_2_large_classes_413",0.0328358208955224,0.447761194029851,0.167164179104478,0.352238805970149,0.368613138686131,0.295255474452555,0.18029197080292,0.155839416058394,0.335777317790609,0.152505719577296,0.0131277916984421,0.196399389911755,2.83880597014925,0.951503950765611,0.0972718909930288,1.50984058503075,2.12335766423358,1.07566056932355,0.504846153093596,1.96184392084574,0.418,335,2740,"c(0.539, 0.121, 0.011, 0.018, 0.353, 0.674, 0.338, 0.081, 0.071, 0.165, 0.497, 0.275, 0.038, 0.04, 0.155, 0.627)","for2",30.5539035534146,0.209247254599962
"orthog_B_2_large_classes_414",0.313690342818732,0.00761819403988349,0.326686085592651,0.352005377548734,0.591337099811676,0.0630885122410546,0.238229755178908,0.107344632768362,0.277646756992944,0.0554703182011711,0.088456330413743,0.244660744780372,2.71700649787139,1.23866848697161,-0.441929232805357,1.56506552372762,1.86158192090395,1.11345669940209,0.741156631964529,1.93268438944667,0.3845,4463,1062,"c(0.614, 0.101, 0.008, 0.01, 0.193, 0.65, 0.174, 0.036, 0.148, 0.188, 0.6, 0.183, 0.046, 0.061, 0.218, 0.771)","sun4",140.658879941239,0.244480336430107
"orthog_B_2_large_classes_415",0.3015625,0.1703125,0.2359375,0.2921875,0.304473768908915,0.150627615062762,0.290312198261989,0.254586417766334,0.00291126890891535,0.0196848849372385,0.0543746982619891,0.0376010822336659,2.51875,1.19881126016567,-0.0605290635887454,1.46995550010107,2.49501126488574,1.169656140014,-0.0815109425842155,1.52536000813072,0.069,640,3107,"c(0.7, 0.144, 0.065, 0.074, 0.162, 0.456, 0.137, 0.028, 0.102, 0.306, 0.649, 0.096, 0.036, 0.094, 0.148, 0.801)","phq3",2.04118970743785,0.302903565167801
"orthog_B_2_large_classes_416",0.206896551724138,0.172413793103448,0.310344827586207,0.310344827586207,0.04,0.257777777777778,0.391111111111111,0.311111111111111,0.166896551724138,0.0853639846743295,0.0807662835249042,0.00076628352490421,2.72413793103448,1.11096577197152,-0.34626813601772,1.77228886141646,2.97333333333333,0.853333333333333,-0.335372924804688,2.23209571838379,0.2041,29,225,"c(0.505, 0.13, 0.042, 0.03, 0.345, 0.538, 0.183, 0.041, 0.045, 0.254, 0.53, 0.18, 0.105, 0.078, 0.245, 0.749)","ry4",1.74307583261633,0.368959514225273
"orthog_B_2_large_classes_417",0.211920529801325,0.0375275938189845,0.379690949227373,0.370860927152318,0.221664698937426,0.236127508854782,0.312868949232586,0.229338842975207,0.00974416913610171,0.198599915035797,0.0668219999947875,0.141522084177111,2.90949227373068,1.11708504226946,-0.733479909910603,2.16256734211113,2.54988193624557,1.07215618090913,-0.110876997646775,1.76148562272394,0.253,453,3388,"c(0.606, 0.08, 0.033, 0.039, 0.315, 0.621, 0.207, 0.079, 0.057, 0.234, 0.609, 0.256, 0.023, 0.065, 0.15, 0.626)","for1",12.4976474832212,0.258931979803307
"orthog_B_2_large_classes_418",0.14089521871821,0.208036622583927,0.393692777212614,0.257375381485249,0.35771632471008,0.0410347903657449,0.264049955396967,0.337198929527208,0.216821105991871,0.167001832218182,0.129642821815647,0.0798235480419586,2.7675483214649,0.987400170188475,-0.400311840718589,2.14867392284744,2.5807314897413,1.27801132038755,-0.209579589138627,1.35488220417744,0.3132,1966,1121,"c(0.556, 0.05, 0.012, 0.015, 0.289, 0.621, 0.156, 0.069, 0.115, 0.284, 0.672, 0.21, 0.039, 0.045, 0.161, 0.706)","tru1",37.5068320107537,0.218483769157058
"orthog_B_2_large_classes_419",0.248601398601399,0.23006993006993,0.145454545454545,0.375874125874126,0.108341559723593,0.495804540967423,0.258637709772952,0.137216189536032,0.140259838877805,0.265734610897493,0.113183164318406,0.238657936338094,2.6486013986014,1.21526485725736,-0.135228997135341,1.43639488608585,2.42472852912142,0.857583642679258,0.371498426327832,2.46965398648622,0.4001,2860,8104,"c(0.509, 0.084, 0.017, 0.012, 0.323, 0.641, 0.145, 0.021, 0.131, 0.219, 0.615, 0.154, 0.038, 0.056, 0.224, 0.813)","ry7",170.059270137291,0.250564213088525
"orthog_B_2_large_classes_420",0.484633569739953,0.0803782505910166,0.0260047281323877,0.408983451536643,0.00648570742253183,0.502041796781167,0.488589959164064,0.00288253663223637,0.478147862317421,0.421663546190151,0.462585231031677,0.406100914904407,2.35933806146572,1.42036905823838,0.206594821366754,1.13603701119564,2.48786932500601,0.518256051420267,-0.0292093626486874,1.50965372372967,0.8862,423,4163,"c(0.65, 0.082, 0, 0.009, 0.268, 0.708, 0.193, 0.043, 0.029, 0.157, 0.666, 0.149, 0.053, 0.054, 0.141, 0.8)","sun1",217.193264319117,0.285792851840783
"orthog_B_2_large_classes_421",0.0209505941213258,0.530956848030019,0.271419637273296,0.17667292057536,0.465094559887929,0.392715386411394,0.0322204062572963,0.109969647443381,0.444143965766603,0.138241461618625,0.239199231016,0.0667032731319788,2.60381488430269,0.796535937162028,0.582533946680708,2.20399365093846,1.78706514125613,0.944379320956614,1.21847539749345,3.6286761415197,0.5273,3198,4283,"c(0.69, 0.081, 0.009, 0.005, 0.208, 0.631, 0.142, 0.015, 0.061, 0.238, 0.637, 0.155, 0.041, 0.049, 0.212, 0.825)","ry28",559.820817427547,0.212412496268762
"orthog_B_2_large_classes_422",0.198525073746313,0.34306784660767,0.333038348082596,0.125368731563422,0.202786377708978,0.216524767801858,0.505611455108359,0.075077399380805,0.00426130396266566,0.126543078805812,0.172573107025763,0.0502913321826169,2.38525073746313,0.940542512259128,0.069569188157227,2.09375612980368,2.45297987616099,0.896390909220821,-0.390736240687091,2.15015330361678,0.2199,3390,5168,"c(0.608, 0.103, 0.014, 0.011, 0.195, 0.632, 0.177, 0.036, 0.15, 0.189, 0.6, 0.184, 0.047, 0.076, 0.209, 0.77)","sun4",16.3263173715953,0.233851147826345
"orthog_B_2_large_classes_423",0.116541353383459,0.101503759398496,0.390977443609023,0.390977443609023,0.233766233766234,0.176046176046176,0.303030303030303,0.287157287157287,0.117224880382775,0.0745424166476798,0.0879471405787195,0.103820156451735,3.05639097744361,0.977479756416627,-0.861583743777498,2.76083120034483,2.64357864357864,1.12748934139315,-0.24730149165642,1.67881972864832,0.1945,266,693,"c(0.355, 0.092, 0.023, 0.019, 0.31, 0.468, 0.037, 0.008, 0.1, 0.235, 0.591, 0.032, 0.235, 0.205, 0.349, 0.941)","sun12",6.59001424867562,0.183138490066842
"orthog_B_2_large_classes_424",0.238244514106583,0.0595611285266458,0.270376175548589,0.431818181818182,0.339276745354093,0.0406830738322451,0.302109492717228,0.317930688096434,0.10103223124751,0.0188780546944007,0.0317333171686382,0.113887493721748,2.89576802507837,1.19728570616002,-0.631776925390597,1.82862563873574,2.598694123556,1.24686580548051,-0.258264284556283,1.42954264537164,0.1567,1276,3982,"c(0.461, 0.085, 0.017, 0.002, 0.334, 0.506, 0.151, 0.034, 0.138, 0.271, 0.507, 0.131, 0.067, 0.137, 0.325, 0.832)","ry8",17.1149272268405,0.197077459537283
"orthog_B_2_large_classes_425",0,0.268018018018018,0.463963963963964,0.268018018018018,0.225287356321839,0.335632183908046,0.31264367816092,0.126436781609195,0.225287356321839,0.067614165890028,0.151320285803044,0.141581236408823,3,0.732144819032434,0,1.86554621848739,2.34022988505747,0.96328696982432,0.125687760266244,2.0326006492054,0.3135,444,435,"c(0.641, 0.041, 0.021, 0.022, 0.287, 0.735, 0.177, 0.039, 0.048, 0.184, 0.661, 0.168, 0.024, 0.041, 0.141, 0.77)","ry31",39.7048395471123,0.257795311822932
"orthog_B_2_large_classes_426",0.383157894736842,0.44421052631579,0.145263157894737,0.0273684210526316,0.00338409475465313,0.42526790750141,0.0857304004512126,0.485617597292724,0.379773799982189,0.0189426188143795,0.0595327574435242,0.458249176240093,1.81684210526316,0.777398174964203,0.679560200909859,2.95001858342208,3.05358150028201,0.959974430201282,-0.130005256402273,1.14664843353547,0.5984,475,1773,"c(0.458, 0.062, 0.016, 0.01, 0.192, 0.569, 0.022, 0, 0.153, 0.212, 0.627, 0.035, 0.197, 0.157, 0.335, 0.955)","sun11",112.832689210631,0.267982261677837
"orthog_B_2_large_classes_427",0.130451080844683,0.401224540797201,0.338747969511433,0.129576408846683,0.345070422535211,0.0472091810119979,0.110328638497653,0.497391757955138,0.214619341690528,0.354015359785203,0.228419331013781,0.367815349108456,2.46744970636012,0.876923860872019,0.0954488585276171,2.31016990838134,2.76004173187272,1.36649283154554,-0.373224286567044,1.29149498779027,0.599,8003,3834,"c(0.636, 0.044, 0.014, 0.03, 0.291, 0.73, 0.177, 0.037, 0.047, 0.178, 0.667, 0.166, 0.026, 0.048, 0.142, 0.767)","ry31",604.866016752491,0.247073449023097
"orthog_B_2_large_classes_428",0.283118849356548,0.373202119606359,0.00227100681302044,0.341408024224073,0.0253196930946292,0.415089514066496,0.498976982097187,0.060613810741688,0.257799156261919,0.0418873944601374,0.496705975284166,0.280794213482385,2.40196820590462,1.22042759494682,0.324212659315582,1.50116835665604,2.59488491048593,0.642544832237184,0.0423157283252922,2.73103841124329,0.6275,1321,3910,"c(0.547, 0.064, 0, 0.022, 0.3, 0.614, 0.149, 0.065, 0.104, 0.284, 0.687, 0.207, 0.048, 0.039, 0.164, 0.706)","tru1",178.624007097712,0.267034499232647
"orthog_B_2_large_classes_429",0.30806257521059,0.0246690734055355,0.13898916967509,0.528279181708785,0.0909090909090909,0.136363636363636,0.272727272727273,0.5,0.217153484301499,0.111694562958101,0.133738103052182,0.0282791817087846,2.88748495788207,1.33136731267291,-0.576784609778266,1.50690932939082,3.18181818181818,0.983332166035633,-0.943464436314705,2.72781065088757,0.2799,1662,22,"c(0.796, 0.204, 0.076, 0.024, 0.133, 0.625, 0.228, 0.033, 0.038, 0.107, 0.507, 0.113, 0.032, 0.065, 0.189, 0.83)","ry25",2.67684590756438,0.300398994210977
"orthog_B_2_large_classes_430",0.152110063379193,0.152264646776936,0.409800587416911,0.285824702426959,0.262237762237762,0.328671328671329,0.218531468531469,0.190559440559441,0.110127698858569,0.176406681894392,0.191269118885443,0.0952652618675188,2.82933992889164,1.00866483177018,-0.543215582394184,2.23421877076025,2.33741258741259,1.06261928218085,0.249509011469876,1.83638464710257,0.2982,6469,572,"c(0.46, 0.091, 0.014, 0.001, 0.349, 0.507, 0.154, 0.017, 0.137, 0.271, 0.506, 0.138, 0.055, 0.132, 0.326, 0.845)","ry8",31.9267172429799,0.252855909883774
"orthog_B_2_large_classes_431",0.461932837733914,0.143040246090746,0.109715457574981,0.285311458600359,0.446100917431193,0,0.275229357798165,0.278669724770642,0.0158319203027217,0.143040246090746,0.165513900223184,0.00664173382971667,2.21840553704178,1.29042363241682,0.385699993148585,1.41864493468209,2.38646788990826,1.29871157089701,0.0206595298281956,1.25713747611113,0.2194,3901,872,"c(0.734, 0.194, 0.093, 0.076, 0.147, 0.537, 0.132, 0.035, 0.086, 0.236, 0.634, 0.153, 0.033, 0.033, 0.141, 0.737)","phq5",12.7653108253157,0.286194721409347
"orthog_B_2_large_classes_432",0.0699386503067485,0.514110429447853,0.207361963190184,0.208588957055215,0.363636363636364,0.35016835016835,0.114478114478114,0.171717171717172,0.293697713329615,0.163942079279503,0.0928838487120696,0.036871785338043,2.55460122699386,0.896701689936342,0.412929559660107,2.12783692420536,2.09427609427609,1.07521866754219,0.640973011324913,2.1423677481303,0.3509,5705,297,"c(0.385, 0.065, 0.016, 0.033, 0.289, 0.604, 0.162, 0.039, 0.182, 0.259, 0.629, 0.173, 0.144, 0.073, 0.194, 0.756)","ry29",9.28269099419327,0.214817041079267
"orthog_B_2_large_classes_433",0.184674329501916,0.290421455938697,0.286334610472541,0.238569604086845,0.180229953710617,0.0673435866806033,0.662386143049126,0.0900403165596536,0.004444375791299,0.223077869258094,0.376051532576585,0.148529287527192,2.57879948914432,1.0441640233642,-0.0674997971486698,1.81902025879157,2.66223682245782,0.874196633475176,-0.907429005602779,2.88662873278678,0.4618,3915,6697,"c(0.424, 0.052, 0.016, 0.012, 0.414, 0.565, 0.122, 0.019, 0.103, 0.281, 0.595, 0.152, 0.06, 0.101, 0.268, 0.816)","ry9",70.4424299502284,0.242485432096255
"orthog_B_2_large_classes_434",0.488317757009346,0.00700934579439252,0.0459501557632399,0.458722741433022,0.158222915042868,0.369446609508963,0.0183164458300857,0.454014029618083,0.330094841966478,0.362437263714571,0.0276337099331541,0.0047087118149392,2.47507788161994,1.464055970549,0.0207952727011181,1.04392270909726,2.76812159002338,1.18430768902563,-0.116225375351153,1.38294393065004,0.491,1284,7698,"c(0.754, 0.105, 0.034, 0.052, 0.176, 0.708, 0.294, 0.115, 0.047, 0.155, 0.558, 0.263, 0.024, 0.032, 0.114, 0.57)","ry22",140.732414590064,0.275745614220604
"orthog_B_2_large_classes_435",0.025177304964539,0.330141843971631,0.467730496453901,0.176950354609929,0.4810443490701,0.202789699570815,0.034692417739628,0.281473533619456,0.455867044105561,0.127352144400816,0.433038078714273,0.104523179009527,2.79645390070922,0.752575845947253,-0.000772688709489853,2.39155656539695,2.11659513590844,1.27594532624641,0.594231208141156,1.62634830287793,0.65,2820,2796,"c(0.424, 0.049, 0.01, 0.021, 0.363, 0.543, 0.119, 0.033, 0.109, 0.285, 0.599, 0.113, 0.103, 0.124, 0.273, 0.832)","ry15",275.057991226173,0.216573667611182
"orthog_B_2_large_classes_436",0.243747350572276,0.164476473081814,0.108520559559135,0.483255616786774,0.446717411988582,0.440057088487155,0.088011417697431,0.0252140818268316,0.202970061416306,0.275580615405341,0.0205091418617042,0.458041534959942,2.83128444256041,1.26263872617449,-0.40709474460793,1.46423076363191,1.69172216936251,0.735221011758222,0.936588895528664,3.69578357676306,0.5722,2359,2102,"c(0.513, 0.129, 0.058, 0.013, 0.338, 0.535, 0.175, 0.042, 0.048, 0.256, 0.519, 0.191, 0.101, 0.08, 0.248, 0.753)","ry4",281.545783482664,0.244803326836091
"orthog_B_2_large_classes_437",0.217682020802377,0.0148588410104012,0.548291233283804,0.219167904903418,0.0799112097669256,0.192563817980022,0.270810210876804,0.456714761376249,0.137770811035452,0.177704976969621,0.277481022407,0.237546856472831,2.76894502228826,1.02536258289346,-0.738418544971183,2.38977610003377,3.10432852386238,0.978794655447541,-0.721029940260025,2.33955092903197,0.4289,1346,1802,"c(0.71, 0.145, 0.067, 0.08, 0.159, 0.464, 0.132, 0.044, 0.097, 0.31, 0.647, 0.077, 0.035, 0.081, 0.154, 0.8)","phq3",49.2208983182858,0.244809255461439
"orthog_B_2_large_classes_438",0.345345345345345,0.243243243243243,0.0105105105105105,0.400900900900901,0.00847906730259671,0.421833598304187,0.24483306836248,0.324854266030737,0.336866278042749,0.178590355060943,0.23432255785197,0.0760466348701643,2.46696696696697,1.31962165457419,0.144045721628915,1.26169623866288,2.88606253312136,0.876140620669187,0.147276486713543,1.47228620835398,0.4539,2664,1887,"c(0.411, 0.033, 0.014, 0.01, 0.372, 0.509, 0.1, 0.024, 0.069, 0.282, 0.658, 0.086, 0.147, 0.176, 0.228, 0.88)","ry13",143.387958545082,0.199634408313963
"orthog_B_2_large_classes_439",0.343598279927868,0.208489388264669,0.244694132334582,0.203218199472881,0.317750355956336,0.313716184148078,0.161129568106312,0.207403891789274,0.0258479239715319,0.105226795883409,0.0835645642282695,0.00418569231639274,2.30753225135248,1.14306129517714,0.195714177560367,1.59903808615506,2.25818699572852,1.11437649223968,0.378302808435535,1.78681463603608,0.1369,7209,4214,"c(0.856, 0.136, 0.041, 0.046, 0.096, 0.698, 0.168, 0.053, 0.035, 0.145, 0.64, 0.118, 0.013, 0.02, 0.151, 0.782)","ry16",20.7056404768444,0.248239579985269
"orthog_B_2_large_classes_440",0.185714285714286,0.407142857142857,0.0857142857142857,0.321428571428571,0.0689561925365062,0.394808004326663,0.187128177393186,0.349107625743645,0.11675809317778,0.0123348528161941,0.1014138916789,0.0276790543150738,2.54285714285714,1.12358754869918,0.180097714353929,1.59401458128128,2.81638723634397,0.992988798143729,-0.0490427007345087,1.65734910589398,0.1576,140,3698,"c(0.691, 0.077, 0.015, 0.007, 0.207, 0.639, 0.152, 0.021, 0.062, 0.238, 0.622, 0.148, 0.04, 0.046, 0.21, 0.824)","ry28",6.13158551479181,0.276691442143505
"orthog_B_2_large_classes_441",0.493746873436718,0.145572786393197,0.155077538769385,0.2056028014007,0.215686274509804,0.166666666666667,0.392156862745098,0.225490196078431,0.278060598926914,0.0210938802734701,0.237079323975713,0.019887394677731,2.07253626813407,1.21077417696864,0.555933967850031,1.67786108053593,2.62745098039216,1.05646068964896,-0.311708472570345,1.88385267642759,0.3666,1999,102,"c(0.384, 0.067, 0.022, 0.033, 0.279, 0.595, 0.162, 0.039, 0.18, 0.257, 0.614, 0.178, 0.157, 0.082, 0.202, 0.751)","ry29",3.79754513732602,0.155294885565057
"orthog_B_2_large_classes_442",0.0606060606060606,0.166666666666667,0.515151515151515,0.257575757575758,0.172609819121447,0.301033591731266,0.204392764857881,0.321963824289406,0.112003758515386,0.134366925064599,0.310758750293634,0.0643880667136481,2.96969696969697,0.815934061687046,-0.613742302537727,3.04556860879905,2.67571059431525,1.09921475329759,-0.113205753924919,1.65506140071766,0.3624,66,3870,"c(0.604, 0.074, 0.022, 0.039, 0.319, 0.637, 0.207, 0.084, 0.051, 0.233, 0.619, 0.256, 0.026, 0.057, 0.152, 0.621)","for1",3.85165394316267,0.246612663741784
"orthog_B_2_large_classes_443",0.078820697954272,0.383273164861613,0.0938628158844765,0.444043321299639,0.334773623896299,0.28480180349427,0.0661281232387751,0.314296449370656,0.255952925942027,0.0984713613673424,0.0277346926457014,0.129746871928983,2.90312876052948,1.06452582915671,-0.198583405815239,1.50425510423792,2.35994739808379,1.23633547843229,0.290259791607446,1.47015910953649,0.3047,1662,5323,"c(0.551, 0.135, 0.051, 0.086, 0.202, 0.47, 0.227, 0.084, 0.156, 0.301, 0.573, 0.177, 0.091, 0.094, 0.149, 0.653)","ph4",40.2179482530841,0.228828614112927
"orthog_B_2_large_classes_444",0.463267359946327,0.281784636028178,0.0177792687017779,0.237168735323717,0.22011872292636,0.366918017006257,0.301620407508423,0.11134285255896,0.243148637019967,0.0851333809780786,0.283841138806645,0.125825882764757,2.02884937940288,1.19536157009126,0.777599229923752,2.0156208781423,2.30418738969998,0.93519012645458,0.17849256502674,2.13295904745232,0.4034,2981,6233,"c(0.594, 0.078, 0.012, 0.009, 0.216, 0.529, 0.12, 0.041, 0.102, 0.293, 0.619, 0.148, 0.088, 0.101, 0.249, 0.803)","ry14",139.015206837894,0.223629226088518
"orthog_B_2_large_classes_445",0.316750178954903,0.195955619183966,0.274158911954188,0.213135289906943,0.449561403508772,0.120614035087719,0.25219298245614,0.177631578947368,0.132811224553869,0.0753415840962463,0.0219659294980472,0.035503710959575,2.38367931281317,1.13852555327321,0.0772378047138818,1.58283892197339,2.15789473684211,1.17785820616573,0.344276043696527,1.54846747378883,0.1583,5588,456,"c(0.484, 0.059, 0.006, 0.002, 0.275, 0.631, 0.212, 0.041, 0.119, 0.22, 0.517, 0.162, 0.122, 0.09, 0.265, 0.796)","ry5",4.42436073691227,0.177846337296004
"orthog_B_2_large_classes_446",0.256410256410256,0.393162393162393,0.0854700854700855,0.264957264957265,0.168614357262103,0.0701168614357262,0.429048414023372,0.332220367278798,0.0877958991481529,0.323045531726667,0.343578328553287,0.067263102321533,2.35897435897436,1.12820512820513,0.37025732531931,1.73873241240352,2.92487479131886,1.03496418333368,-0.762199124332803,2.44904539775492,0.4844,117,599,"c(0.429, 0.061, 0.006, 0.012, 0.411, 0.572, 0.122, 0.018, 0.1, 0.271, 0.607, 0.16, 0.059, 0.096, 0.264, 0.81)","ry9",12.1920947271701,0.267251941923114
"orthog_B_2_large_classes_447",0.317972350230415,0.456221198156682,0.170506912442396,0.0552995391705069,0.208480565371025,0.346289752650177,0.197879858657244,0.247349823321555,0.10949178485939,0.109931445506505,0.0273729462148475,0.192050284151048,1.963133640553,0.841616474943286,0.626237338314137,2.83536724769768,2.48409893992933,1.07768638001683,0.134256057941335,1.7426295914236,0.2484,217,283,"c(0.597, 0.225, 0.058, 0.067, 0.183, 0.402, 0.183, 0.04, 0.126, 0.27, 0.558, 0.123, 0.093, 0.104, 0.201, 0.77)","ph2",6.11257881331839,0.263942740349193
"orthog_B_2_large_classes_448",0.276595744680851,0.212765957446809,0.48936170212766,0.0212765957446809,0.154672395273899,0.421052631578947,0.39312567132116,0.0311493018259936,0.121923349406952,0.208286674132139,0.0962360308064995,0.00987270608131271,2.25531914893617,0.886496453446794,-0.338195154215333,1.67645708127163,2.30075187969925,0.762852266665311,-0.145556028029839,2.36200974051821,0.26,47,931,"c(0.629, 0.075, 0.029, 0.028, 0.223, 0.611, 0.126, 0.033, 0.094, 0.262, 0.69, 0.215, 0.055, 0.052, 0.156, 0.723)","cop4",1.93203300739657,0.309619979235121
"orthog_B_2_large_classes_449",0.0996978851963746,0.300604229607251,0.16012084592145,0.439577039274924,0.3234375,0.2578125,0.1859375,0.2328125,0.223739614803625,0.0427917296072508,0.0258166540785499,0.206764539274924,2.93957703927492,1.06551484057468,-0.374134315272625,1.70764324808792,2.328125,1.15453842914604,0.245323114128516,1.61312895681938,0.3087,662,640,"c(0.349, 0.087, 0.023, 0.006, 0.304, 0.47, 0.043, 0.011, 0.112, 0.233, 0.588, 0.042, 0.235, 0.211, 0.346, 0.941)","sun12",15.3328925251262,0.182148981631711
"orthog_B_2_large_classes_450",0.0460893854748603,0.342178770949721,0.251396648044693,0.360335195530726,0.0230769230769231,0.0615384615384615,0.569230769230769,0.346153846153846,0.0230124623979373,0.280640309411259,0.317834121186076,0.0141813493768801,2.92597765363128,0.938824904131733,-0.186622308373243,1.75736645840605,3.23846153846154,0.665684681117537,-0.781631414876777,4.29002082388304,0.4249,1432,130,"c(0.548, 0.137, 0.045, 0.089, 0.2, 0.471, 0.216, 0.084, 0.162, 0.297, 0.594, 0.181, 0.091, 0.096, 0.145, 0.647)","ph4",3.10446177914536,0.274760249806223
"orthog_B_2_large_classes_451",0.0494460062841078,0.180420042996527,0.294691582602944,0.475442368116421,0.148907103825137,0.0662568306010929,0.769125683060109,0.0157103825136612,0.0994610975410288,0.114163212395434,0.474434100457166,0.45973198560276,3.19613031255168,0.902872824238143,-0.798548658191728,2.58603244610292,2.65163934426229,0.74581531356583,-1.49019415487802,3.82444426935644,0.6778,6047,2928,"c(0.569, 0.118, 0.059, 0.132, 0.304, 0.511, 0.229, 0.102, 0.088, 0.33, 0.598, 0.254, 0.039, 0.042, 0.114, 0.512)","cop2",146.155331675794,0.219560701876809
"orthog_B_2_large_classes_452",0.150130548302872,0.206266318537859,0.147519582245431,0.496083550913838,0.26058380050261,0.317030736516528,0.148849797023004,0.273535665957858,0.110453252199738,0.110764417978669,0.00133021477757325,0.22254788495598,2.98955613577023,1.14138643252981,-0.585362563338674,1.80723537020199,2.43533732843611,1.14632354587488,0.184468722326471,1.60532153765956,0.272,766,5173,"c(0.649, 0.079, 0.011, 0.012, 0.275, 0.703, 0.182, 0.035, 0.033, 0.169, 0.656, 0.152, 0.043, 0.049, 0.151, 0.802)","sun1",75.0495326730188,0.239688817187753
"orthog_B_2_large_classes_453",0.0326428123038293,0.207784055241682,0.473948524795982,0.285624607658506,0.248548199767712,0.225319396051103,0.18931475029036,0.336817653890825,0.215905387463883,0.017535340809421,0.284633774505622,0.0511930462323187,3.01255492780917,0.789824212026456,-0.419719671223708,2.63517385290409,2.6144018583043,1.18644170616748,-0.114484831801807,1.49693287430987,0.3613,1593,861,"c(0.615, 0.075, 0, 0.008, 0.279, 0.591, 0.172, 0.04, 0.066, 0.226, 0.565, 0.119, 0.041, 0.108, 0.262, 0.833)","ry27",76.0340934448721,0.273410228061046
"orthog_B_2_large_classes_454",0.211647727272727,0.247159090909091,0.157670454545455,0.383522727272727,0.2125,0.223820754716981,0.392216981132075,0.171462264150943,0.000852272727272729,0.0233383361921098,0.234546526586621,0.212060463121784,2.71306818181818,1.18107699113462,-0.20177699888944,1.51071594654851,2.52264150943396,1.00866837481525,-0.181802755750883,1.92834195007755,0.3171,704,4240,"c(0.611, 0.078, 0.03, 0.038, 0.31, 0.629, 0.21, 0.088, 0.051, 0.233, 0.609, 0.253, 0.028, 0.059, 0.15, 0.62)","for1",13.7482512087773,0.251986360524565
"orthog_B_2_large_classes_455",0.173295454545455,0.0123106060606061,0.587121212121212,0.227272727272727,0.272727272727273,0.289473684210526,0.291866028708134,0.145933014354067,0.0994318181818181,0.27716307814992,0.295255183413078,0.0813397129186603,2.86837121212121,0.956785772112395,-0.922075414129397,2.97318816581539,2.311004784689,1.02547617366384,0.162614374189578,1.86435140051532,0.4249,3168,418,"c(0.586, 0.218, 0.06, 0.056, 0.173, 0.396, 0.183, 0.037, 0.129, 0.276, 0.552, 0.14, 0.112, 0.111, 0.205, 0.767)","ph2",16.983859007368,0.259858470654954
"orthog_B_2_large_classes_456",0.367699115044248,0.317256637168142,0.0557522123893805,0.25929203539823,0.130952380952381,0.0595238095238095,0.301587301587302,0.507936507936508,0.236746734091867,0.257732827644332,0.245835089197921,0.248644472538278,2.20663716814159,1.19076469118335,0.517990936895653,1.73298045878449,3.18650793650794,1.02785438214243,-1.10213532804885,2.98689821911605,0.4947,2260,252,"c(0.493, 0.074, 0.001, 0.007, 0.333, 0.646, 0.142, 0.022, 0.13, 0.224, 0.629, 0.154, 0.043, 0.056, 0.228, 0.817)","ry7",57.3850432782743,0.158997229642347
"orthog_B_2_large_classes_457",0.220802377414562,0.363744427934621,0.367310549777117,0.0481426448736999,0.245688780685737,0.417934672347332,0.156218299857983,0.180158247108947,0.0248864032711758,0.054190244412711,0.211092249919134,0.132015602235247,2.24279346210996,0.849549787501086,-0.0136353684324255,2.12663750142,2.27084601339014,1.02429610270184,0.446113328541801,2.08747794394338,0.256,3365,4929,"c(0.666, 0.084, 0.001, 0.008, 0.267, 0.698, 0.192, 0.03, 0.022, 0.167, 0.664, 0.151, 0.045, 0.051, 0.144, 0.811)","sun1",62.880239685349,0.25512458704534
"orthog_B_2_large_classes_458",0.398413510747185,0.0742067553735926,0.274053224155578,0.253326509723644,0.24868888512942,0.239553375063441,0.292505498223651,0.219252241583488,0.149724625617766,0.165346619689848,0.0184522740680725,0.0340742681401554,2.38229273285568,1.2408162797945,0.0421998155171786,1.363025140044,2.48232109626121,1.08883869778237,-0.023119953057093,1.70597145640217,0.2264,3908,5911,"c(0.508, 0.133, 0.049, 0.018, 0.324, 0.535, 0.185, 0.039, 0.056, 0.252, 0.526, 0.196, 0.113, 0.079, 0.24, 0.748)","ry4",21.3402528392881,0.221576399626016
"orthog_B_2_large_classes_459",0.256466302367942,0.115725561627201,0.221979356405586,0.405828779599271,0.387727272727273,0.277272727272727,0.187727272727273,0.147272727272727,0.131260970359331,0.161547165645526,0.0342520836783132,0.258556052326544,2.77717061323619,1.22383275617737,-0.408792875900893,1.56396633629542,2.09454545454545,1.07499144720795,0.522886398093806,1.96499451809165,0.3337,8235,2200,"c(0.485, 0.037, 0.005, 0.011, 0.299, 0.573, 0.125, 0.015, 0.111, 0.247, 0.642, 0.194, 0.105, 0.143, 0.228, 0.78)","sun5",155.944568334867,0.249011639144552
"orthog_B_2_large_classes_460",0.353233830845771,0.328358208955224,0.27363184079602,0.0447761194029851,0.350459840588596,0.233476394849785,0.106069895769467,0.309993868792152,0.00277399025717517,0.0948818141054385,0.167561945026553,0.265217749389167,2.00995024875622,0.897703259325386,0.351864059363934,2.05207180886251,2.37559779276517,1.24716939891764,0.221623322356813,1.41939297265474,0.3278,201,8155,"c(0.698, 0.079, 0, 0.005, 0.199, 0.632, 0.153, 0.017, 0.064, 0.244, 0.632, 0.156, 0.039, 0.045, 0.215, 0.823)","ry28",19.2866197369939,0.26056978537151
"orthog_B_2_large_classes_461",0.216511755057408,0.372334609075998,0.104975396391471,0.306178239475123,0.255988023952096,0.252994011976048,0.383233532934132,0.107784431137725,0.0394762688946874,0.11934059709995,0.278258136542661,0.198393808337398,2.50082012028431,1.13814731755945,0.180432421620226,1.59419547458567,2.34281437125749,0.976134001198842,-0.0330142102969957,1.89469545610749,0.3641,1829,668,"c(0.691, 0.085, 0.003, 0.005, 0.2, 0.624, 0.16, 0.015, 0.062, 0.238, 0.624, 0.148, 0.047, 0.054, 0.213, 0.831)","ry28",18.7306689335298,0.267612651363641
"orthog_B_2_large_classes_462",0.430806257521059,0.0962695547533093,0.0637785800240674,0.409145607701564,0.327835051546392,0.00962199312714777,0.314776632302405,0.347766323024055,0.102971205974667,0.0866475616261615,0.250998052278338,0.0613792846775094,2.45126353790614,1.38835459725094,0.0765191831240731,1.15054695932796,2.68247422680412,1.25216049518148,-0.386585014715212,1.4970049816573,0.2913,831,8730,"c(0.801, 0.196, 0.068, 0.031, 0.128, 0.632, 0.224, 0.022, 0.043, 0.109, 0.511, 0.102, 0.028, 0.063, 0.197, 0.845)","ry25",32.2052157597322,0.237112569703736
"orthog_B_2_large_classes_463",0.465719579987647,0.0574428659666461,0.432365657813465,0.0444718962322421,0.2865055387714,0.132930513595166,0.221550855991944,0.35901309164149,0.179214041216247,0.0754876476285201,0.210814801821521,0.314541195409248,2.0555898702903,1.03580045812463,0.128971696323137,1.35339641461041,2.65307150050352,1.23191167563238,-0.237865397619167,1.45388130584709,0.4257,1619,1986,"c(0.453, 0.082, 0.024, 0, 0.344, 0.514, 0.15, 0.024, 0.144, 0.267, 0.505, 0.129, 0.059, 0.137, 0.321, 0.846)","ry8",75.8610290656741,0.236028761628855
"orthog_B_2_large_classes_464",0.293916609706083,0.140123034859877,0.215311004784689,0.350649350649351,0.347648261758691,0.315950920245399,0.0736196319018405,0.26278118609407,0.0537316520526078,0.175827885385522,0.141691372882848,0.0878681645552811,2.62269309637731,1.23453567174554,-0.192373931249427,1.43148936853421,2.25153374233129,1.18706504223889,0.447761576245313,1.67869431970923,0.2482,1463,978,"c(0.641, 0.049, 0.026, 0.018, 0.291, 0.737, 0.18, 0.042, 0.048, 0.177, 0.655, 0.176, 0.02, 0.036, 0.139, 0.764)","ry31",36.8327481678886,0.269882480576741
"orthog_B_2_large_classes_465",0.312521093486331,0.287377657779278,0.160310496118799,0.239790752615592,0.418796372629843,0.0148392415498763,0.408903544929926,0.157460840890355,0.106275279143512,0.272538416229401,0.248593048811127,0.0823299117252378,2.32737090786365,1.1510095085411,0.281926481156153,1.6426707666482,2.30502885408079,1.16811843547619,-0.0170795168694317,1.40176412643765,0.3926,5926,1213,"c(0.515, 0.062, 0.01, 0.025, 0.41, 0.592, 0.17, 0.059, 0.03, 0.275, 0.66, 0.229, 0.045, 0.07, 0.161, 0.686)","ry10",14.9854540714362,0.247364516269848
"orthog_B_2_large_classes_466",0.268128161888702,0.251264755480607,0.139966273187184,0.340640809443508,0.327797202797203,0.308566433566434,0.0620629370629371,0.301573426573427,0.0596690409085013,0.0573016780858265,0.0779033361242467,0.039067382870081,2.5531197301855,1.21025461657018,-0.00155019946503178,1.43662343373002,2.33741258741259,1.21750014045559,0.336892605103303,1.53327249538971,0.1202,593,1144,"c(0.57, 0.082, 0.012, 0.011, 0.28, 0.589, 0.15, 0.029, 0.056, 0.255, 0.554, 0.186, 0.093, 0.074, 0.283, 0.774)","ry3",5.40725520007362,0.22755642844349
"orthog_B_2_large_classes_467",0.244037896112382,0.335184580202548,0.152564521398236,0.268213002286834,0.323319027181688,0.252980448259418,0.135670004768717,0.288030519790176,0.0792811310693066,0.08220413194313,0.0168945166295187,0.0198175175033421,2.44495262985952,1.12759548768122,0.187558574134923,1.64528784067619,2.38841201716738,1.2084068917509,0.202012116460257,1.48622241198263,0.1171,3061,4194,"c(0.633, 0.069, 0.023, 0.025, 0.292, 0.609, 0.173, 0.053, 0.057, 0.274, 0.605, 0.229, 0.018, 0.048, 0.199, 0.694)","ry21",10.5120024019328,0.206878387287496
"orthog_B_2_large_classes_468",0.237234042553191,0.0432624113475177,0.569148936170213,0.150354609929078,0.203490531006313,0.37356108429261,0.238024507983661,0.184923876717416,0.0337435115468788,0.330298672945093,0.331124428186551,0.0345692667883375,2.63262411347518,1.00378690442218,-0.623595123352372,2.19494810869582,2.40438173041218,1.00880422380583,0.207664401330522,1.96025249028224,0.4702,2820,2693,"c(0.381, 0.073, 0.02, 0.027, 0.28, 0.59, 0.162, 0.035, 0.187, 0.262, 0.614, 0.181, 0.152, 0.076, 0.204, 0.757)","ry29",47.6174589142401,0.240995180285757
"orthog_B_2_large_classes_469",0.225844004656577,0.139697322467986,0.189755529685681,0.444703143189756,0.188512518409426,0.228276877761414,0.330633284241532,0.252577319587629,0.0373314862471518,0.0885795552934278,0.140877754555851,0.192125823602127,2.85331781140861,1.21089257154964,-0.480639111711157,1.6314373500635,2.64727540500736,1.05379771829039,-0.226301034960915,1.84803075017268,0.2569,859,1358,"c(0.701, 0.089, 0.025, 0.017, 0.194, 0.624, 0.156, 0.021, 0.065, 0.236, 0.61, 0.148, 0.04, 0.05, 0.209, 0.814)","ry28",21.605618930793,0.25397494140952
"orthog_B_2_large_classes_470",0.189791183294664,0.217633410672854,0.3707656612529,0.221809744779582,0.750836550836551,0.022007722007722,0.14993564993565,0.0772200772200772,0.561045367541887,0.195625688665132,0.22083001131725,0.144589667559505,2.6245939675174,1.0284348299269,-0.248283316801762,1.92757552005343,1.55353925353925,1.00514939761322,1.43675353084717,3.42285903078445,0.6502,4310,7770,"c(0.633, 0.149, 0.036, 0.02, 0.253, 0.681, 0.239, 0.057, 0.079, 0.138, 0.603, 0.15, 0.035, 0.032, 0.122, 0.773)","sun3",706.741052601185,0.226365919847326
"orthog_B_2_large_classes_471",0.401101061738105,0.176956350766811,0.0829728666928824,0.338969720802202,0.260780287474333,0.24435318275154,0.00616016427104723,0.48870636550308,0.140320774263772,0.0673968319847292,0.0768127024218352,0.149736644700878,2.35981124655918,1.30785652060512,0.22381368719306,1.31299883328597,2.72279260780287,1.30358611524641,-0.183900065597087,1.26895547990835,0.2292,2543,487,"c(0.56, 0.082, 0.016, 0.009, 0.281, 0.581, 0.156, 0.028, 0.065, 0.258, 0.55, 0.188, 0.095, 0.079, 0.277, 0.775)","ry3",10.2340138038268,0.189350998588582
"orthog_B_2_large_classes_472",0.292879188712522,0.120480599647266,0.310515873015873,0.276124338624339,0.263996358670915,0.184569868001821,0.237710514337733,0.313723258989531,0.0288828300416072,0.0640892683545543,0.0728053586781398,0.0375989203651926,2.56988536155203,1.17606253699132,-0.198639433442612,1.54586587367468,2.60116067364588,1.18118828026204,-0.151689389803993,1.52393000873601,0.108,9072,8788,"c(0.55, 0.066, 0.021, 0.018, 0.3, 0.599, 0.15, 0.061, 0.105, 0.274, 0.67, 0.212, 0.045, 0.062, 0.159, 0.709)","tru1",8.53789758144293,0.233359649504296
"orthog_B_2_large_classes_473",0.0707395498392283,0.509646302250804,0.0487674169346195,0.370846730975348,0.18646080760095,0.363024544734759,0.104117181314331,0.34639746634996,0.115721257761722,0.146621757516045,0.0553497643797114,0.0244492646253879,2.71972132904609,1.04158297758334,0.2031140079187,1.48863763605948,2.6104513064133,1.14171671478236,0.0498236226915514,1.52926993036165,0.1963,1866,2526,"c(0.459, 0.061, 0.021, 0.012, 0.196, 0.565, 0.022, 0.01, 0.147, 0.213, 0.629, 0.044, 0.197, 0.162, 0.328, 0.934)","sun11",13.2185119829641,0.179962326399767
"orthog_B_2_large_classes_474",0.253521126760563,0.394366197183099,0.253521126760563,0.0985915492957746,0.10268270120259,0.116558741905643,0.491211840888067,0.2895467160037,0.150838425557973,0.277807455277456,0.237690714127503,0.190955166707926,2.19718309859155,0.928723466018847,0.338104375995087,2.24229118231775,2.96762257169288,0.903209812200865,-0.772501291033175,2.96040549560455,0.4392,71,1081,"c(0.701, 0.141, 0.073, 0.067, 0.155, 0.459, 0.126, 0.035, 0.107, 0.302, 0.649, 0.089, 0.037, 0.098, 0.151, 0.808)","phq3",7.64464194220755,0.245230015812191
"orthog_B_2_large_classes_475",0.387576715640692,0.119211456202343,0.430165519806584,0.0630463083503812,0.312684365781711,0.244837758112094,0.367256637168142,0.0752212389380531,0.0748923498589809,0.125626301909751,0.062908882638442,0.0121749305876719,2.16868142086665,1.02052635786794,0.014233162489011,1.50983084822594,2.20501474926254,0.968914295119483,0.0773129674133051,1.80100750161492,0.1597,5377,678,"c(0.573, 0.083, 0.001, 0.011, 0.284, 0.584, 0.156, 0.033, 0.057, 0.264, 0.557, 0.189, 0.087, 0.069, 0.287, 0.767)","ry3",2.87700567892133,0.198166600958073
"orthog_B_2_large_classes_476",0.329866270430906,0.305720653789004,0.117756315007429,0.24665676077266,0.107827038861522,0.109104178069695,0.26309067688378,0.519978106185003,0.222039231569385,0.196616475719309,0.145334361876351,0.273321345412343,2.28120356612184,1.16411948825253,0.377582518094861,1.67432639402177,3.19521985039226,1.01107845873286,-1.0234957022088,2.81821139758176,0.4287,5384,5481,"c(0.575, 0.081, 0.013, 0.007, 0.279, 0.586, 0.157, 0.029, 0.059, 0.263, 0.55, 0.193, 0.088, 0.069, 0.279, 0.771)","ry3",599.518411587017,0.240739887064255
"orthog_B_2_large_classes_477",0.372057706909643,0.157175398633257,0.223993925588459,0.246772968868641,0.566160903316867,0.152787579393084,0.26287932251235,0.0181721947776994,0.194103196407224,0.00438781924017342,0.0388853969238914,0.228600774090941,2.3454821564161,1.20987007053268,0.151185764840495,1.45233730937875,1.73306280875088,0.911303210171042,0.69524359705265,1.91605981152162,0.3024,1317,5668,"c(0.636, 0.126, 0.039, 0.047, 0.204, 0.467, 0.145, 0.032, 0.079, 0.315, 0.611, 0.095, 0.082, 0.091, 0.205, 0.826)","ph3",78.5197717946639,0.243495710788089
"orthog_B_2_large_classes_478",0.299583085169744,0.259082787373437,0.344848123883264,0.0964860035735557,0.239965095986038,0.306573589296102,0.201570680628272,0.251890634089587,0.0596179891837055,0.0474908019226658,0.143277443254992,0.155404630516031,2.23823704586063,0.986721000752913,0.112185663925707,1.84688653169559,2.46538685282141,1.11018619618226,0.11338602961246,1.66836679497491,0.2247,1679,3438,"c(0.636, 0.052, 0.03, 0.017, 0.295, 0.733, 0.18, 0.043, 0.049, 0.177, 0.651, 0.172, 0.02, 0.038, 0.139, 0.768)","ry31",38.5023639460159,0.24701437788096
"orthog_B_2_large_classes_479",0.352226720647773,0.331983805668016,0.137651821862348,0.178137651821862,0.090589613432253,0.73473903423142,0.137446310035143,0.0372250423011844,0.26163710721552,0.402755228563404,0.000205511827205657,0.140912609520678,2.1417004048583,1.08735925298889,0.548414000182984,2.00121674341651,2.12130678120526,0.601847785993895,0.968122741839322,5.25160151805689,0.5005,247,7683,"c(0.448, 0.085, 0.02, 0.003, 0.351, 0.499, 0.147, 0.024, 0.138, 0.267, 0.505, 0.131, 0.062, 0.149, 0.329, 0.843)","ry8",8.44842247413596,0.212271169424158
"orthog_B_2_large_classes_480",0.324310255075482,0.0374804789172306,0.496963387124761,0.141245878882526,0.313090418353576,0.309041835357625,0.198380566801619,0.179487179487179,0.0112198367219052,0.271561356440394,0.298582820323142,0.038241300604653,2.45514488981433,1.08586384367758,-0.313705652577716,1.65720753256329,2.2442645074224,1.08155191901157,0.355234435670962,1.84300431040148,0.4056,5763,741,"c(0.614, 0.094, 0.006, 0.008, 0.188, 0.639, 0.174, 0.037, 0.154, 0.185, 0.61, 0.182, 0.044, 0.081, 0.211, 0.773)","sun4",25.7099521355064,0.25173055252737
"orthog_B_2_large_classes_481",0.326860841423948,0.250809061488673,0.335760517799353,0.0865695792880259,0.264462809917355,0.151515151515152,0.212121212121212,0.371900826446281,0.0623980315065928,0.0992939099735216,0.123639305678141,0.285331247158255,2.18203883495146,0.987806427871838,0.168638399644927,1.82149997354096,2.69146005509642,1.21904483922034,-0.270706717178903,1.49053286209138,0.3323,1236,363,"c(0.606, 0.087, 0.034, 0.04, 0.313, 0.621, 0.217, 0.082, 0.053, 0.226, 0.601, 0.259, 0.028, 0.066, 0.147, 0.618)","for1",17.9570406180349,0.268679651302963
"orthog_B_2_large_classes_482",0.191824568873749,0.61038961038961,0.161805407707047,0.0359804130295934,0.48728636932055,0.0191746561067111,0.0621092121717382,0.431429762401,0.295461800446801,0.591214954282899,0.0996961955353088,0.395449349371407,2.04194166489248,0.704125362023849,0.559631109387988,3.62598611468108,2.43768236765319,1.44345030262278,0.0687010213657464,1.07321641484681,0.7766,4697,4798,"c(0.547, 0.13, 0.048, 0.093, 0.209, 0.472, 0.219, 0.075, 0.156, 0.301, 0.588, 0.185, 0.088, 0.097, 0.145, 0.647)","ph4",363.143094158101,0.244464789090062
"orthog_B_2_large_classes_483",0.491099476439791,0.108900523560209,0.0261780104712042,0.373821989528796,0.0769230769230769,0.259026687598116,0.414442700156986,0.249607535321821,0.414176399516714,0.150126164037907,0.388264689685782,0.124214454206975,2.28272251308901,1.390191866477,0.321527851280422,1.2284194296069,2.83673469387755,0.888634328860296,-0.332997938329863,2.34098922961886,0.6002,955,637,"c(0.636, 0.049, 0.032, 0.026, 0.295, 0.722, 0.17, 0.039, 0.048, 0.188, 0.653, 0.172, 0.021, 0.041, 0.145, 0.762)","ry31",98.7858078332088,0.23033157980931
"orthog_B_2_large_classes_484",0.489542285541073,0.28523795089421,0.0827523491967263,0.14246741436799,0,0.15625,0.59375,0.25,0.489542285541073,0.12898795089421,0.510997650803274,0.10753258563201,1.87814489239163,1.06175120671441,0.958174234448875,2.60467302937248,3.09375,0.63044503130725,-0.0752656577409594,2.48320847092346,0.7273,3299,32,"c(0.424, 0.046, 0.008, 0.007, 0.413, 0.572, 0.119, 0.019, 0.091, 0.277, 0.608, 0.153, 0.072, 0.105, 0.265, 0.821)","ry9",9.41991761736433,0.0762781847513577
"orthog_B_2_large_classes_485",0.172541743970315,0.319109461966605,0.484230055658627,0.0241187384044527,0.399440421329822,0.196675444371297,0.322086899275839,0.0817972350230415,0.226898677359507,0.122434017595308,0.162143156382788,0.0576784966185888,2.35992578849722,0.789746908839414,-0.437396372722638,2.18836621874168,2.0862409479921,1.02043067358212,0.288908318689403,1.73192875412024,0.31,539,6076,"c(0.754, 0.105, 0.039, 0.046, 0.181, 0.69, 0.291, 0.111, 0.042, 0.165, 0.567, 0.276, 0.023, 0.04, 0.103, 0.567)","ry22",32.8930176806434,0.223982746548828
"orthog_B_2_large_classes_486",0.349414570685169,0.126626192541197,0.192107545533391,0.331851691240243,0.205794205794206,0.32017982017982,0.349150849150849,0.124875124875125,0.143620364890963,0.193553627638623,0.157043303617458,0.206976566365118,2.50639635732871,1.26983920653906,-0.0400624268831012,1.33475455985348,2.39310689310689,0.94863719357687,0.023807449085617,2.05312874293911,0.3544,9224,2002,"c(0.416, 0.03, 0.026, 0.018, 0.369, 0.511, 0.1, 0.025, 0.075, 0.275, 0.638, 0.09, 0.141, 0.184, 0.236, 0.868)","ry13",73.3482543704667,0.21231272447211
"orthog_B_2_large_classes_487",0.167005282405526,0.0828931328728159,0.29134498171475,0.458756603006908,0.210084033613445,0.300420168067227,0.111344537815126,0.378151260504202,0.0430787512079192,0.217527035194411,0.180000443899624,0.0806053425027061,3.04185290532304,1.09905377476166,-0.837559171607564,2.32146954717268,2.65756302521008,1.18391067286428,-0.0740386014313816,1.46172190572502,0.2968,2461,476,"c(0.688, 0.083, 0.016, 0.015, 0.193, 0.638, 0.143, 0.019, 0.07, 0.236, 0.626, 0.151, 0.049, 0.043, 0.215, 0.815)","ry28",29.5606417400231,0.269337838440999
"orthog_B_2_large_classes_488",0.323232323232323,0.319559228650138,0.158861340679523,0.198347107438017,0.0370705244122966,0.0678119349005425,0.577757685352622,0.317359855334539,0.286161798820027,0.251747293749595,0.4188963446731,0.119012747896522,2.23232323232323,1.10521853467393,0.41370266888805,1.83510977111199,3.1754068716094,0.709003749832446,-0.889257169545127,4.38051036242663,0.5787,1089,1106,"c(0.383, 0.06, 0.018, 0.033, 0.288, 0.608, 0.156, 0.043, 0.184, 0.259, 0.62, 0.177, 0.145, 0.073, 0.206, 0.747)","ry29",76.504592085447,0.234160722695867
"orthog_B_2_large_classes_489",0.116187384044527,0.208951762523191,0.403988868274583,0.270871985157699,0.341292307692308,0.341415384615385,0.217723076923077,0.0995692307692308,0.225104923647781,0.132463622092194,0.186265791351506,0.171302754388469,2.82954545454546,0.95682732600657,-0.450304263430939,2.27807586888434,2.07556923076923,0.975490440267486,0.492128074936047,2.18816336635689,0.3637,4312,8125,"c(0.485, 0.025, 0.021, 0.009, 0.295, 0.585, 0.118, 0.022, 0.103, 0.253, 0.641, 0.196, 0.117, 0.137, 0.221, 0.773)","sun5",280.126646623034,0.190372880020837
"orthog_B_2_large_classes_490",0.288061336254107,0.057776560788609,0.342004381161008,0.312157721796276,0.231448054552748,0.401925391095066,0.0649819494584837,0.301644604893702,0.0566132817013597,0.344148830306457,0.277022431702524,0.0105131169025736,2.67825848849945,1.19107599563532,-0.383182273068454,1.6167036526212,2.43682310469314,1.14551036607806,0.29521603283041,1.63118543831191,0.4455,3652,2493,"c(0.512, 0.071, 0.019, 0.082, 0.363, 0.598, 0.265, 0.088, 0.084, 0.247, 0.505, 0.293, 0.041, 0.083, 0.211, 0.537)","ry11",29.299797975764,0.273747608985985
"orthog_B_2_large_classes_491",0.377483443708609,0.105960264900662,0.403973509933775,0.112582781456954,0.2165820642978,0.349689791314157,0.0344049633389735,0.399323181049069,0.160901379410809,0.243729526413495,0.369568546594801,0.286740399592116,2.25165562913907,1.080952137605,0.0230142624152839,1.54217134653323,2.61646926113931,1.21171176519146,0.0352676763107752,1.3884343392878,0.5514,151,1773,"c(0.459, 0.088, 0.024, 0.006, 0.344, 0.499, 0.152, 0.023, 0.134, 0.266, 0.507, 0.134, 0.063, 0.147, 0.318, 0.837)","ry8",7.50446464039403,0.251337087331373
"orthog_B_2_large_classes_492",0.369545859305432,0.0587711487088157,0.36420302760463,0.207479964381122,0.307331863285557,0.11135611907387,0.281973539140022,0.299338478500551,0.0622139960198751,0.0525849703650542,0.0822294884646084,0.0918585141194293,2.40961709706144,1.18147474718231,-0.0785613062729627,1.45358992984639,2.57331863285557,1.20746224025781,-0.185597384986528,1.47936039793019,0.1478,1123,3628,"c(0.326, 0.1, 0.035, 0.107, 0.213, 0.354, 0.17, 0.088, 0.257, 0.415, 0.673, 0.283, 0.204, 0.131, 0.122, 0.523)","cop1",2.48341467625472,0.263362907962188
"orthog_B_2_large_classes_493",0.343300265474361,0.00139723347771413,0.21168087187369,0.443621629174235,0.0200429491768074,0.230493915533286,0.143879742304939,0.605583392984968,0.323257316297553,0.229096682055571,0.0678011295687509,0.161961763810733,2.7556238647478,1.32608454823536,-0.42899293202631,1.39903908973352,3.33500357909807,0.896672575256413,-0.875103970337601,2.24021108963817,0.4334,7157,1397,"c(0.643, 0.149, 0.052, 0.027, 0.246, 0.678, 0.234, 0.043, 0.075, 0.134, 0.598, 0.151, 0.036, 0.04, 0.116, 0.779)","sun3",123.503741515142,0.22359308830269
"orthog_B_2_large_classes_494",0.43327630453379,0.106073567151411,0.0342172797262618,0.426432848588537,0.322386679000925,0.331290471785384,0.202127659574468,0.144195189639223,0.110889625532865,0.225216904633972,0.167910379848206,0.282237658949314,2.45380667236955,1.40259918819564,0.0872123746435657,1.13180451747281,2.16813135985199,1.03587013808035,0.438429179975112,2.01592316971345,0.4134,2338,8648,"c(0.462, 0.077, 0.035, 0.04, 0.282, 0.476, 0.125, 0.055, 0.194, 0.359, 0.692, 0.206, 0.062, 0.088, 0.148, 0.699)","cop3",118.023942573781,0.260234219981847
"orthog_B_2_large_classes_495",0.0739314115308151,0.346545725646123,0.342818091451292,0.236704771371769,0.0509543836945972,0.0598511808476221,0.489809123261081,0.3993853121967,0.0229770278362179,0.286694544798501,0.146991031809788,0.162680540824931,2.74229622266402,0.901423821677638,-0.0764195628848686,2.09047773220112,3.23762536395988,0.778837732923646,-1.08785801223728,4.22425312847402,0.3617,8048,6182,"c(0.463, 0.077, 0.025, 0.039, 0.285, 0.474, 0.139, 0.037, 0.192, 0.362, 0.696, 0.213, 0.059, 0.087, 0.14, 0.711)","cop3",163.015384640839,0.252259688217528
"orthog_B_2_large_classes_496",0.394856905848196,0.106594773952717,0.350476980506014,0.148071339693073,0.188529993408042,0.359920896506262,0.188529993408042,0.263019116677653,0.206326912440154,0.253326122553546,0.161946987097972,0.11494777698458,2.25176275404397,1.12882007459236,0.112500300222934,1.51686714275371,2.52603823335531,1.07350837471122,0.113115032900708,1.73257282689078,0.3823,2411,1517,"c(0.49, 0.061, 0.006, 0.001, 0.275, 0.625, 0.205, 0.047, 0.119, 0.221, 0.516, 0.168, 0.115, 0.094, 0.274, 0.783)","ry5",23.6566588455049,0.164670582128146
"orthog_B_2_large_classes_497",0.356302521008403,0.00336134453781513,0.202521008403361,0.43781512605042,0.120879120879121,0.186813186813187,0.230769230769231,0.461538461538462,0.235423400129282,0.183451842275372,0.0282482223658694,0.0237233354880414,2.7218487394958,1.33754193612827,-0.376780468239897,1.34426465259257,3.03296703296703,1.06338201348597,-0.668782370856951,2.09678481815075,0.3007,1190,91,"c(0.81, 0.194, 0.076, 0.017, 0.128, 0.63, 0.227, 0.034, 0.033, 0.108, 0.509, 0.115, 0.029, 0.067, 0.188, 0.834)","ry25",7.22129930490264,0.254528526176124
"orthog_B_2_large_classes_498",0.208333333333333,0.361111111111111,0.384259259259259,0.0462962962962963,0.109211775878443,0.372269705603039,0.336182336182336,0.182336182336182,0.0991215574548908,0.0111585944919279,0.0480769230769231,0.136039886039886,2.26851851851852,0.840044988670487,-0.0700496254509922,2.14357122866443,2.59164292497626,0.908128565089242,0.0197364198060143,2.16606043785893,0.1754,216,1053,"c(0.505, 0.132, 0.047, 0.018, 0.338, 0.542, 0.186, 0.039, 0.052, 0.24, 0.516, 0.191, 0.105, 0.087, 0.251, 0.752)","ry4",3.92144107044455,0.249889904198466
"orthog_B_2_large_classes_499",0.168402777777778,0.284722222222222,0.440972222222222,0.105902777777778,0.245920303605313,0.384060721062619,0.109297912713472,0.260721062618596,0.0775175258275353,0.0993384988403964,0.33167430950875,0.154818284840818,2.484375,0.893513833405007,-0.215852760183498,2.23291070103541,2.38481973434535,1.11804125096149,0.321319824004091,1.72982730843537,0.3871,576,2635,"c(0.516, 0.09, 0.018, 0.014, 0.407, 0.561, 0.16, 0.023, 0.076, 0.289, 0.654, 0.149, 0.001, 0.061, 0.168, 0.814)","ry17",20.9904653667951,0.264863406917806
"orthog_B_2_large_classes_500",0.426814268142681,0.400984009840098,0.154981549815498,0.017220172201722,0.340130505709625,0.0938009787928222,0.128874388254486,0.437194127243067,0.0866837624330566,0.307183031047276,0.026107161561012,0.419973955041345,1.76260762607626,0.770922413455413,0.660377765393613,2.66264715183651,2.663132137031,1.33343060253359,-0.228830771502216,1.27111675608531,0.5281,813,1226,"c(0.754, 0.11, 0.036, 0.049, 0.179, 0.693, 0.294, 0.109, 0.046, 0.155, 0.563, 0.276, 0.021, 0.042, 0.107, 0.566)","ry22",103.807827412652,0.239689065688437
"orthog_B_2_large_classes_501",0.268557919621749,0.202364066193853,0.281796690307329,0.247281323877069,0.307692307692308,0.538461538461538,0.153846153846154,0,0.0391343880705583,0.336097472267685,0.127950536461175,0.247281323877069,2.50780141843972,1.13208552012115,-0.0633228793934993,1.60975636222744,1.84615384615385,0.661717328234048,0.179084200226964,2.24653031409788,0.4382,2115,13,"c(0.61, 0.079, 0.008, 0.007, 0.278, 0.588, 0.178, 0.043, 0.071, 0.22, 0.558, 0.12, 0.041, 0.113, 0.256, 0.83)","ry27",2.948533878123,0.329410474112224
"orthog_B_2_large_classes_502",0.226927570093458,0.253796728971963,0.437792056074766,0.0814836448598131,0.462686567164179,0.00746268656716418,0.21002132196162,0.319829424307036,0.235758997070721,0.246334042404798,0.227770734113146,0.238345779447223,2.37383177570093,0.922444583204738,-0.183198023471781,2.00329823209067,2.38699360341151,1.34248334711181,0.0643194742849767,1.20289138208496,0.4743,3424,938,"c(0.408, 0.023, 0.019, 0.006, 0.37, 0.522, 0.098, 0.024, 0.074, 0.272, 0.641, 0.09, 0.147, 0.183, 0.241, 0.88)","ry13",58.8642052508023,0.202755761282757
"orthog_B_2_large_classes_503",0.629439011837365,0.00566134843026248,0.209469891919712,0.155429747812661,0.358600583090379,0.26530612244898,0.0495626822157434,0.326530612244898,0.270838428746986,0.259644774018717,0.159907209703968,0.171100864432237,1.89089037570767,1.20362908941854,0.744943480139613,1.80535932742532,2.34402332361516,1.2633026822953,0.305223693007839,1.42855633235023,0.4423,1943,343,"c(0.566, 0.084, 0.009, 0.008, 0.281, 0.595, 0.152, 0.026, 0.061, 0.263, 0.559, 0.191, 0.092, 0.058, 0.28, 0.774)","ry3",10.6838645031025,0.153475873867903
"orthog_B_2_large_classes_504",0.0897435897435897,0.355477855477855,0.35955710955711,0.195221445221445,0.428763080225382,0.185403810034881,0.172793131204722,0.213039978535015,0.339019490481793,0.170074045442975,0.186763978352387,0.0178185333135695,2.66025641025641,0.891205898152497,-0.0416310131445457,2.19261602932531,2.17011000804937,1.19364094715773,0.421197650567509,1.61309275933306,0.4232,1716,3727,"c(0.653, 0.079, 0.01, 0.023, 0.263, 0.701, 0.188, 0.048, 0.031, 0.163, 0.658, 0.145, 0.053, 0.058, 0.143, 0.784)","sun1",176.646948683053,0.210817649980781
"orthog_B_2_large_classes_505",0.349707602339181,0.187524366471735,0.242495126705653,0.220272904483431,0.267303102625298,0.460620525059666,0.0548926014319809,0.217183770883055,0.082404499713883,0.273096158587931,0.187602525273672,0.00308913360037588,2.33333333333333,1.16712605825911,0.160865596289945,1.53868730400205,2.22195704057279,1.06848765071463,0.618042392313707,2.13893565584854,0.3414,2565,419,"c(0.863, 0.126, 0.043, 0.044, 0.098, 0.701, 0.171, 0.045, 0.027, 0.155, 0.641, 0.125, 0.012, 0.018, 0.144, 0.786)","ry16",18.4696090083083,0.266309819595698
"orthog_B_2_large_classes_506",0.232722976963969,0.414057885410514,0.0147666863555818,0.338452451269935,0.408992248062016,0.44093023255814,0.141395348837209,0.00868217054263566,0.176269271098046,0.0268723471476257,0.126628662481627,0.329770280727299,2.45894861193148,1.17926487270904,0.29162912848674,1.54235867421969,1.74976744186046,0.722841577329854,0.555406700147287,2.56053925217391,0.3957,1693,3225,"c(0.474, 0.085, 0.034, 0.038, 0.282, 0.464, 0.134, 0.062, 0.178, 0.355, 0.692, 0.205, 0.065, 0.095, 0.14, 0.695)","cop3",110.353416196832,0.269285362529935
"orthog_B_2_large_classes_507",0.265899199775376,0.605784079741682,0.0484346483223361,0.0798820721606065,0.4,0.4,0.2,0,0.134100800224625,0.205784079741682,0.151565351677664,0.0798820721606065,1.94229959286817,0.794060954686074,1.06041495872443,4.28194536464494,1.8,0.748331477354788,0.343621596744544,1.8469387755102,0.2995,7123,25,"c(0.644, 0.048, 0.017, 0.019, 0.288, 0.729, 0.178, 0.035, 0.054, 0.187, 0.663, 0.173, 0.014, 0.036, 0.142, 0.773)","ry31",2.12762228601908,0.375302246584462
"orthog_B_2_large_classes_508",0.136162687886826,0.289566755083996,0.239610963748895,0.334659593280283,0.243550368550369,0.41492628992629,0.292690417690418,0.0488329238329238,0.107387680663543,0.125359534842293,0.0530794539415229,0.285826669447359,2.77276746242263,1.05699691285156,-0.229358167559086,1.76877986120303,2.1468058968059,0.842627147815389,0.207149428839462,2.28614469872723,0.3343,2262,3256,"c(0.644, 0.151, 0.044, 0.028, 0.253, 0.664, 0.234, 0.048, 0.08, 0.145, 0.601, 0.154, 0.023, 0.04, 0.121, 0.77)","sun3",213.323331777505,0.261485373016101
"orthog_B_2_large_classes_509",0.130901767733274,0.538823002908928,0.240545983441486,0.0897292459163124,0.249101181304571,0.197226502311248,0.284026707755521,0.269645608628659,0.118199413571297,0.34159650059768,0.0434807243140355,0.179916362712347,2.28910270754084,0.804229046561094,0.465918663081376,2.85783674883277,2.57421674370827,1.13224796525311,-0.141682454749402,1.62756897501389,0.4061,4469,1947,"c(0.65, 0.081, 0.013, 0, 0.15, 0.498, 0.1, 0.003, 0.119, 0.309, 0.577, 0.088, 0.081, 0.112, 0.309, 0.909)","ry2",96.9554420821207,0.206150820667178
"orthog_B_2_large_classes_510",0.368912608405604,0.109939959973316,0.370913942628419,0.150233488992662,0.290900839573406,0.353982300884956,0.129112775130474,0.226004084411164,0.0780117688321978,0.24404234091164,0.241801167497945,0.0757705954185023,2.30246831220814,1.11770900824617,0.0305089818572569,1.53643976372367,2.2902201043794,1.11346407367393,0.392874428125725,1.80392014046378,0.3603,7495,4407,"c(0.547, 0.133, 0.053, 0.089, 0.202, 0.476, 0.209, 0.08, 0.157, 0.3, 0.592, 0.178, 0.095, 0.091, 0.146, 0.652)","ph4",25.7927112287243,0.258303222033853
"orthog_B_2_large_classes_511",0.37007874015748,0.0866141732283465,0.125984251968504,0.417322834645669,0.464735299189515,0.226418347991033,0.112605621658907,0.196240731160545,0.0946565590320351,0.139804174762686,0.0133786303095972,0.221082103485124,2.59055118110236,1.34781439123021,-0.134721946201098,1.22105637572948,2.04035178479048,1.16647999509414,0.663440552444899,1.90875026470827,0.2785,127,5799,"c(0.35, 0.095, 0.03, 0.009, 0.306, 0.465, 0.042, 0.003, 0.103, 0.231, 0.58, 0.046, 0.24, 0.209, 0.348, 0.942)","sun12",5.94482594499457,0.143507215675496
"orthog_B_2_large_classes_512",0.153067678684377,0.225806451612903,0.153067678684377,0.468058191018343,0.302916001740897,0.398085013782098,0.0792107935586827,0.219788190918323,0.14984832305652,0.172278562169195,0.0738568851256943,0.24827000010002,2.93611638203669,1.14107591365547,-0.493012114797084,1.72464671111909,2.21587117365443,1.10212485470473,0.551193297548963,1.97891118480139,0.3453,1581,6893,"c(0.415, 0.042, 0.011, 0.018, 0.36, 0.543, 0.116, 0.032, 0.11, 0.297, 0.606, 0.11, 0.115, 0.118, 0.267, 0.84)","ry15",118.576217709714,0.211648847752177
"orthog_B_2_large_classes_513",0.349053356282272,0.231325301204819,0.345955249569707,0.0736660929432014,0.101582627898417,0.136915715863084,0.202797202797203,0.558704453441296,0.247470728383855,0.094409585341735,0.143158046772505,0.485038360498094,2.14423407917384,0.984311692519021,0.171965286607766,1.76591822749865,3.21862348178138,1.02672024140553,-1.00959853124147,2.67441273855382,0.5709,2905,2717,"c(0.675, 0.127, 0.065, 0.044, 0.163, 0.534, 0.096, 0.036, 0.103, 0.27, 0.624, 0.086, 0.059, 0.069, 0.215, 0.835)","ph1",421.368827828847,0.2524884749555
"orthog_B_2_large_classes_514",0.324680675731356,0.23114956736712,0.183353934899052,0.260815822002472,0.207651869158879,0.220794392523364,0.31571261682243,0.255841121495327,0.117028806572477,0.0103551748437554,0.132358681923378,0.00497470050714505,2.38030490317264,1.1860295440094,0.171013304499129,1.51889846441234,2.61974299065421,1.07826137717049,-0.19532761256408,1.77327417054068,0.177,2427,3424,"c(0.329, 0.097, 0.037, 0.102, 0.217, 0.355, 0.173, 0.088, 0.256, 0.42, 0.669, 0.286, 0.197, 0.128, 0.121, 0.525)","cop1",7.23166618416564,0.215901174765529
"orthog_B_2_large_classes_515",0.30188679245283,0.19811320754717,0.308962264150943,0.191037735849057,0.298368298368298,0.146853146853147,0.319347319347319,0.235431235431235,0.00351849408453181,0.051260060694023,0.0103850551963759,0.0443934995821788,2.38915094339623,1.10614716166242,0.0354611837355539,1.64186788468371,2.49184149184149,1.14783818822328,-0.104874358495621,1.57025654763583,0.0687,424,429,"c(0.603, 0.079, 0.028, 0.036, 0.305, 0.631, 0.207, 0.075, 0.054, 0.225, 0.615, 0.257, 0.038, 0.065, 0.151, 0.632)","for1",1.76556505417776,0.343683981372647
"orthog_B_2_large_classes_516",0.177944862155388,0.503759398496241,0.295739348370927,0.0225563909774436,0.0956622773044152,0.228892331525949,0.249225406661503,0.426219984508133,0.0822825848509733,0.274867066970292,0.0465139417094246,0.40366359353069,2.16290726817043,0.733055929935322,0.0794503786412825,2.52078460950408,3.00600309837335,1.01868807201305,-0.554960960872388,2.04255233992586,0.4974,399,5164,"c(0.812, 0.206, 0.068, 0.026, 0.136, 0.629, 0.224, 0.028, 0.031, 0.111, 0.515, 0.113, 0.021, 0.054, 0.194, 0.833)","ry25",101.296191729574,0.189132249849539
"orthog_B_2_large_classes_517",0.125,0.285714285714286,0.160714285714286,0.428571428571429,0.43859649122807,0.12781954887218,0.137844611528822,0.295739348370927,0.31359649122807,0.157894736842105,0.0228696741854637,0.132832080200501,2.89285714285714,1.09672518091315,-0.355757452395767,1.67976011218455,2.29072681704261,1.29417016427241,0.267485822852674,1.34659885363171,0.3761,112,399,"c(0.637, 0.049, 0.028, 0.013, 0.294, 0.735, 0.182, 0.045, 0.05, 0.187, 0.655, 0.173, 0.019, 0.03, 0.135, 0.769)","ry31",12.3296216242844,0.179341596446801
"orthog_B_2_large_classes_518",0.274336283185841,0.238938053097345,0.265486725663717,0.221238938053097,0.200623700623701,0.373527373527374,0.345114345114345,0.0807345807345807,0.0737125825621401,0.134589320430028,0.0796276194506283,0.140504357318517,2.43362831858407,1.11209048300212,0.0513766289430489,1.65175795023759,2.30595980595981,0.880377740412266,0.0737301798995803,2.21703123466615,0.2228,113,2886,"c(0.821, 0.081, 0.031, 0.027, 0.071, 0.627, 0.075, 0.014, 0.069, 0.212, 0.728, 0.081, 0.04, 0.08, 0.166, 0.878)","cyb1",5.80543782823289,0.2248951257278
"orthog_B_2_large_classes_519",0.0469465648854962,0.390203562340967,0.372010178117048,0.190839694656489,0.301701759446207,0.138304009229882,0.292327660801846,0.267666570522065,0.254755194560711,0.251899553111085,0.0796825173152024,0.0768268758655766,2.70674300254453,0.826335192269361,0.0904170904915399,2.21401364962092,2.52595904239977,1.17816076494434,-0.124578993308197,1.51806501484098,0.375,7860,6934,"c(0.722, 0.189, 0.092, 0.074, 0.151, 0.524, 0.131, 0.043, 0.09, 0.25, 0.643, 0.153, 0.037, 0.038, 0.134, 0.73)","phq5",198.68083798304,0.257323501916644
"orthog_B_2_large_classes_520",0.0695142378559464,0.258793969849246,0.32035175879397,0.351340033500838,0.209580838323353,0.274251497005988,0.121556886227545,0.394610778443114,0.140066600467407,0.0154575271567418,0.198794872566425,0.0432707449422762,2.9535175879397,0.941291846423268,-0.407563037443088,2.09881093596406,2.70119760479042,1.19075722015847,-0.1531595871359,1.46511950671376,0.2475,2388,1670,"c(0.48, 0.068, 0.005, 0.003, 0.276, 0.619, 0.21, 0.05, 0.123, 0.221, 0.51, 0.158, 0.122, 0.092, 0.276, 0.789)","ry5",28.3418736862069,0.215571599469378
"orthog_B_2_large_classes_521",0.180161943319838,0.376518218623482,0.0465587044534413,0.396761133603239,0.272727272727273,0.409090909090909,0.136363636363636,0.181818181818182,0.0925653294074346,0.0325726904674273,0.0898049319101951,0.214942951785057,2.65991902834008,1.17399832121725,0.0151115032288449,1.43150310382476,2.22727272727273,1.04149447612633,0.501776451605504,2.09418231292517,0.2528,494,22,"c(0.419, 0.04, 0.006, 0.014, 0.362, 0.545, 0.114, 0.035, 0.104, 0.293, 0.608, 0.109, 0.115, 0.122, 0.272, 0.841)","ry15",2.21291000543475,0.33396230344537
"orthog_B_2_large_classes_522",0.38346327451785,0.240049240869922,0.354534263438654,0.0219532211735741,0.215272727272727,0.250666666666667,0.115878787878788,0.418181818181818,0.168190547245123,0.0106174257967446,0.238655475559866,0.396228597008244,2.01497743126795,0.908617685940249,0.146102874136806,1.58683084455598,2.7369696969697,1.20861675217051,-0.217390282771243,1.4519833538084,0.4923,4874,4125,"c(0.502, 0.077, 0.007, 0.01, 0.324, 0.654, 0.144, 0.024, 0.126, 0.216, 0.63, 0.151, 0.047, 0.052, 0.219, 0.815)","ry7",402.089471028582,0.249097675118064
"orthog_B_2_large_classes_523",0.112018669778296,0.168611435239207,0.38389731621937,0.335472578763127,0.253335643735921,0.257667648587766,0.205337029977474,0.283659677698839,0.141316973957625,0.0890562133485599,0.178560286241896,0.0518129010642882,2.94282380396733,0.974109632291331,-0.612707820824847,2.38589041655215,2.51932074163923,1.15048570256741,0.012526420295618,1.56569395204604,0.2499,1714,5771,"c(0.597, 0.217, 0.056, 0.048, 0.173, 0.396, 0.177, 0.039, 0.132, 0.277, 0.566, 0.133, 0.098, 0.11, 0.201, 0.781)","ph2",35.4461069243829,0.232419901532724
"orthog_B_2_large_classes_524",0.115418762947618,0.220479431784552,0.225806451612903,0.438295353654927,0.37,0.323333333333333,0.19,0.116666666666667,0.254581237052382,0.102853901548782,0.0358064516129032,0.321628686988261,2.98697839597514,1.05843293366116,-0.558105130068849,1.96797703484485,2.05333333333333,1.01184100639489,0.568920067200271,2.17842686930663,0.4244,3379,300,"c(0.608, 0.07, 0.009, 0.011, 0.266, 0.723, 0.229, 0.029, 0.067, 0.168, 0.591, 0.231, 0.059, 0.038, 0.171, 0.73)","ry20",65.9807727273806,0.246561360089691
"orthog_B_2_large_classes_525",0.166816952209197,0.224526600541028,0.357078449053201,0.251577998196574,0.32626525305061,0.129625925185037,0.345069013802761,0.199039807961592,0.159448300841413,0.0949006753559909,0.0120094352504405,0.0525381902349812,2.69341749323715,1.02439229503223,-0.291637486066438,1.96157147933067,2.41688337667533,1.13741010587717,-0.0538896189339059,1.55884898433392,0.1932,1109,4999,"c(0.823, 0.083, 0.037, 0.025, 0.077, 0.626, 0.07, 0.019, 0.06, 0.217, 0.725, 0.073, 0.041, 0.075, 0.167, 0.883)","cyb1",49.5767456253898,0.218230211296424
"orthog_B_2_large_classes_526",0.138150903294368,0.333687566418704,0.238044633368757,0.290116896918172,0.00553441715669319,0.130750605326877,0.418194396402629,0.445520581113801,0.132616486137675,0.202936961091827,0.180149763033872,0.155403684195629,2.68012752391073,1.03638297726027,-0.0766585670780609,1.78142244189794,3.30370114147354,0.711459395703733,-0.607277503186853,2.50520636143115,0.3397,941,2891,"c(0.632, 0.083, 0.037, 0.031, 0.226, 0.604, 0.133, 0.026, 0.09, 0.266, 0.688, 0.214, 0.052, 0.047, 0.141, 0.728)","cop4",75.5909424023265,0.260441229186636
"orthog_B_2_large_classes_527",0.238552930182886,0.499532772660526,0.139367240688827,0.122547056467761,0.319966583124478,0.181286549707602,0.364243943191312,0.134502923976608,0.0814136529415917,0.318246222952924,0.224876702502485,0.0119558675088469,2.14590842344146,0.920227759150736,0.651138431748474,2.6968372600926,2.31328320802005,1.06022443557715,0.0277660953824156,1.68036041414617,0.3983,7491,1197,"c(0.506, 0.071, 0.027, 0.079, 0.36, 0.61, 0.274, 0.084, 0.092, 0.247, 0.486, 0.29, 0.043, 0.072, 0.213, 0.547)","ry11",14.5067587091311,0.24595013787495
"orthog_B_2_large_classes_528",0.291979949874687,0.283208020050125,0.244360902255639,0.180451127819549,0.159514170040486,0.184075573549258,0.168960863697706,0.487449392712551,0.132465779834201,0.0991324465008675,0.0754000385579333,0.306998264893002,2.31328320802005,1.07703249485853,0.220127499134079,1.77333414276366,2.98434547908232,1.14426246219938,-0.608216239567501,1.84603104879911,0.3568,798,3705,"c(0.588, 0.066, 0.008, 0.008, 0.224, 0.533, 0.114, 0.036, 0.099, 0.298, 0.624, 0.152, 0.09, 0.104, 0.254, 0.803)","ry14",68.1748119604288,0.250022902317256
"orthog_B_2_large_classes_529",0.189718934911243,0.473742603550296,0.23335798816568,0.103180473372781,0.211325738814595,0.324087832260195,0.283803863298663,0.180782565626548,0.0216068039033521,0.149654771290101,0.0504458751329822,0.0776020922537667,2.25,0.87937410501336,0.402170742314493,2.51941469452672,2.43404325573716,1.01482329337108,0.0918047512328852,1.90590989874305,0.1773,2704,6057,"c(0.617, 0.087, 0.023, 0.033, 0.31, 0.626, 0.211, 0.079, 0.044, 0.226, 0.613, 0.26, 0.029, 0.06, 0.153, 0.627)","for1",20.9373472424353,0.259755257823111
"orthog_B_2_large_classes_530",0.35404490925869,0.20116887111658,0.0436788680406029,0.401107351584128,0.428571428571429,0.285714285714286,0.285714285714286,0,0.0745265193127389,0.0845454145977062,0.242035417673683,0.401107351584128,2.49184866195017,1.32673964189423,0.0780151861021985,1.24046373433029,1.85714285714286,0.832993127835043,0.272380105814573,1.49307958477509,0.4818,3251,7,"c(0.669, 0.106, 0.026, 0.043, 0.152, 0.504, 0.12, 0.026, 0.103, 0.219, 0.66, 0.088, 0.076, 0.171, 0.194, 0.843)","phq4",2.50477332671663,0.352260214309951
"orthog_B_2_large_classes_531",0.0582439238011824,0.115830961243705,0.696080578059996,0.129844536895117,0.516778523489933,0.075503355704698,0.12248322147651,0.285234899328859,0.458534599688751,0.0403276055390069,0.573597356583486,0.155390362433742,2.89752572804905,0.684215037054634,-0.95824821298552,4.66387903516971,2.1761744966443,1.32255959752822,0.41395895922173,1.37322080274428,0.7517,4567,596,"c(0.622, 0.085, 0.031, 0.033, 0.231, 0.604, 0.13, 0.029, 0.092, 0.258, 0.69, 0.213, 0.054, 0.053, 0.149, 0.726)","cop4",163.719242086998,0.268953519230091
"orthog_B_2_large_classes_532",0.0344827586206897,0.29064039408867,0.300492610837438,0.374384236453202,0.287640449438202,0.391011235955056,0.319101123595506,0.00224719101123596,0.253157690817513,0.100370841866386,0.0186085127580672,0.372137045441966,3.01477832512315,0.895956062611993,-0.316609159253705,1.90748312690352,2.03595505617978,0.783860683421334,-0.0350571398885079,1.69616027504628,0.4615,203,890,"c(0.351, 0.091, 0.019, 0.008, 0.306, 0.468, 0.035, 0.006, 0.103, 0.232, 0.591, 0.052, 0.24, 0.209, 0.354, 0.934)","sun12",19.8654402664474,0.144208629072295
"orthog_B_2_large_classes_533",0.0102189781021898,0.181021897810219,0.341605839416058,0.467153284671533,0.289277811305572,0.193321263327298,0.186079259706297,0.331321665660833,0.279058833203383,0.0122993655170793,0.155526579709762,0.1358316190107,3.26569343065693,0.786421067746954,-0.631902166294009,2.27815535355282,2.55944477972239,1.21969884483694,-0.0686243351574247,1.429435076593,0.3474,685,4971,"c(0.508, 0.13, 0.057, 0.023, 0.338, 0.533, 0.174, 0.042, 0.054, 0.252, 0.521, 0.186, 0.101, 0.085, 0.247, 0.749)","ry4",56.8365577098829,0.228048062723259
"orthog_B_2_large_classes_534",0.111777944486122,0.077456864216054,0.18417104276069,0.626594148537134,0.172160444797458,0.319698173153296,0.20571882446386,0.302422557585385,0.0603825003113368,0.242241308937242,0.02154778170317,0.324171590951749,3.32558139534884,1.02233044838759,-1.31067339956821,3.33257329715782,2.63840349483717,1.08628287171553,-0.0524382758871371,1.67810711816131,0.4097,5332,5036,"c(0.415, 0.05, 0.004, 0.019, 0.363, 0.543, 0.117, 0.03, 0.111, 0.292, 0.603, 0.111, 0.112, 0.115, 0.276, 0.84)","ry15",316.206291226594,0.251102168590391
"orthog_B_2_large_classes_535",0.233661593554163,0.242614145031334,0.271262309758281,0.252461951656222,0.480769230769231,0.00721153846153846,0.453365384615385,0.0586538461538462,0.247107637215068,0.235402606569795,0.182103074857104,0.193808105502376,2.54252461951656,1.10473469537068,-0.0658186717619034,1.67506969406721,2.08990384615385,1.07734270241495,0.102408159196921,1.31402903788322,0.4327,1117,2080,"c(0.612, 0.104, 0.009, 0.008, 0.199, 0.632, 0.178, 0.046, 0.145, 0.19, 0.604, 0.182, 0.045, 0.074, 0.209, 0.764)","sun4",48.8911787305069,0.217164457516749
"orthog_B_2_large_classes_536",0.220197044334975,0.237684729064039,0.264778325123153,0.277339901477832,0.00770328102710414,0.283309557774608,0.593437945791726,0.115549215406562,0.212493763307871,0.0456248287105683,0.328659620668573,0.16179068607127,2.59926108374384,1.11140502467805,-0.125698153057062,1.6683893602105,2.81683309557775,0.629382063943639,-0.0223499837658457,2.78603460233195,0.4259,4060,3505,"c(0.609, 0.086, 0.009, 0, 0.274, 0.595, 0.168, 0.041, 0.073, 0.218, 0.561, 0.126, 0.044, 0.1, 0.261, 0.833)","ry27",194.074290341447,0.239360822104919
"orthog_B_2_large_classes_537",0.341467889908257,0.0557798165137615,0.238348623853211,0.364403669724771,0.0465717981888745,0.228978007761966,0.529107373868047,0.195342820181113,0.294896091719382,0.173198191248205,0.290758750014836,0.169060849543658,2.6256880733945,1.28294412484427,-0.247380887590757,1.365094051874,2.8732212160414,0.771061061548665,-0.388393635407342,2.89014321881876,0.4797,5450,773,"c(0.487, 0.058, 0.017, 0.004, 0.274, 0.626, 0.214, 0.034, 0.118, 0.223, 0.511, 0.166, 0.121, 0.093, 0.258, 0.796)","ry5",58.720163685112,0.161310209495384
"orthog_B_2_large_classes_538",0.0438627520339583,0.547930668553237,0.332154227095861,0.0760523523169438,0.179988158673771,0.0840734162226169,0.312018946121966,0.423919478981646,0.136125406639813,0.46385725233062,0.0201352809738957,0.347867126664702,2.44039617969579,0.697336069128041,0.497883064178099,2.92621302928313,2.97986974541149,1.10794417853498,-0.754326583832813,2.19145850658068,0.5959,2827,1689,"c(0.754, 0.107, 0.046, 0.046, 0.183, 0.679, 0.287, 0.107, 0.046, 0.161, 0.558, 0.276, 0.017, 0.053, 0.109, 0.571)","ry22",143.945776017504,0.248319060236352
"orthog_B_2_large_classes_539",0.259564891222806,0.228057014253563,0.241560390097524,0.270817704426107,0.404255319148936,0.25531914893617,0.148936170212766,0.191489361702128,0.14469042792613,0.0272621346826068,0.0926242198847584,0.0793283427239789,2.52363090772693,1.14464263921008,-0.0354940971115521,1.58160801004486,2.12765957446809,1.14142541114908,0.521515933697612,1.82237080707638,0.1912,1333,94,"c(0.657, 0.123, 0.059, 0.042, 0.165, 0.533, 0.091, 0.044, 0.106, 0.272, 0.638, 0.085, 0.072, 0.072, 0.211, 0.83)","ph1",3.45279946056307,0.260299156478305
"orthog_B_2_large_classes_540",0.116129032258065,0.445161290322581,0.0645161290322581,0.374193548387097,0.567229336437718,0.0727590221187427,0.34778812572759,0.0122235157159488,0.451100304179654,0.372402268203838,0.283271996695332,0.361970032671148,2.69677419354839,1.09175321297613,0.0861820693948487,1.51154784306757,1.80500582072177,0.962231154700737,0.479718001109308,1.43627229936888,0.7439,155,3436,"c(0.454, 0.055, 0.021, 0.022, 0.326, 0.609, 0.187, 0.071, 0.132, 0.261, 0.596, 0.214, 0.089, 0.076, 0.196, 0.694)","ry26",16.4489031049052,0.134951173036707
"orthog_B_2_large_classes_541",0.0750853242320819,0.262798634812287,0.270477815699659,0.391638225255973,0.220453641066454,0.235575009948269,0.278949462793474,0.265021886191803,0.145368316834373,0.0272236248640177,0.0084716470938152,0.12661633906417,2.97866894197952,0.976894642712465,-0.440603833258057,1.99635797308686,2.58853959411062,1.10141354394761,-0.125046783048124,1.69330073479,0.1949,1172,2513,"c(0.485, 0.053, 0.01, 0.001, 0.269, 0.633, 0.217, 0.046, 0.121, 0.22, 0.51, 0.165, 0.125, 0.095, 0.262, 0.788)","ry5",26.4206192274933,0.183650473539653
"orthog_B_2_large_classes_542",0.317535545023697,0.109004739336493,0.270142180094787,0.303317535545024,0.252567595891847,0.377698595682247,0.102075036679941,0.267658771745965,0.0649679491318501,0.268693856345754,0.168067143414845,0.0356587637990585,2.55924170616114,1.21991662886796,-0.161137612589221,1.44701132187266,2.38482498428003,1.13012718356366,0.318215925525419,1.70021595474572,0.3255,211,4771,"c(0.684, 0.089, 0.006, 0.014, 0.195, 0.632, 0.149, 0.021, 0.074, 0.237, 0.632, 0.142, 0.047, 0.041, 0.213, 0.823)","ry28",8.33111870824215,0.230386519170781
"orthog_B_2_large_classes_543",0.164893617021277,0.409574468085106,0.170212765957447,0.25531914893617,0.036019536019536,0.110805860805861,0.29029304029304,0.562881562881563,0.128874081001741,0.298768607279246,0.120080274335594,0.307562413945393,2.51595744680851,1.04411249001544,0.195976892195728,1.80707532710057,3.38003663003663,0.820571585905806,-1.19207504578711,3.63243975312032,0.4636,188,3276,"c(0.611, 0.078, 0.02, 0.011, 0.281, 0.59, 0.168, 0.033, 0.073, 0.22, 0.553, 0.125, 0.036, 0.113, 0.259, 0.831)","ry27",39.6426822676733,0.271122058696357
"orthog_B_2_large_classes_544",0.400172117039587,0.166738382099828,0.319061962134251,0.114027538726334,0.162972620599739,0.365058670143416,0.202086049543677,0.269882659713168,0.237199496439848,0.198320288043588,0.116975912590575,0.155855120986834,2.14694492254733,1.07412821572507,0.257669165969666,1.65725340695983,2.57887874837027,1.05332269684145,0.0662420875298616,1.75544688592334,0.3655,4648,767,"c(0.646, 0.069, 0.009, 0.035, 0.29, 0.597, 0.173, 0.054, 0.042, 0.284, 0.611, 0.228, 0.022, 0.051, 0.206, 0.683)","ry21",39.2920417018298,0.184622539557062
"orthog_B_2_large_classes_545",0.700566362964787,0.160551588278749,0.0514651563654272,0.0874168923910367,0.157494145199063,0.346604215456674,0.155737704918033,0.340163934426229,0.543072217765724,0.186052627177925,0.104272548552606,0.252747042035193,1.52573257818271,0.936359707322536,1.71063199166081,4.65842604731799,2.67857142857143,1.1015572632181,-0.0472019113257357,1.60463548446586,0.6358,4061,1708,"c(0.561, 0.057, 0.009, 0.024, 0.302, 0.613, 0.157, 0.059, 0.101, 0.279, 0.677, 0.207, 0.036, 0.051, 0.157, 0.71)","tru1",319.926703385361,0.176893700597107
"orthog_B_2_large_classes_546",0.156350396230456,0.389162561576355,0.412508031698436,0.0419790104947526,0.205692718980972,0.0773706557634848,0.265136027677308,0.451800597578236,0.0493423227505156,0.31179190581287,0.147372004021129,0.409821587083483,2.34011565645749,0.788096320344409,-0.165659640910146,2.34957625846675,2.96304450385281,1.16214302930841,-0.714420315695357,1.99743193849781,0.5379,4669,6359,"c(0.802, 0.197, 0.062, 0.021, 0.127, 0.629, 0.235, 0.035, 0.037, 0.106, 0.514, 0.112, 0.033, 0.068, 0.189, 0.832)","ry25",590.63986190551,0.219696996114932
"orthog_B_2_large_classes_547",0.102115608862236,0.644677661169415,0.23271697484591,0.0204897551224388,0.0974789915966387,0.0897478991596639,0.315966386554622,0.496806722689076,0.00463661726559689,0.554929762009751,0.0832494117087114,0.476316967566637,2.17158087622855,0.622375776449038,0.373661577906468,3.54272530589562,3.21210084033613,0.965134095224078,-1.08455280775049,3.13483614501209,0.7361,6003,2975,"c(0.59, 0.218, 0.058, 0.062, 0.181, 0.397, 0.178, 0.04, 0.131, 0.276, 0.561, 0.122, 0.098, 0.11, 0.203, 0.776)","ph2",444.03653134438,0.252254280832707
"orthog_B_2_large_classes_548",0.184292726461401,0.174475680499777,0.247657295850067,0.393574297188755,0.194805194805195,0.295064935064935,0.168831168831169,0.341298701298701,0.0105124683437937,0.120589254565158,0.0788261270188981,0.0522755958900537,2.85051316376618,1.13264052961517,-0.465634890113345,1.78619887324588,2.65662337662338,1.13915622725897,-0.0912868253579421,1.56532979413185,0.1536,2241,1925,"c(0.46, 0.09, 0.018, 0, 0.34, 0.503, 0.153, 0.025, 0.142, 0.27, 0.512, 0.139, 0.058, 0.138, 0.317, 0.836)","ry8",11.2823331224808,0.243496720672413
"orthog_B_2_large_classes_549",0.196265740338689,0.252713851498046,0.472427268779852,0.0785931393834129,0.0380999505195448,0.267194458189015,0.349167079003794,0.345538512287646,0.158165789819144,0.0144806066909693,0.123260189776059,0.266945372904233,2.43334780720799,0.89178206117875,-0.29661676978162,2.14952051655223,3.00214415305954,0.874716054021245,-0.345715855876911,2.09130735939633,0.3342,2303,6063,"c(0.631, 0.07, 0.023, 0.037, 0.294, 0.598, 0.166, 0.056, 0.053, 0.283, 0.594, 0.225, 0.022, 0.05, 0.216, 0.682)","ry21",130.123541709179,0.250362627312427
"orthog_B_2_large_classes_550",0.237704918032787,0.16234796404019,0.303543098889476,0.296404019037546,0.276688453159041,0.0970139689862873,0.240292195309496,0.386005382545175,0.0389835351262545,0.065333995053903,0.0632509035799801,0.0896013635076287,2.65864621893178,1.13712323490434,-0.274522685344132,1.6706536200367,2.7356145072408,1.23283148701925,-0.373870072693436,1.52677248816386,0.1335,3782,7803,"c(0.534, 0.074, 0.002, 0.01, 0.354, 0.592, 0.196, 0.053, 0.049, 0.252, 0.644, 0.243, 0.062, 0.081, 0.158, 0.694)","ry23",16.1070081837264,0.234650680451164
"orthog_B_2_large_classes_551",0.275899672846238,0.162486368593239,0.298800436205016,0.262813522355507,0.265417999086341,0.0497944266788488,0.622658748286889,0.0621288259479214,0.0104816737598969,0.11269194191439,0.323858312081873,0.200684696407586,2.54852780806979,1.15111747543308,-0.144330529669334,1.58335136924227,2.48149840109639,0.951184178225508,-0.65568007954659,2.02378074236563,0.3975,917,2189,"c(0.673, 0.124, 0.07, 0.048, 0.166, 0.538, 0.098, 0.043, 0.091, 0.259, 0.627, 0.094, 0.07, 0.078, 0.206, 0.816)","ph1",26.5684598472071,0.230140201651779
"orthog_B_2_large_classes_552",0.0322101090188305,0.339444995044599,0.173439048562934,0.454905847373637,0.0325290164935858,0.333231521075137,0.168142944410507,0.46609651802077,0.000318907474755298,0.0062134739694612,0.00529610415242657,0.0111906706471324,3.05104063429138,0.959471798514522,-0.320754497942314,1.59668710785853,3.06780696395846,0.961689305705843,-0.355078366707852,1.61329242625211,0.0139,2018,6548,"c(0.629, 0.146, 0.034, 0.023, 0.243, 0.673, 0.24, 0.048, 0.091, 0.139, 0.609, 0.164, 0.037, 0.042, 0.118, 0.765)","sun3",1.50799278169523,0.396962805274338
"orthog_B_2_large_classes_553",0.208357771260997,0.28475073313783,0.244574780058651,0.262316715542522,0.395383843452082,0.0893125940792775,0.411440040140492,0.103863522328149,0.187026072191085,0.195438139058552,0.166865260081841,0.158453193214373,2.5608504398827,1.08979181386773,-0.0308604275336444,1.70094950273296,2.22378324134471,1.08268140918667,0.0384535135665225,1.50666442017683,0.3551,6820,1993,"c(0.452, 0.093, 0.018, 0, 0.344, 0.493, 0.153, 0.022, 0.145, 0.271, 0.516, 0.134, 0.058, 0.143, 0.314, 0.843)","ry8",42.4388542508861,0.217330665876079
"orthog_B_2_large_classes_554",0.06,0.188,0.184,0.568,0.303212851405622,0.166666666666667,0.23644578313253,0.293674698795181,0.243212851405622,0.0213333333333333,0.0524457831325301,0.274325301204819,3.26,0.963535157635672,-0.940955481365325,2.56433485470038,2.52058232931727,1.20139563347029,-0.0649353247132988,1.4652679439597,0.371,250,1992,"c(0.861, 0.13, 0.043, 0.04, 0.104, 0.705, 0.167, 0.054, 0.028, 0.153, 0.635, 0.129, 0.007, 0.012, 0.155, 0.777)","ry16",49.1700386130066,0.2523815983109
"orthog_B_2_large_classes_555",0.253968253968254,0.0634920634920635,0.0793650793650794,0.603174603174603,0.378989361702128,0.194148936170213,0.11436170212766,0.3125,0.125021107733874,0.130656872678149,0.0349966227625802,0.290674603174603,3.03174603174603,1.29673893749207,-0.75773236785046,1.74348787206114,2.36037234042553,1.27022944387461,0.216740224887838,1.37475006277497,0.3441,63,752,"c(0.406, 0.025, 0.019, 0.004, 0.373, 0.513, 0.096, 0.026, 0.067, 0.278, 0.642, 0.093, 0.153, 0.185, 0.244, 0.877)","ry13",5.28425849484693,0.17105941349869
"orthog_B_2_large_classes_556",0.0866462793068298,0.145599728168536,0.0645599728168536,0.703194019707781,0.0102489019033675,0.371888726207906,0.0322108345534407,0.585651537335286,0.0763973774034623,0.226288998039371,0.0323491382634128,0.117542482372496,3.38430173292559,1.02356780096583,-1.30571010352364,3.13154867196339,3.19326500732064,0.98040017753059,-0.459212810813549,1.34136018280089,0.2682,5886,683,"c(0.643, 0.045, 0.028, 0.023, 0.282, 0.738, 0.186, 0.041, 0.053, 0.185, 0.65, 0.169, 0.022, 0.031, 0.136, 0.767)","ry31",36.2352060875054,0.270353402357491
"orthog_B_2_large_classes_557",0.160077145612343,0.660559305689489,0.038572806171649,0.140790742526519,0.388623534520191,0.110725141120278,0.165219279201042,0.335432045158489,0.228546388907848,0.549834164569211,0.126646473029393,0.19464130263197,2.16007714561234,0.858014119547384,1.0245686747939,3.54826348797911,2.44745983499783,1.30205633150755,0.0428810980664949,1.27846563918732,0.6391,1037,4606,"c(0.47, 0.054, 0.018, 0.006, 0.188, 0.582, 0.025, 0.003, 0.144, 0.204, 0.633, 0.035, 0.198, 0.16, 0.324, 0.955)","sun11",154.046179299602,0.234475363378591
"orthog_B_2_large_classes_558",0.229906542056075,0.323364485981308,0.364485981308411,0.0822429906542056,0.0997794928335171,0.270672546857773,0.0937155457552371,0.535832414553473,0.130127049222558,0.0526919391235355,0.270770435553174,0.453589423899267,2.29906542056075,0.913194590548001,0.023086387621648,2.06164787218957,3.06560088202867,1.0960471965305,-0.584627921549008,1.78352884981574,0.5466,1070,1814,"c(0.627, 0.081, 0.03, 0.026, 0.228, 0.606, 0.134, 0.027, 0.095, 0.261, 0.685, 0.22, 0.05, 0.052, 0.151, 0.727)","cop4",129.023603703366,0.247489985476661
"orthog_B_2_large_classes_559",0.195215593620791,0.153868871825162,0.279385705847608,0.371529828706438,0.114135535948939,0.379388023277642,0.199549464989675,0.306926975783743,0.0810800576718521,0.22551915145248,0.0798362408579326,0.0646028529226951,2.82722976963969,1.1297838388453,-0.469692426705613,1.81145251761394,2.69926788060822,1.02587393729604,-0.00820646814185672,1.73582019178902,0.2607,3386,5327,"c(0.558, 0.125, 0.049, 0.125, 0.302, 0.498, 0.237, 0.097, 0.102, 0.33, 0.593, 0.263, 0.038, 0.048, 0.121, 0.514)","cop2",16.9006892119648,0.251625997485871
"orthog_B_2_large_classes_560",0.0285714285714286,0.542857142857143,0.135714285714286,0.292857142857143,0.392841742130229,0.426908150064683,0.0385942216472617,0.141655886157827,0.3642703135588,0.11594899279246,0.0971200640670239,0.151201256699316,2.69285714285714,0.925020683718003,0.428090137289024,1.66072950380881,1.92906425183269,0.99650771599659,1.00113210823239,2.99058003686682,0.4224,140,4638,"c(0.449, 0.06, 0.023, 0.011, 0.318, 0.601, 0.196, 0.074, 0.141, 0.268, 0.588, 0.212, 0.092, 0.071, 0.193, 0.702)","ry26",12.7127438164331,0.148906862037832
"orthog_B_2_large_classes_561",0.221981981981982,0.331891891891892,0.0727927927927928,0.373333333333333,0.0600137962750057,0.290181650954242,0.500574844791906,0.149229707978846,0.161968185706976,0.0417102409376495,0.427782051999113,0.224103625354488,2.59747747747748,1.19629794450014,0.0344549034743296,1.43271976169341,2.73902046447459,0.781892720307622,-0.260729321849907,2.7158032228418,0.5111,2775,4349,"c(0.544, 0.052, 0.009, 0.022, 0.304, 0.619, 0.147, 0.057, 0.114, 0.272, 0.67, 0.209, 0.038, 0.056, 0.173, 0.712)","tru1",147.707305677233,0.242772106331448
"orthog_B_2_large_classes_562",0.626737967914438,0.0171122994652406,0.0213903743315508,0.33475935828877,0.0864450127877238,0.388576300085252,0.239556692242114,0.28542199488491,0.540292955126715,0.371464000620011,0.218166317910563,0.0493373634038596,2.06417112299465,1.40820731512611,0.605433869938457,1.40402242631457,2.72395566922421,0.971379366451442,0.00843170883539665,1.82900952949511,0.6928,935,5865,"c(0.516, 0.056, 0.009, 0.009, 0.413, 0.588, 0.174, 0.051, 0.031, 0.286, 0.661, 0.228, 0.041, 0.07, 0.157, 0.712)","ry10",220.024177181804,0.267711552632197
"orthog_B_2_large_classes_563",0.00809968847352025,0.490965732087227,0.404361370716511,0.0965732087227414,0.362384333978911,0.267269205939316,0.322143318269852,0.0482031418119217,0.354284645505391,0.223696526147912,0.0822180524466594,0.0483700669108198,2.58940809968847,0.671827348433077,0.547419356620172,2.47786642072726,2.05616526791478,0.934978974189532,0.242137980835794,1.8251219690428,0.4297,1605,9294,"c(0.468, 0.062, 0.029, 0, 0.189, 0.569, 0.024, 0.003, 0.148, 0.206, 0.623, 0.044, 0.195, 0.163, 0.324, 0.953)","sun11",95.7371736961352,0.133962071374063
"orthog_B_2_large_classes_564",0.0703933747412008,0.461697722567288,0.245341614906832,0.222567287784679,0.524683544303797,0.175063291139241,0.262405063291139,0.0378481012658228,0.454290169562597,0.286634431428047,0.0170634483843069,0.184719186518856,2.62008281573499,0.906367167552376,0.253654077465286,2.02307433458944,1.81341772151899,0.950614572797546,0.643540611997696,1.97801812071439,0.5683,966,7900,"c(0.563, 0.1, 0.037, 0.031, 0.314, 0.647, 0.186, 0.037, 0.041, 0.202, 0.64, 0.183, 0.082, 0.05, 0.138, 0.749)","ry30",109.505780291561,0.182813655818915
"orthog_B_2_large_classes_565",0.0551684088269454,0.238675958188153,0.617886178861789,0.0882694541231127,0.235068912710567,0.127871362940276,0.333843797856049,0.303215926493109,0.179900503883621,0.110804595247878,0.28404238100574,0.214946472369996,2.73925667828107,0.692554667732465,-0.598619042103432,3.48614229347449,2.7052067381317,1.13334014004301,-0.373446983708232,1.74190130555563,0.4142,3444,1306,"c(0.61, 0.107, 0.061, 0.061, 0.206, 0.575, 0.146, 0.05, 0.101, 0.232, 0.591, 0.105, 0.083, 0.086, 0.202, 0.784)","phq7",63.2331505563151,0.241990532779401
"orthog_B_2_large_classes_566",0.452513966480447,0.217877094972067,0.128491620111732,0.201117318435754,0.30952380952381,0.258043758043758,0.164736164736165,0.267696267696268,0.142990156956637,0.040166663071691,0.0362445446244329,0.0665789492605135,2.07821229050279,1.1744605987216,0.593079529012679,1.81203952221618,2.39060489060489,1.180030874376,0.18590200803252,1.53799302622892,0.1668,179,1554,"c(0.553, 0.145, 0.05, 0.088, 0.196, 0.47, 0.22, 0.08, 0.16, 0.297, 0.58, 0.186, 0.091, 0.088, 0.149, 0.646)","ph4",2.29023302361078,0.251734533843288
"orthog_B_2_large_classes_567",0.285714285714286,0.142857142857143,0,0.571428571428571,0.251908396946565,0.223918575063613,0.229007633587786,0.295165394402036,0.0338058887677208,0.0810614322064704,0.229007633587786,0.276263177026536,2.85714285714286,1.35526185435788,-0.428664305045046,1.31925925925926,2.56743002544529,1.15741123822332,-0.080405371732528,1.55747042724413,0.3694,7,393,"c(0.377, 0.058, 0.02, 0.027, 0.287, 0.596, 0.15, 0.042, 0.185, 0.265, 0.628, 0.181, 0.151, 0.081, 0.202, 0.75)","ry29",2.02113013631994,0.429700646629079
"orthog_B_2_large_classes_568",0.618889258397074,0.267376122381111,0.0116395078150981,0.102095111406718,0.512448132780083,0.190871369294606,0.0954356846473029,0.201244813278008,0.106441125616991,0.076504753086505,0.0837961768322048,0.0991497018712906,1.59694047223146,0.93619027388349,1.62673474699959,4.60227654869442,1.98547717842324,1.18855044410949,0.747164960120516,1.95375602679303,0.1845,3007,964,"c(0.464, 0.057, 0.022, 0.01, 0.189, 0.568, 0.018, 0.01, 0.147, 0.217, 0.622, 0.035, 0.2, 0.158, 0.338, 0.945)","sun11",13.9176665193115,0.164577948962386
"orthog_B_2_large_classes_569",0.133891213389121,0.36652719665272,0.279497907949791,0.220083682008368,0.212947882736156,0.226791530944625,0.299267100977199,0.26099348534202,0.079056669347035,0.139735665708094,0.0197691930274079,0.0409098033336514,2.58577405857741,0.974983385330303,0.0375279002676782,1.96809774876786,2.60830618892508,1.08910628755731,-0.166784623157742,1.73560918721555,0.1669,1195,2456,"c(0.462, 0.08, 0.035, 0.047, 0.282, 0.471, 0.131, 0.047, 0.194, 0.361, 0.696, 0.211, 0.062, 0.088, 0.138, 0.695)","cop3",4.73245836639286,0.229953930026828
"orthog_B_2_large_classes_570",0.28129222454244,0.202432133644515,0.44208328215207,0.0741923596609753,0.396934695690804,0.238560639715682,0.065970679697912,0.298533984895602,0.115642471148365,0.0361285060711665,0.376112602454158,0.224341625234627,2.30917577693158,0.961537978603635,-0.149353331542676,1.79602989118653,2.26610395379831,1.25945623216689,0.386506853564725,1.48585547460129,0.4544,8141,4502,"c(0.814, 0.203, 0.064, 0.011, 0.126, 0.63, 0.228, 0.02, 0.039, 0.111, 0.506, 0.111, 0.022, 0.055, 0.202, 0.858)","ry25",242.309610756963,0.241563425075934
"orthog_B_2_large_classes_571",0.293501048218029,0.161425576519916,0.164570230607966,0.380503144654088,0.363895100630209,0.111608050416751,0.045537710916853,0.478959138036186,0.0703940524121801,0.0498175261031648,0.119032519691113,0.0984559933820982,2.63207547169811,1.25720501729827,-0.16835651437712,1.37841221074234,2.63956088635902,1.38428004259668,-0.160193248633172,1.16822868705871,0.1769,954,4919,"c(0.415, 0.054, 0.014, 0.023, 0.359, 0.54, 0.118, 0.029, 0.111, 0.292, 0.599, 0.113, 0.116, 0.114, 0.27, 0.834)","ry15",8.95021226815942,0.225345896754752
"orthog_B_2_large_classes_572",0.539267015706806,0.000805477245267821,0.136125654450262,0.323801852597664,0.256560962274467,0.241798797156916,0.142700929469656,0.358939311098961,0.282706053432339,0.240993319911649,0.00657527501939376,0.035137458501297,2.24446234393878,1.38233072849578,0.291995498841799,1.20868748443404,2.60401858939311,1.21251007410558,-0.0711115803020773,1.43293231008822,0.3732,2483,7316,"c(0.615, 0.066, 0.01, 0.007, 0.263, 0.709, 0.235, 0.033, 0.07, 0.179, 0.582, 0.228, 0.052, 0.046, 0.172, 0.732)","ry20",122.77971831878,0.230215204850435
"orthog_B_2_large_classes_573",0.213758723828514,0.279162512462612,0.0847457627118644,0.422333000997009,0.0667209113100081,0.22470843504204,0.284784377542718,0.423786276105235,0.147037812518506,0.0544540774205725,0.200038614830853,0.00145327510822563,2.71565304087737,1.21477455340956,-0.1590391327752,1.41206882380435,3.06563601844318,0.954500010199179,-0.59148974509091,2.20168380761526,0.2542,5015,7374,"c(0.696, 0.074, 0.01, 0.01, 0.2, 0.634, 0.145, 0.015, 0.056, 0.241, 0.64, 0.154, 0.048, 0.051, 0.205, 0.821)","ry28",234.6885262961,0.243349271662599
"orthog_B_2_large_classes_574",0.011988011988012,0.474525474525474,0.233766233766234,0.27972027972028,0.407030527289547,0.312056737588652,0.00678384212149245,0.274128893000308,0.395042515301535,0.162468736936822,0.226982391644741,0.00559138671997139,2.78121878121878,0.868523218173473,0.32795904270541,1.60831222490512,2.14801110083256,1.22000928498213,0.621531615889671,1.77645061350796,0.4837,1001,3243,"c(0.328, 0.094, 0.035, 0.098, 0.22, 0.356, 0.168, 0.082, 0.247, 0.425, 0.675, 0.295, 0.204, 0.125, 0.122, 0.525)","cop1",29.3467762070744,0.209819390522163
"orthog_B_2_large_classes_575",0.238412514484357,0.434530706836616,0.119351100811124,0.207705677867903,0.3,0.244827586206897,0.186206896551724,0.268965517241379,0.0615874855156431,0.18970312062972,0.0668557957406002,0.0612598393734766,2.29634994206257,1.04917254949155,0.465779620056375,2.02665042448334,2.42413793103448,1.17565980665115,0.124883517885016,1.52906764395906,0.2191,3452,290,"c(0.355, 0.094, 0.03, 0.01, 0.312, 0.47, 0.042, 0.011, 0.096, 0.228, 0.584, 0.036, 0.237, 0.208, 0.344, 0.944)","sun12",3.08536452152843,0.166804677352326
"orthog_B_2_large_classes_576",0.179700499168053,0.382695507487521,0.171381031613977,0.266222961730449,0.262428442301898,0.00331425128050618,0.46550165712564,0.268755649291955,0.0827279431338449,0.379381256207015,0.294120625511664,0.00253268756150615,2.52412645590682,1.06829997468987,0.150081160103806,1.74318446147114,2.74058451340765,1.1200389614188,-0.597995379017229,1.96219952353074,0.4871,601,6638,"c(0.414, 0.048, 0.02, 0.016, 0.363, 0.533, 0.119, 0.036, 0.11, 0.291, 0.596, 0.114, 0.113, 0.128, 0.265, 0.833)","ry15",19.1765499836406,0.239917721790907
"orthog_B_2_large_classes_577",0.244698205546493,0.194127243066884,0.0554649265905383,0.505709624796085,0.357095709570957,0.121452145214521,0.221782178217822,0.2996699669967,0.112397504024464,0.0726750978523627,0.166317251627283,0.206039657799385,2.82218597063622,1.28335959925905,-0.360407184495312,1.38599879795248,2.46402640264026,1.24989489695267,-0.00646624117448259,1.3654019028691,0.2967,613,1515,"c(0.609, 0.075, 0.033, 0.035, 0.311, 0.625, 0.217, 0.082, 0.045, 0.238, 0.611, 0.255, 0.035, 0.062, 0.14, 0.628)","for1",12.9460655583223,0.22690285415935
"orthog_B_2_large_classes_578",0.232774674115456,0.277467411545624,0.312849162011173,0.176908752327747,0.162162162162162,0.297297297297297,0.432432432432432,0.108108108108108,0.0706125119532941,0.0198298857516735,0.119583270421259,0.0688006442196386,2.43389199255121,1.03198671708388,0.0249108246037881,1.84286652032608,2.48648648648649,0.889020767751272,-0.189991545374284,2.25043477369559,0.1562,537,37,"c(0.598, 0.213, 0.054, 0.065, 0.18, 0.402, 0.186, 0.03, 0.122, 0.275, 0.56, 0.127, 0.1, 0.111, 0.2, 0.778)","ph2",1.60447754254767,0.383374125405923
"orthog_B_2_large_classes_579",0.0955746256099613,0.169779572606428,0.509675248191149,0.224970553592462,0.338235294117647,0.457843137254902,0.0362745098039216,0.167647058823529,0.242660668507686,0.288063564648474,0.473400738387228,0.0573234947689323,2.86404172976611,0.870955783833912,-0.60164730429105,2.82107576293838,2.03333333333333,1.02175678520114,0.876328226249334,2.68395348519186,0.6077,5943,1020,"c(0.653, 0.082, 0.013, 0.003, 0.143, 0.507, 0.094, 0.009, 0.115, 0.314, 0.582, 0.08, 0.089, 0.097, 0.311, 0.908)","ry2",212.350483814328,0.285016242887546
"orthog_B_2_large_classes_580",0.376271186440678,0.284745762711864,0.305084745762712,0.0338983050847458,0.112509534706331,0.147597254004577,0.311975591151793,0.4279176201373,0.263761651734347,0.137148508707288,0.00689084538908064,0.394019315052554,1.99661016949153,0.903846038654536,0.282112494634127,1.83775941101757,3.05530129672006,1.0111848394573,-0.763649343876463,2.42138841975218,0.4936,295,2622,"c(0.61, 0.079, 0.03, 0.034, 0.31, 0.636, 0.21, 0.086, 0.05, 0.234, 0.613, 0.253, 0.029, 0.051, 0.146, 0.627)","for1",59.9405930528357,0.224446736312791
"orthog_B_2_large_classes_581",0.584558823529412,0.307598039215686,0.0894607843137255,0.0183823529411765,0.274761127942205,0.0261011419249592,0.208343043579585,0.490794686553251,0.309797695587207,0.281496897290727,0.11888225926586,0.472412333612075,1.54166666666667,0.733129985175479,1.23661067326363,3.94587422460219,2.91517128874388,1.26836289365215,-0.648566644036697,1.69799888386957,0.6423,816,4291,"c(0.485, 0.061, 0.006, 0, 0.274, 0.64, 0.21, 0.043, 0.12, 0.215, 0.516, 0.166, 0.121, 0.084, 0.268, 0.791)","ry5",226.077720259125,0.243150161088162
"orthog_B_2_large_classes_582",0.159878419452888,0.226747720364742,0.350151975683891,0.26322188449848,0.228890439637125,0.270062805303559,0.290997906489881,0.210048848569435,0.0690120201842374,0.0433150849388173,0.0591540691940092,0.0531730359290455,2.71671732522796,1.02432134061962,-0.305307733394412,1.96619513665587,2.48220516399163,1.06186718577445,-0.000646033084878599,1.77364030718001,0.1139,1645,1433,"c(0.58, 0.218, 0.061, 0.062, 0.184, 0.399, 0.174, 0.031, 0.13, 0.266, 0.56, 0.13, 0.106, 0.117, 0.205, 0.777)","ph2",5.99841804179158,0.250056357091105
"orthog_B_2_large_classes_583",0.31294964028777,0.303956834532374,0.0755395683453237,0.307553956834532,0.271221532091097,0.355072463768116,0.0890269151138716,0.284679089026915,0.0417281081966725,0.0511156292357419,0.0134873467685479,0.0228748678076172,2.37769784172662,1.21492772473357,0.276942346208302,1.50330503730158,2.3871635610766,1.16149437376473,0.300122410393759,1.62146044371877,0.0711,556,966,"c(0.655, 0.08, 0.007, 0.004, 0.265, 0.709, 0.197, 0.047, 0.032, 0.158, 0.658, 0.155, 0.048, 0.053, 0.138, 0.794)","sun1",1.89340193779031,0.277747568797453
"orthog_B_2_large_classes_584",0.567291311754685,0.0340715502555366,0.391822827938671,0.00681431005110733,0.065798492117889,0.333790267306374,0.206305688827964,0.394105551747772,0.501492819636796,0.299718717050838,0.185517139110707,0.387291241696665,1.8381601362862,0.979887360062821,0.371434618356377,1.23954943017417,2.92871830020562,0.992979711172452,-0.260301105017961,1.72587590096313,0.7251,587,1459,"c(0.541, 0.117, 0.03, 0.021, 0.352, 0.674, 0.338, 0.081, 0.072, 0.165, 0.481, 0.283, 0.035, 0.043, 0.151, 0.616)","for2",94.9321952033742,0.237210271888648
"orthog_B_2_large_classes_585",0.420271218143559,0.20154313771335,0.156768763151742,0.221416880991349,0.340845070422535,0.288888888888889,0.0244131455399061,0.34585289514867,0.0794261477210234,0.0873457511755384,0.132355617611836,0.124436014157321,2.17933130699088,1.19605509387889,0.428073264674081,1.6209607011493,2.37527386541471,1.26800604197844,0.288118216777565,1.4075521746447,0.2167,8554,3195,"c(0.608, 0.077, 0.004, 0.006, 0.28, 0.578, 0.166, 0.043, 0.066, 0.228, 0.563, 0.117, 0.046, 0.117, 0.266, 0.834)","ry27",38.894061663875,0.248652540692278
"orthog_B_2_large_classes_586",0.164289487585843,0.204965662968833,0.326994189117802,0.303750660327522,0.0433969322858212,0.157875046763936,0.379723157500935,0.419004863449308,0.120892555300021,0.0470906162048969,0.0527289683831328,0.115254203121785,2.77020602218701,1.05502085353826,-0.371338518159904,1.92189734492312,3.17433595211373,0.848572103687794,-0.765829686332223,2.82602862744969,0.1814,1893,2673,"c(0.69, 0.071, 0.009, 0.006, 0.204, 0.645, 0.147, 0.015, 0.064, 0.241, 0.628, 0.145, 0.043, 0.042, 0.216, 0.834)","ry28",92.6560439988757,0.259124344451262
"orthog_B_2_large_classes_587",0.27430373095113,0.190401121036959,0.330355578910492,0.204939569101419,0.349993058447869,0.253783145911426,0.382340691378592,0.013883104262113,0.0756893274967391,0.0633820248744666,0.0519851124681001,0.191056464839306,2.4659309861622,1.09878382878582,-0.070234943787833,1.67230374396497,2.06011384145495,0.885580314223641,0.00253693021348383,1.52348506318688,0.2212,5709,7203,"c(0.504, 0.063, 0.002, 0, 0.415, 0.585, 0.171, 0.064, 0.041, 0.276, 0.665, 0.233, 0.04, 0.076, 0.162, 0.703)","ry10",145.264591513998,0.260728886367674
"orthog_B_2_large_classes_588",0.265193370165746,0.219613259668508,0.403314917127072,0.111878453038674,0.31484794275492,0.12701252236136,0.273703041144902,0.284436493738819,0.0496545725891737,0.0926007373071487,0.12961187598217,0.172558040700145,2.36187845303867,0.992504954483276,-0.0855733033783147,1.84315626132495,2.52772808586762,1.20324562174213,-0.117537815623646,1.46697027401293,0.24,724,559,"c(0.704, 0.08, 0.005, 0.014, 0.193, 0.629, 0.152, 0.014, 0.059, 0.244, 0.633, 0.151, 0.045, 0.047, 0.209, 0.822)","ry28",12.2486491076121,0.247972671539877
"orthog_B_2_large_classes_589",0.175,0.35,0.05,0.425,0.0929304446978335,0.589794754846066,0.0259407069555302,0.29133409350057,0.0820695553021665,0.239794754846066,0.0240592930444698,0.13366590649943,2.725,1.1829518164321,-0.0904430138833851,1.41433589973192,2.51567844925884,1.00910022427192,0.536452209424611,1.87843520110311,0.2875,40,7016,"c(0.504, 0.083, 0.029, 0.008, 0.41, 0.552, 0.164, 0.018, 0.086, 0.299, 0.642, 0.151, 0, 0.066, 0.166, 0.823)","ry17",2.35442410627613,0.283344050838525
"orthog_B_2_large_classes_590",0.125086385625432,0.44713199723566,0.174498963372495,0.253282653766413,0.192546583850932,0.360248447204969,0.0082815734989648,0.438923395445135,0.0674601982254998,0.086883550030691,0.16621738987353,0.185640741678721,2.55597788527989,1.00180065638992,0.228631599645918,1.87048731766579,2.6935817805383,1.21468763591129,-0.0427391609876337,1.35324248281241,0.2724,2894,483,"c(0.5, 0.08, 0.009, 0.004, 0.333, 0.64, 0.145, 0.021, 0.125, 0.219, 0.629, 0.155, 0.042, 0.061, 0.217, 0.82)","ry7",16.6050039357091,0.281895729534996
"orthog_B_2_large_classes_591",0.0789473684210526,0.388888888888889,0.402046783625731,0.130116959064327,0.382113821138211,0.024390243902439,0.195121951219512,0.398373983739837,0.303166452717159,0.36449864498645,0.206924832406219,0.26825702467551,2.58333333333333,0.813132345025283,0.0157493903118401,2.46452187193753,2.60975609756098,1.34124166681634,-0.21445343919742,1.25517683925422,0.5827,2736,123,"c(0.469, 0.053, 0.026, 0.017, 0.187, 0.58, 0.029, 0, 0.144, 0.208, 0.627, 0.037, 0.199, 0.159, 0.318, 0.946)","sun11",18.0676301894232,0.163395196731224
"orthog_B_2_large_classes_592",0.39945466939332,0.426039536468984,0.0129516019086571,0.161554192229039,0.328130189305878,0.196612421122551,0.228495516439721,0.24676187313185,0.0713244800874412,0.229427115346434,0.215543914531064,0.085207680902811,1.93660531697342,1.02693921649828,1.02192008838464,2.92438947513622,2.39388907339754,1.17835673551392,0.105474493680323,1.51259142264027,0.3338,1467,3011,"c(0.529, 0.12, 0.014, 0.018, 0.353, 0.669, 0.343, 0.086, 0.075, 0.167, 0.491, 0.285, 0.043, 0.043, 0.152, 0.611)","for2",48.1210047905494,0.261535423957259
"orthog_B_2_large_classes_593",0.28372591006424,0.140256959314775,0.394539614561028,0.181477516059957,0.43859649122807,0.114035087719298,0.254385964912281,0.192982456140351,0.15487058116383,0.0262218715954769,0.140153649648747,0.0115049400803937,2.4737687366167,1.08614859621956,-0.172043880402172,1.69609394755612,2.20175438596491,1.19340162914489,0.287951059220906,1.49689118185028,0.2108,1868,114,"c(0.634, 0.129, 0.034, 0.048, 0.193, 0.468, 0.156, 0.031, 0.089, 0.31, 0.609, 0.1, 0.084, 0.093, 0.202, 0.821)","ph3",3.33915512146776,0.253156652549854
"orthog_B_2_large_classes_594",0.397350993377483,0.231788079470199,0.337748344370861,0.033112582781457,0.101325757575758,0.241477272727273,0.339015151515151,0.318181818181818,0.296025235801726,0.00968919325707407,0.00126680714429056,0.285069235400361,2.00662251655629,0.931399920092671,0.232752114189813,1.67385988032156,2.87405303030303,0.974217368987164,-0.403724057801698,2.11173203080699,0.4111,302,1056,"c(0.355, 0.084, 0.034, 0.008, 0.311, 0.478, 0.038, 0.002, 0.104, 0.221, 0.583, 0.034, 0.23, 0.217, 0.344, 0.957)","sun12",23.8821987131294,0.222299046242875
"orthog_B_2_large_classes_595",0.144355336212215,0.287476866132017,0.295496607032696,0.272671190623072,0.298701298701299,0.0952380952380952,0.233766233766234,0.372294372294372,0.154345962489084,0.192238770893922,0.0617303732664621,0.0996231816713001,2.69648365206663,1.02247113804798,-0.177518732195773,1.87849209521949,2.67965367965368,1.24888586243028,-0.298131185106018,1.45175981798902,0.273,1621,231,"c(0.424, 0.057, 0.011, 0.021, 0.358, 0.54, 0.119, 0.018, 0.112, 0.287, 0.6, 0.112, 0.106, 0.117, 0.27, 0.849)","ry15",5.03390262909023,0.210012412995352
"orthog_B_2_large_classes_596",0.0709863805200165,0.0420965744944284,0.533635988444078,0.353281056541478,0.306764427625355,0.410596026490066,0.100993377483444,0.181646168401135,0.235778047105338,0.368499451995638,0.432642610960634,0.171634888140342,3.16921172100702,0.806653919961848,-1.12761505657527,4.29656074799351,2.15752128666036,1.05334207309981,0.615348233635587,2.18930834260173,0.6388,2423,4228,"c(0.606, 0.103, 0.019, 0.016, 0.29, 0.652, 0.197, 0.037, 0.103, 0.188, 0.602, 0.162, 0.001, 0.057, 0.182, 0.785)","ry18",505.361157402186,0.232754397965276
"orthog_B_2_large_classes_597",0.0691073632250103,0.264088852324146,0.370629370629371,0.296174413821473,0.0196479738027016,0.323986901350798,0.289398280802292,0.366966844044208,0.0494593894223087,0.0598980490266518,0.0812310898270784,0.0707924302227353,2.89387083504731,0.908531408038326,-0.342394786975674,2.20313167692614,3.00368399508801,0.877229769664712,-0.181775548887398,1.70061057124293,0.1328,2431,4886,"c(0.503, 0.092, 0.018, 0.001, 0.181, 0.519, 0.118, 0.03, 0.273, 0.283, 0.659, 0.182, 0.043, 0.106, 0.206, 0.787)","tru2",10.4423991111937,0.241420059862098
"orthog_B_2_large_classes_598",0.490706319702602,0.144981412639405,0.0706319702602231,0.29368029739777,0.112576956904134,0.098504837291117,0.403693931398417,0.385224274406332,0.378129362798469,0.0464765753482882,0.333061961138194,0.0915439770085629,2.16728624535316,1.30693335395098,0.478186280033352,1.45957728495534,3.06156552330695,0.964492937067932,-0.875979328003408,2.83967585716977,0.5142,269,1137,"c(0.591, 0.064, 0.009, 0.004, 0.219, 0.534, 0.114, 0.038, 0.102, 0.295, 0.635, 0.154, 0.088, 0.107, 0.242, 0.803)","ry14",62.2837995516872,0.294919061254474
"orthog_B_2_large_classes_599",0.449131513647643,0.0155650800812091,0.162418226934356,0.372885179336792,0.232919254658385,0.220496894409938,0.397515527950311,0.149068322981366,0.216212258989258,0.204931814328729,0.235097301015955,0.223816856355426,2.4590570719603,1.3756296967616,-0.00248548999410078,1.15958394895129,2.46273291925466,1.00627348169979,-0.144865819695169,1.8940167370963,0.4406,4433,322,"c(0.61, 0.062, 0.003, 0.004, 0.258, 0.723, 0.23, 0.041, 0.071, 0.179, 0.6, 0.225, 0.061, 0.036, 0.167, 0.73)","ry20",25.5790000629211,0.185827519418236
"orthog_B_2_large_classes_600",0.156957928802589,0.296116504854369,0.336569579288026,0.210355987055016,0.00412938747419133,0.169304886441844,0.562973158981418,0.263592567102546,0.152828541328398,0.126811618412524,0.226403579693392,0.0532365800475303,2.60032362459547,0.987199575599198,-0.113346925586472,1.98350172660987,3.08602890571232,0.664841357635863,-0.181924697564544,2.54729844526613,0.3058,618,1453,"c(0.681, 0.082, 0.011, 0.01, 0.206, 0.639, 0.149, 0.009, 0.068, 0.232, 0.623, 0.153, 0.045, 0.048, 0.217, 0.828)","ry28",55.2205091580588,0.272281229619857
"orthog_B_2_large_classes_601",0.301526717557252,0.0715648854961832,0.303435114503817,0.323473282442748,0.0785219399538106,0.109699769053118,0.200153964588145,0.611624326404927,0.223004777603441,0.0381348835569346,0.103281149915672,0.288151043962179,2.64885496183206,1.21566533237482,-0.311816370901746,1.52200571970134,3.34488067744419,0.95732396480968,-1.27141901790889,3.3912057358084,0.3806,1048,2598,"c(0.514, 0.074, 0.034, 0.084, 0.355, 0.598, 0.262, 0.09, 0.091, 0.251, 0.496, 0.283, 0.039, 0.077, 0.208, 0.543)","ry11",35.5234781464103,0.227676059945067
"orthog_B_2_large_classes_602",0.0531073446327684,0.421468926553672,0.12090395480226,0.404519774011299,0.402667778240934,0.170904543559817,0.0791996665277199,0.34722801167153,0.349560433608165,0.250564382993856,0.04170428827454,0.0572917623397697,2.87683615819209,1.01155758470151,-0.0597617120123972,1.48215203658909,2.37098791162985,1.31649058518445,0.207902724581751,1.29283481864365,0.4359,885,2399,"c(0.648, 0.088, 0.01, 0.014, 0.27, 0.702, 0.191, 0.046, 0.029, 0.155, 0.665, 0.162, 0.054, 0.055, 0.135, 0.779)","sun1",86.1627111522261,0.196045075580054
"orthog_B_2_large_classes_603",0.178786803831146,0.0961333806314296,0.300106420716566,0.424973394820858,0.0647321428571429,0.323660714285714,0.279017857142857,0.332589285714286,0.114054660974003,0.227527333654285,0.021088563573709,0.0923841091065727,2.97126640652714,1.11149825523165,-0.724550572132121,2.13670866570199,2.87946428571429,0.949025665095631,-0.212340619220817,1.8809052652765,0.2716,2819,448,"c(0.645, 0.09, 0.01, 0.001, 0.159, 0.5, 0.105, 0.011, 0.122, 0.309, 0.576, 0.078, 0.073, 0.1, 0.308, 0.91)","ry2",14.8066205473793,0.21649893162807
"orthog_B_2_large_classes_604",0.465080186239007,0.22572857389205,0.249870667356441,0.0593205725125022,0.000392003136025088,0.304978439827519,0.557428459427675,0.137201097608781,0.464688183102982,0.0792498659354682,0.307557792071235,0.0778805250962787,1.90343162614244,0.971034341728428,0.58259422037518,2.04401349403387,2.83143865150921,0.644464600870651,0.164023978562544,2.35614172026611,0.5682,5799,2551,"c(0.538, 0.13, 0.046, 0.088, 0.201, 0.474, 0.227, 0.085, 0.162, 0.306, 0.574, 0.183, 0.099, 0.09, 0.152, 0.644)","ph4",206.649035719163,0.228400253740721
"orthog_B_2_large_classes_605",0.252842022736182,0.334574676597413,0.35672285378283,0.0558604468835751,0.29485834207765,0.356768100734523,0.150052465897167,0.198321091290661,0.0420163193414677,0.0221934241371098,0.206670387885663,0.142460644407086,2.2156017248138,0.886861071594998,0.0458979612547567,2.02741696463503,2.25183630640084,1.08386975597433,0.422711344264591,1.9018990708265,0.2555,5102,953,"c(0.7, 0.086, 0.013, 0.007, 0.205, 0.627, 0.147, 0.02, 0.052, 0.236, 0.628, 0.151, 0.043, 0.05, 0.212, 0.822)","ry28",20.8285460696441,0.264380394875373
"orthog_B_2_large_classes_606",0.181818181818182,0.244755244755245,0.265734265734266,0.307692307692308,0.261904761904762,0.19047619047619,0.19047619047619,0.357142857142857,0.0800865800865801,0.0542790542790543,0.0752580752580753,0.0494505494505494,2.6993006993007,1.0905504162024,-0.224792405367785,1.73741657288781,2.64285714285714,1.21148135554367,-0.174624543288354,1.46465951187549,0.1322,143,42,"c(0.499, 0.078, 0.026, 0.008, 0.325, 0.639, 0.138, 0.023, 0.139, 0.226, 0.614, 0.156, 0.038, 0.056, 0.223, 0.813)","ry7",1.56559900217227,0.40555766751057
"orthog_B_2_large_classes_607",0.240798502807236,0.169058016219588,0.215221459762944,0.374922021210231,0.124101335159192,0.330708661417323,0.166723724751797,0.378466278671688,0.116697167648044,0.161650645197735,0.0484977350111472,0.00354425746145698,2.72426699937617,1.19630487795785,-0.301222211947862,1.54738810143478,2.79955494693598,1.07953789253918,-0.187745898295387,1.63666562567584,0.2052,1603,5842,"c(0.465, 0.067, 0.036, 0.037, 0.37, 0.66, 0.22, 0.052, 0.089, 0.191, 0.587, 0.138, 0.076, 0.083, 0.157, 0.773)","ry12",10.653396202654,0.227694785731308
"orthog_B_2_large_classes_608",0.257142857142857,0.382142857142857,0.305357142857143,0.0553571428571429,0.354095144678764,0.548307994114762,0.0161844041196665,0.0814124570868073,0.096952287535907,0.166165136971905,0.289172738737476,0.0260553142296644,2.15892857142857,0.871016808455638,0.18966593535025,2.17679922862225,1.82491417361452,0.815643507020421,1.23141104698756,4.55849042625041,0.3483,560,2039,"c(0.644, 0.073, 0.02, 0.03, 0.286, 0.599, 0.17, 0.049, 0.052, 0.278, 0.6, 0.227, 0.017, 0.05, 0.21, 0.694)","ry21",18.0134483833,0.229796525517111
"orthog_B_2_large_classes_609",0.0638516992790937,0.518795056642636,0.316168898043254,0.101184346035015,0.125246548323471,0.390532544378698,0.310650887573964,0.173570019723866,0.0613948490443777,0.128262512263938,0.0055180104692899,0.0723856736888504,2.45468589083419,0.76027542518401,0.408097099325433,2.7328516771141,2.53254437869822,0.920094560091419,0.0904041882206219,2.15161409518566,0.1597,3884,1014,"c(0.698, 0.076, 0.01, 0.01, 0.199, 0.638, 0.145, 0.024, 0.065, 0.233, 0.637, 0.151, 0.038, 0.052, 0.208, 0.815)","ry28",12.9234129049056,0.246704603688358
"orthog_B_2_large_classes_610",0.296314824078706,0.385859596464899,0.0368517592129398,0.280973820243455,0.134128166915052,0.0178837555886736,0.0551415797317437,0.792846497764531,0.162186657163654,0.367975840876225,0.0182898205188039,0.511872677521075,2.30248457562114,1.16857389401645,0.452112152149709,1.71484051944582,3.50670640834575,1.04426602777011,-1.83166895001811,4.57341567921303,0.6512,5997,671,"c(0.643, 0.148, 0.048, 0.019, 0.245, 0.672, 0.241, 0.057, 0.082, 0.138, 0.602, 0.165, 0.03, 0.043, 0.109, 0.759)","sun3",294.322619189929,0.258936334804171
"orthog_B_2_large_classes_611",0.0471249459576308,0.648292261132728,0.12883700821444,0.175745784695201,0.0609756097560976,0.0304878048780488,0.373475609756098,0.535060975609756,0.0138506637984668,0.617804456254679,0.244638601541657,0.359315190914555,2.43320363164721,0.831432322249107,0.883835318659872,2.70797667473333,3.38262195121951,0.814279842533983,-1.48236250915716,4.9181795196433,0.7555,4626,656,"c(0.427, 0.048, 0.016, 0.009, 0.411, 0.57, 0.116, 0.022, 0.097, 0.28, 0.603, 0.161, 0.065, 0.101, 0.265, 0.808)","ry9",151.603162325344,0.18143718975862
"orthog_B_2_large_classes_612",0.319702602230483,0.265799256505576,0.340148698884758,0.0743494423791822,0.37914691943128,0.384039137746522,0.183458186821587,0.0533557560006115,0.0594443172007963,0.118239881240946,0.156690512063171,0.0209936863785706,2.16914498141264,0.963659195927112,0.155525538417291,1.84960895293984,1.91102277939153,0.876419525380456,0.648994295763385,2.60212931938338,0.2062,538,6541,"c(0.605, 0.075, 0.009, 0.013, 0.261, 0.72, 0.241, 0.038, 0.068, 0.165, 0.585, 0.231, 0.065, 0.04, 0.165, 0.718)","ry20",10.3588694287208,0.227576666074034
"orthog_B_2_large_classes_613",0.363974315647178,0.118959107806691,0.238594119635012,0.278472456911119,0.0279959030385797,0.535677705701605,0.321611471491977,0.114714919767839,0.335978412608598,0.416718597894913,0.0830173518569649,0.16375753714328,2.43156471781007,1.23701663580898,0.0215897843755036,1.38494120483776,2.52304540798907,0.731362122879941,0.585190734709094,2.63273613206711,0.5659,2959,2929,"c(0.633, 0.131, 0.04, 0.056, 0.202, 0.471, 0.147, 0.028, 0.09, 0.308, 0.609, 0.1, 0.075, 0.09, 0.204, 0.817)","ph3",165.762651854194,0.237693388544698
"orthog_B_2_large_classes_614",0.432432432432432,0.327503974562798,0.227344992050874,0.0127186009538951,0.328125,0.390625,0.015625,0.265625,0.104307432432432,0.0631210254372019,0.211719992050874,0.252906399046105,1.82034976152623,0.823636825375848,0.479781437701677,2.00676425736545,2.21875,1.16550351243572,0.575147206329394,1.84511450574997,0.3516,629,64,"c(0.381, 0.059, 0.018, 0.029, 0.287, 0.61, 0.165, 0.037, 0.179, 0.255, 0.624, 0.184, 0.153, 0.075, 0.193, 0.751)","ry29",3.30378343260214,0.263507047765733
"orthog_B_2_large_classes_615",0.150837988826816,0.0782122905027933,0.446927374301676,0.324022346368715,0.261437908496732,0.143790849673203,0.271241830065359,0.323529411764706,0.110599919669916,0.0655785591704093,0.175685544236316,0.000492934604009176,2.94413407821229,1.00123203652379,-0.789785771532987,2.60684828375534,2.65686274509804,1.18124033106019,-0.263918176230269,1.56844355314204,0.2177,179,306,"c(0.604, 0.092, 0.02, 0.006, 0.292, 0.668, 0.199, 0.024, 0.104, 0.187, 0.596, 0.173, 0, 0.052, 0.185, 0.797)","ry18",4.91915701758055,0.242948482477297
"orthog_B_2_large_classes_616",0.298031228784793,0.122878479293958,0.21724372029871,0.361846571622539,0.0714285714285714,0.285714285714286,0.285714285714286,0.357142857142857,0.226602657356222,0.162835806420328,0.0684705654155756,0.00470371447968188,2.642905634759,1.24472229046032,-0.228142988081598,1.42604447823392,2.92857142857143,0.960973146219551,-0.340026272426881,1.95967766551693,0.2874,1473,56,"c(0.594, 0.064, 0.006, 0.006, 0.213, 0.53, 0.109, 0.041, 0.1, 0.297, 0.629, 0.156, 0.092, 0.109, 0.256, 0.797)","ry14",3.52804388196534,0.115792824826265
"orthog_B_2_large_classes_617",0.189115646258503,0.254421768707483,0.189115646258503,0.36734693877551,0.325688073394495,0.220183486238532,0.174311926605505,0.279816513761468,0.136572427135992,0.0342382824689509,0.0148037196529988,0.0875304250140423,2.73469387755102,1.14361005325596,-0.227583801437153,1.59554068172854,2.40825688073395,1.20523540206022,0.137096950495251,1.47139276538536,0.1664,735,218,"c(0.481, 0.057, 0.008, 0.004, 0.274, 0.632, 0.208, 0.036, 0.124, 0.229, 0.512, 0.162, 0.12, 0.082, 0.272, 0.798)","ry5",3.90820502724134,0.207805035694291
"orthog_B_2_large_classes_618",0.18020769700672,0.0706169822846671,0.464263897373244,0.28491142333537,0.378516624040921,0.304347826086957,0.317135549872123,0,0.198308927034201,0.233730843802289,0.147128347501121,0.28491142333537,2.85387904703726,1.02713575575587,-0.702976633809621,2.38804906434475,1.9386189258312,0.831795971165362,0.115126422666236,1.45447817297807,0.4436,8185,391,"c(0.601, 0.218, 0.061, 0.059, 0.179, 0.4, 0.175, 0.03, 0.129, 0.27, 0.569, 0.132, 0.09, 0.112, 0.195, 0.779)","ph2",46.0117413520365,0.251966781616909
"orthog_B_2_large_classes_619",0.377855641205326,0.320392431674842,0.177855641205326,0.123896285914506,0.165941037442468,0.2786416220923,0.485383754198283,0.0700335862669486,0.211914603762858,0.0417508095825423,0.307528112992958,0.0538626996475573,2.04779257182901,1.0242130130723,0.596285326064155,2.18205858438002,2.45950988928971,0.848710668221804,-0.343972393756716,2.31519002634787,0.3796,7135,8039,"c(0.702, 0.143, 0.068, 0.068, 0.164, 0.462, 0.135, 0.034, 0.096, 0.306, 0.653, 0.099, 0.039, 0.09, 0.145, 0.799)","phq3",227.430337857416,0.243782681355438
"orthog_B_2_large_classes_620",0.158607350096712,0.389748549323017,0.252417794970986,0.199226305609284,0.0728395061728395,0.241975308641975,0.517901234567901,0.167283950617284,0.0857678439238723,0.147773240681042,0.265483439596915,0.0319423549920004,2.49226305609284,0.982653271052903,0.150007427560724,1.99027339777875,2.77962962962963,0.807498720626505,-0.40951907318999,2.80418561698174,0.3173,1034,1620,"c(0.727, 0.194, 0.088, 0.083, 0.146, 0.522, 0.136, 0.038, 0.094, 0.237, 0.64, 0.146, 0.033, 0.046, 0.136, 0.734)","phq5",18.2207448187575,0.239698237963369
"orthog_B_2_large_classes_621",0.337547408343869,0.462705436156764,0.185840707964602,0.0139064475347661,0.00505902192242833,0.928330522765599,0.000843170320404722,0.0657672849915683,0.33248838642144,0.465625086608835,0.184997537644197,0.0518608374568022,1.87610619469027,0.750775753107017,0.403960330157561,2.45017118872408,2.12731871838111,0.502753693331931,3.33117696437985,12.7996705970667,0.6035,791,1186,"c(0.748, 0.116, 0.04, 0.038, 0.181, 0.689, 0.298, 0.112, 0.053, 0.156, 0.551, 0.279, 0.018, 0.04, 0.111, 0.571)","ry22",49.7809642478467,0.246861617832403
"orthog_B_2_large_classes_622",0.233918128654971,0.304093567251462,0.409356725146199,0.0526315789473684,0.0780520346897932,0.463642428285524,0.230153435623749,0.228152101400934,0.155866093965178,0.159548861034062,0.17920328952245,0.175520522453566,2.28070175438596,0.880345213353991,-0.114710895022732,1.99896819153091,2.60840560373582,0.922310412637809,0.254253942766462,1.99954443744289,0.3357,171,1499,"c(0.826, 0.08, 0.039, 0.02, 0.078, 0.632, 0.066, 0.017, 0.057, 0.209, 0.724, 0.081, 0.038, 0.079, 0.171, 0.882)","cyb1",16.5607704196005,0.269947234235844
"orthog_B_2_large_classes_623",0.112734864300626,0.0821155184411969,0.352122477383438,0.453027139874739,0.267857142857143,0.125,0.521428571428571,0.0857142857142857,0.155122278556517,0.0428844815588031,0.169306094045134,0.367312854160453,3.14544189283229,0.982307880110814,-1.00760656869861,2.97674617435694,2.425,0.975457767995548,-0.377804587853067,1.86993369269473,0.4353,1437,560,"c(0.645, 0.065, 0.011, 0.033, 0.284, 0.601, 0.171, 0.059, 0.05, 0.277, 0.605, 0.221, 0.021, 0.057, 0.212, 0.687)","ry21",48.8604966932868,0.242853262648489
"orthog_B_2_large_classes_624",0.323410696266398,0.269424823410696,0.0348133198789102,0.372351160443996,0.121825286073123,0.405107451855987,0.370080937761652,0.102986324309238,0.201585410193274,0.13568262844529,0.335267617882742,0.269364836134758,2.4561049445005,1.28046746835813,0.167588039653576,1.33324278077053,2.45422830030701,0.835181520552231,0.047921428368984,2.4312149291447,0.494,1982,7166,"c(0.665, 0.097, 0.031, 0.037, 0.141, 0.52, 0.121, 0.027, 0.107, 0.212, 0.653, 0.078, 0.087, 0.172, 0.196, 0.858)","phq4",201.615136473174,0.235248590799555
"orthog_B_2_large_classes_625",0.181590482154039,0.435817157169693,0.258609893550407,0.123982467125861,0.246875,0.125,0.234375,0.39375,0.0652845178459612,0.310817157169693,0.024234893550407,0.269767532874139,2.32498434564809,0.911326187098545,0.297068610954499,2.31124647591832,2.775,1.20649285120137,-0.405598468803785,1.59660623486309,0.4174,1597,320,"c(0.504, 0.06, 0.007, 0.014, 0.415, 0.598, 0.163, 0.063, 0.038, 0.276, 0.667, 0.231, 0.042, 0.066, 0.164, 0.692)","ry10",21.112809328905,0.266945362168709
"orthog_B_2_large_classes_626",0.122584207620099,0.279403644395362,0.307012700165654,0.290999447818885,0.267454350161117,0.257787325456498,0.21374865735768,0.261009667024705,0.144870142541018,0.0216163189388633,0.0932640428079744,0.02998978079418,2.76642738818332,1.00308711371634,-0.248971194048212,1.94056632816921,2.46831364124597,1.14277032208601,0.0649410178573329,1.58858688130507,0.1762,1811,931,"c(0.48, 0.028, 0.009, 0.01, 0.301, 0.58, 0.115, 0.02, 0.106, 0.245, 0.654, 0.198, 0.113, 0.147, 0.222, 0.772)","sun5",17.2241370148247,0.198550312890933
"orthog_B_2_large_classes_627",0.227488151658768,0.258293838862559,0.0796208530805687,0.434597156398104,0.0543735224586288,0.451536643026005,0.470449172576832,0.0236406619385343,0.173114629200139,0.193242804163445,0.390828319496263,0.41095649445957,2.72132701421801,1.23498379296697,-0.184158475492844,1.38825634395818,2.46335697399527,0.636149084287279,-0.220724538766973,2.69267166908748,0.6237,2110,423,"c(0.616, 0.086, 0.012, 0.002, 0.282, 0.589, 0.172, 0.05, 0.072, 0.217, 0.559, 0.113, 0.03, 0.109, 0.258, 0.836)","ry27",52.1089221896204,0.251070371656216
"orthog_B_2_large_classes_628",0.327230359520639,0.211717709720373,0.337882822902796,0.123169107856192,0.498038116591928,0.339405829596413,0.0221412556053812,0.140414798206278,0.170807757071289,0.12768811987604,0.315741567297415,0.0172456903500863,2.25699067909454,1.04486621378372,0.120385766601683,1.72636545908585,1.80493273542601,1.02165910523718,1.18686837165809,3.22593214514111,0.3814,3004,3568,"c(0.753, 0.091, 0.021, 0.019, 0.194, 0.689, 0.152, 0.023, 0.037, 0.153, 0.683, 0.123, 0.015, 0.067, 0.144, 0.835)","ry19",216.878446997016,0.25259933160117
"orthog_B_2_large_classes_629",0.426301152165276,0.34803337306317,0.0301946762018276,0.195470798569726,0.116900175131349,0.107267950963222,0.518388791593695,0.257443082311734,0.309400977033928,0.240765422099948,0.488194115391868,0.0619722837420079,1.994835121176,1.11281280846005,0.861248953953071,2.35299067193958,2.91637478108581,0.90847044892055,-0.770080608908115,2.94692218569471,0.6292,2517,2284,"c(0.656, 0.075, 0.017, 0, 0.157, 0.511, 0.099, 0.021, 0.115, 0.311, 0.571, 0.079, 0.072, 0.103, 0.314, 0.9)","ry2",327.336428276968,0.215708305452665
"orthog_B_2_large_classes_630",0.0903846153846154,0.453846153846154,0.344230769230769,0.111538461538462,0.173505275498241,0.232121922626026,0.318288393903869,0.276084407971864,0.0831206601136261,0.221724231220128,0.0259423753269005,0.164545946433402,2.47692307692308,0.808278175795596,0.194928928558369,2.52924546224326,2.69695193434936,1.05375011387722,-0.262158342707924,1.85906980548763,0.2895,520,1706,"c(0.613, 0.097, 0.026, 0.016, 0.287, 0.657, 0.201, 0.036, 0.1, 0.192, 0.591, 0.161, 0, 0.054, 0.182, 0.787)","ry18",18.1153823743825,0.242355564654554
"orthog_B_2_large_classes_631",0.00189393939393939,0.393939393939394,0.471590909090909,0.132575757575758,0.390243902439024,0.27022841656988,0.115369725125823,0.224157955865273,0.388349963045085,0.123710977369514,0.356221183965086,0.0915821982895154,2.73484848484848,0.681018049029367,0.351584754246424,2.20371499672119,2.17344173441734,1.17139379193687,0.497218347051576,1.74689581268605,0.549,528,2583,"c(0.483, 0.068, 0, 0.001, 0.279, 0.629, 0.22, 0.042, 0.117, 0.218, 0.511, 0.17, 0.121, 0.085, 0.269, 0.787)","ry5",61.8611388341488,0.149746987815332
"orthog_B_2_large_classes_632",0.382854100106496,0.0489882854100106,0.152822151224707,0.415335463258786,0.266616314199396,0.332326283987915,0.156344410876133,0.244712990936556,0.116237785907101,0.283337998577905,0.0035222596514258,0.17062247232223,2.60063897763578,1.35508336382342,-0.173940195241904,1.22070315513201,2.37915407854985,1.12163045319783,0.256496893418974,1.69561494962026,0.3506,1878,1324,"c(0.835, 0.082, 0.033, 0.019, 0.062, 0.626, 0.066, 0.009, 0.061, 0.208, 0.734, 0.09, 0.042, 0.084, 0.167, 0.882)","cyb1",110.540687556176,0.257590156974066
"orthog_B_2_large_classes_633",0.124094640270401,0.128601319813295,0.349589570255915,0.397714469660389,0.32156368221942,0.150063051702396,0.00630517023959647,0.522068095838588,0.197469041949019,0.0214617318891013,0.343284400016319,0.124353626178198,3.02092386930629,1.01106703153082,-0.762233719507579,2.46417306962331,2.72887767969735,1.37290879662575,-0.250206896999235,1.20420238458537,0.4156,6213,793,"c(0.639, 0.146, 0.044, 0.021, 0.255, 0.681, 0.237, 0.051, 0.074, 0.138, 0.594, 0.16, 0.032, 0.035, 0.125, 0.768)","sun3",55.6665983443472,0.258981865651851
"orthog_B_2_large_classes_634",0.4,0.12,0.2,0.28,0.288777698355969,0.275911365260901,0.189063616869192,0.246247319513939,0.111222301644031,0.155911365260901,0.0109363831308077,0.0337526804860615,2.36,1.26111062163476,0.13746626028815,1.35586355153051,2.3927805575411,1.14392046353696,0.178867770848155,1.61305930082952,0.1948,25,2798,"c(0.862, 0.13, 0.037, 0.039, 0.104, 0.696, 0.171, 0.049, 0.031, 0.151, 0.634, 0.121, 0.003, 0.022, 0.158, 0.79)","ry16",1.86090115556582,0.332636922923679
"orthog_B_2_large_classes_635",0.264957264957265,0.351282051282051,0.293162393162393,0.0905982905982906,0.140242829491466,0.247580503255323,0.298433925743445,0.313742741509766,0.124714435465799,0.103701548026728,0.00527153258105217,0.223144450911475,2.20940170940171,0.936303233259644,0.235233050584715,2.09930067142411,2.78567657927151,1.03747772701788,-0.316887434392066,1.9015798921123,0.2759,1170,5683,"c(0.468, 0.07, 0.01, 0.019, 0.26, 0.491, 0.126, 0.018, 0.161, 0.284, 0.56, 0.134, 0.112, 0.154, 0.305, 0.83)","ry24",53.8085273949877,0.239808165300645
"orthog_B_2_large_classes_636",0.349315068493151,0.267123287671233,0.219178082191781,0.164383561643836,0.489261744966443,0.254026845637584,0.147651006711409,0.109060402684564,0.139946676473292,0.013096442033649,0.0715270754803714,0.0553231589592719,2.1986301369863,1.08929952994623,0.363647723294001,1.8059771807473,1.87651006711409,1.02854489396037,0.849807335942549,2.44969264122981,0.1671,146,5960,"c(0.73, 0.183, 0.092, 0.079, 0.148, 0.533, 0.128, 0.048, 0.087, 0.246, 0.642, 0.144, 0.035, 0.038, 0.139, 0.729)","phq5",3.69467531945356,0.253810206620698
"orthog_B_2_large_classes_637",0.316216594375262,0.326010913670071,0.158667972575906,0.19910451937876,0.193806842789086,0.296881766998701,0.188826331745344,0.320485058466869,0.122409751586176,0.0291291466713706,0.0301583591694383,0.121380539088108,2.24066041695816,1.1015376562677,0.407984447835435,1.84106690132672,2.63598960589,1.12253758493949,-0.0725065966278229,1.60570734842075,0.1774,7147,4618,"c(0.663, 0.116, 0.075, 0.053, 0.163, 0.54, 0.096, 0.037, 0.103, 0.272, 0.63, 0.093, 0.072, 0.073, 0.2, 0.817)","ph1",82.7710968246799,0.25200921413076
"orthog_B_2_large_classes_638",0.219867549668874,0.0960264900662252,0.425662251655629,0.258443708609272,0.270413573700954,0.186991869918699,0.255213856486391,0.287380699893955,0.0505460240320803,0.090965379852474,0.170448395169238,0.028936991284684,2.7226821192053,1.07565570251011,-0.492214668712634,1.9817348211403,2.55956168257335,1.16706510236527,-0.111850101103555,1.54425123049744,0.2018,6040,2829,"c(0.638, 0.15, 0.041, 0.02, 0.241, 0.666, 0.243, 0.054, 0.085, 0.138, 0.604, 0.162, 0.036, 0.046, 0.112, 0.764)","sun3",26.6246625290642,0.243320774849737
"orthog_B_2_large_classes_639",0.0875,0.136413043478261,0.408152173913043,0.367934782608696,0.376899696048632,0.316109422492401,0.0410334346504559,0.265957446808511,0.289399696048632,0.17969637901414,0.367118739262588,0.101977335800185,3.05652173913044,0.922579600409974,-0.780617277824772,2.79740194341171,2.19604863221885,1.20138580470149,0.539431530410697,1.73071433109534,0.5111,3680,658,"c(0.552, 0.146, 0.056, 0.082, 0.204, 0.471, 0.217, 0.085, 0.16, 0.294, 0.574, 0.183, 0.084, 0.089, 0.153, 0.65)","ph4",43.4899981492634,0.260613597265919
"orthog_B_2_large_classes_640",0.032520325203252,0.451219512195122,0.357723577235772,0.158536585365854,0.182222222222222,0.281333333333333,0.277333333333333,0.259111111111111,0.14970189701897,0.169886178861789,0.080390243902439,0.100574525745257,2.64227642276423,0.782221989376178,0.312510048337225,2.29158064594768,2.61333333333333,1.05821652898744,-0.103960982085994,1.78512440872828,0.2605,246,2250,"c(0.663, 0.106, 0.034, 0.034, 0.146, 0.506, 0.113, 0.028, 0.117, 0.224, 0.659, 0.073, 0.074, 0.164, 0.193, 0.865)","phq4",8.11993749973715,0.220724820605173
"orthog_B_2_large_classes_641",0.377289377289377,0.317111459968603,0.0808477237048666,0.224751439037153,0.106503298774741,0.233741753063148,0.249764373232799,0.409990574929312,0.270786078514636,0.0833697069054549,0.168916649527933,0.185239135892159,2.1530612244898,1.1548658444601,0.57494358209156,1.86865371736656,2.96324222431668,1.03363165054977,-0.505206225841812,1.97736104301262,0.3783,3822,1061,"c(0.566, 0.074, 0.004, 0.015, 0.285, 0.589, 0.149, 0.03, 0.062, 0.266, 0.558, 0.189, 0.087, 0.071, 0.289, 0.765)","ry3",123.092839468612,0.182795251550058
"orthog_B_2_large_classes_642",0.109336609336609,0.23955773955774,0.267813267813268,0.383292383292383,0.0758550626481544,0.224856078564172,0.469353200135455,0.229935658652218,0.0334815466884549,0.0147016609935675,0.201539932322188,0.153356724640165,2.92506142506143,1.02692783104887,-0.45564258475372,1.9680573069214,2.85336945479174,0.858318979762731,-0.434161880502221,2.6015064835379,0.2559,814,2953,"c(0.634, 0.074, 0.033, 0.027, 0.232, 0.62, 0.129, 0.032, 0.083, 0.26, 0.688, 0.219, 0.051, 0.046, 0.15, 0.722)","cop4",12.6853154952752,0.249891139867828
"orthog_B_2_large_classes_643",0.456521739130435,0.270531400966184,0.0217391304347826,0.251207729468599,0.1988399949565,0.207287857773295,0.320514437019291,0.273357710250914,0.257681744173935,0.0632435431928889,0.298775306584509,0.0221499807823151,2.06763285024155,1.21594308460874,0.708969620152409,1.88112738118862,2.66838986256462,1.07983344299031,-0.260634228882276,1.79851338335264,0.4002,414,7931,"c(0.814, 0.208, 0.07, 0.029, 0.123, 0.631, 0.232, 0.023, 0.044, 0.11, 0.506, 0.112, 0.019, 0.051, 0.192, 0.837)","ry25",56.9427268737399,0.244838201675425
"orthog_B_2_large_classes_644",0.318694362017804,0.291246290801187,0.192878338278932,0.197181008902077,0.0362595419847328,0.450620229007634,0.0524809160305343,0.460639312977099,0.282434820033071,0.159373938206447,0.140397422248397,0.263458304075022,2.26854599406528,1.1082327305113,0.325320774112968,1.75957437821292,2.9375,1.02586132587386,-0.0764071177602461,1.30570909521392,0.4408,6740,4192,"c(0.598, 0.073, 0.006, 0.009, 0.217, 0.532, 0.119, 0.044, 0.1, 0.288, 0.62, 0.153, 0.085, 0.107, 0.256, 0.794)","ry14",326.211001475154,0.209225045698754
"orthog_B_2_large_classes_645",0.211299757454701,0.362105863889285,0.364388643173063,0.0622057354829505,0.279245283018868,0.145911949685535,0.271698113207547,0.30314465408805,0.0679455255641668,0.216193914203751,0.092690529965516,0.2409389186051,2.27750035668426,0.864583653904972,0.0109346143649781,2.16877025626002,2.59874213836478,1.1853395565512,-0.192613684630794,1.52922701683321,0.3435,7009,795,"c(0.861, 0.135, 0.037, 0.046, 0.097, 0.704, 0.174, 0.053, 0.027, 0.141, 0.641, 0.118, 0.015, 0.019, 0.148, 0.783)","ry16",85.5323220985266,0.257277621503716
"orthog_B_2_large_classes_646",0.343915343915344,0.0211640211640212,0.380952380952381,0.253968253968254,0.153556485355649,0.0517433751743375,0.251324965132497,0.543375174337517,0.190358858559695,0.0305793540103164,0.129627415819884,0.289406920369264,2.54497354497355,1.20155922701285,-0.26141011100712,1.49490202695673,3.18451882845188,1.08411129174139,-1.09382138478038,2.77952377773537,0.3711,189,7170,"c(0.499, 0.081, 0.022, 0.011, 0.413, 0.561, 0.157, 0.02, 0.084, 0.303, 0.654, 0.149, 0.004, 0.055, 0.167, 0.821)","ry17",29.3781215330579,0.242800077537869
"orthog_B_2_large_classes_647",0.340422229121391,0.319310773051847,0.309686432784849,0.0305805650419124,0.2595463680735,0.515934539190353,0.201263278782659,0.0232558139534884,0.080875861047891,0.196623766138506,0.108423154002191,0.00732475108842408,2.03042533374728,0.878353699337719,0.211701767073991,1.87771213945264,1.98822853861614,0.744106400568494,0.357562491774856,2.73790198976328,0.2388,6442,6966,"c(0.568, 0.078, 0.01, 0.013, 0.275, 0.586, 0.15, 0.034, 0.066, 0.259, 0.551, 0.185, 0.091, 0.076, 0.289, 0.767)","ry3",28.6312968451698,0.217687337383487
"orthog_B_2_large_classes_648",0.250186706497386,0.0384615384615385,0.376960418222554,0.334391336818521,0.0373027259684362,0.436154949784792,0.388809182209469,0.137733142037303,0.21288398052895,0.397693411323254,0.011848763986915,0.196658194781219,2.79555638536221,1.15403748193178,-0.572681687146278,1.87196941442046,2.62697274031564,0.764165989316598,0.243258446463842,2.42172311733469,0.4922,5356,697,"c(0.507, 0.087, 0.005, 0.017, 0.185, 0.521, 0.12, 0.022, 0.268, 0.28, 0.664, 0.182, 0.04, 0.111, 0.212, 0.78)","tru2",48.57269387312,0.225764410247272
"orthog_B_2_large_classes_649",0.157303370786517,0.292134831460674,0.235955056179775,0.314606741573034,0.278688524590164,0.307377049180328,0.188524590163934,0.225409836065574,0.121385153803647,0.0152422177196537,0.0474304660158409,0.0891969055074599,2.70786516853933,1.07266597616743,-0.164169466157874,1.73000013146332,2.36065573770492,1.11300489571112,0.236358896723415,1.70727074460006,0.1587,89,244,"c(0.614, 0.1, 0.005, 0.012, 0.183, 0.643, 0.168, 0.048, 0.149, 0.185, 0.613, 0.182, 0.054, 0.072, 0.213, 0.759)","sun4",2.67736553045392,0.230969806959385
"orthog_B_2_large_classes_650",0.0233333333333333,0.0511111111111111,0.486666666666667,0.438888888888889,0.295644891122278,0.268006700167504,0.205611390284757,0.230737018425461,0.272311557788945,0.216895589056393,0.28105527638191,0.208151870463428,3.34111111111111,0.683356819831248,-0.991666050205761,4.38195623332469,2.3714405360134,1.13412357497539,0.186004910084694,1.63570536406373,0.4935,900,2388,"c(0.666, 0.123, 0.063, 0.051, 0.164, 0.538, 0.101, 0.038, 0.1, 0.268, 0.631, 0.089, 0.069, 0.071, 0.205, 0.822)","ph1",125.713449935345,0.237339045603327
"orthog_B_2_large_classes_651",0.132889443750867,0.22374809266195,0.28186988486614,0.361492578721043,0.0699300699300699,0.482517482517482,0.0559440559440559,0.391608391608392,0.062959373820797,0.258769389855532,0.225925828922084,0.0301158128873485,2.87196559855736,1.04900221088122,-0.433674754092978,1.93790358650195,2.76923076923077,1.04909089976814,0.107297522574275,1.44708794500678,0.3505,7209,143,"c(0.428, 0.052, 0.011, 0.017, 0.403, 0.563, 0.117, 0.025, 0.102, 0.285, 0.605, 0.155, 0.067, 0.1, 0.267, 0.802)","ry9",3.23130560188922,0.244201471306307
"orthog_B_2_large_classes_652",0.453216967728841,0.233204789933022,0.196874365739801,0.116703876598336,0.243711570709894,0.381498043599776,0.164058133035215,0.210732252655115,0.209505397018947,0.148293253666754,0.0328162327045859,0.0940283760567789,1.97706515120763,1.05658924496365,0.639319001068517,2.07253373286147,2.34181106763555,1.06483045993595,0.334252556865537,1.88170686303877,0.2753,4927,3578,"c(0.496, 0.081, 0.023, 0, 0.191, 0.533, 0.124, 0.025, 0.265, 0.286, 0.645, 0.176, 0.047, 0.1, 0.208, 0.799)","tru2",59.5234946986596,0.189252487418333
"orthog_B_2_large_classes_653",0.296771340114993,0.309155241043786,0.303405572755418,0.0906678460858027,0.22909275215408,0.232640648758236,0.300557526609225,0.237709072478459,0.0676785879609133,0.0765145922855497,0.00284804614619344,0.147041226392656,2.18796992481203,0.963076115672994,0.226472205340848,1.97711032248487,2.54688291941206,1.08692485532924,-0.100223253050168,1.72316780609325,0.1791,2261,1973,"c(0.497, 0.086, 0.009, 0.016, 0.185, 0.526, 0.123, 0.031, 0.267, 0.284, 0.657, 0.178, 0.051, 0.104, 0.211, 0.776)","tru2",27.9385232002179,0.241268209940789
"orthog_B_2_large_classes_654",0.294845999071351,0.229685807150596,0.234638600835784,0.240829592942269,0.430642504118616,0.0220757825370675,0.489291598023064,0.0579901153212521,0.135796505047265,0.207610024613528,0.25465299718728,0.182839477621017,2.42145178764897,1.14681356914003,0.0853388165080189,1.57980635650936,2.17462932454695,1.0589613602181,-0.0591510082658085,1.34447574693558,0.3998,6461,3035,"c(0.539, 0.117, 0.026, 0.02, 0.352, 0.676, 0.344, 0.081, 0.075, 0.162, 0.48, 0.278, 0.035, 0.045, 0.15, 0.621)","for2",44.0327128519654,0.232571952767369
"orthog_B_2_large_classes_655",0.308638673442097,0.285637871088526,0.136667558170634,0.269055897298743,0.290123456790123,0.20768618080446,0.344086021505376,0.15810434090004,0.0185152166519734,0.077951690284066,0.207418463334743,0.110951556398703,2.36614067932602,1.17790951424563,0.249256147108241,1.56856323030679,2.37017124651533,1.06282646285692,0.0113592051845847,1.72116255522031,0.2485,3739,5022,"c(0.646, 0.085, 0.012, 0.001, 0.153, 0.517, 0.104, 0.018, 0.116, 0.306, 0.578, 0.074, 0.085, 0.091, 0.306, 0.907)","ry2",26.4167660224046,0.243142106334665
"orthog_B_2_large_classes_656",0.35847917923959,0.28002414001207,0.0669885334942667,0.294508147254074,0.433487565066512,0.0636205899363794,0.269230769230769,0.233661075766339,0.0750083858269228,0.216403550075691,0.202242235736502,0.0608470714877347,2.29752564876282,1.23084474653728,0.367887925314292,1.52873825246915,2.30306535569693,1.24318704447035,0.141576787384452,1.36119949930828,0.3115,1657,3458,"c(0.591, 0.074, 0.004, 0.007, 0.225, 0.529, 0.128, 0.035, 0.089, 0.3, 0.618, 0.153, 0.096, 0.097, 0.25, 0.805)","ry14",13.9042380770366,0.241473328804487
"orthog_B_2_large_classes_657",0.275500992959018,0.440332189925979,0.0841307095143528,0.20003610760065,0.218487394957983,0.369747899159664,0.197478991596639,0.214285714285714,0.0570135980010347,0.0705842907663156,0.113348282082286,0.0142496066850643,2.20870193175663,1.05651296090347,0.594383417396736,2.15212851664178,2.40756302521008,1.05214144684975,0.233582886346905,1.8524850170255,0.1459,5539,476,"c(0.601, 0.038, 0.017, 0.014, 0.164, 0.615, 0.2, 0.019, 0.125, 0.254, 0.463, 0.103, 0.11, 0.094, 0.319, 0.864)","ry6",3.86822145962776,0.193533858630908
"orthog_B_2_large_classes_658",0.21007132051005,0.30581370218284,0.162308191052518,0.321806786254593,0.187365398420675,0.329504666188083,0.185211773151472,0.29791816223977,0.0227059220893749,0.0236909640052434,0.0229035820989538,0.0238886240148223,2.59585044305165,1.14217726561865,-0.0113030665596783,1.56081469248399,2.59368269921034,1.10081364144416,0.0102591873518453,1.64794387900727,0.0466,4627,1393,"c(0.617, 0.098, 0.012, 0.004, 0.192, 0.641, 0.168, 0.039, 0.151, 0.187, 0.607, 0.172, 0.04, 0.074, 0.212, 0.784)","sun4",2.00643603388691,0.275741860781748
"orthog_B_2_large_classes_659",0.327868852459016,0.139344262295082,0.352459016393443,0.180327868852459,0.0772357723577236,0.265336289726534,0.238728750923873,0.41869918699187,0.250633080101293,0.125992027431452,0.11373026546957,0.238371318139411,2.38524590163934,1.11947529652618,-0.0273438985939266,1.58329674430102,2.99889135254989,0.996482482058831,-0.466122192774522,1.94497710233357,0.3853,122,2706,"c(0.573, 0.076, 0.002, 0.012, 0.28, 0.598, 0.157, 0.032, 0.057, 0.266, 0.556, 0.183, 0.09, 0.06, 0.286, 0.773)","ry3",12.6995479520672,0.278063205035517
"orthog_B_2_large_classes_660",0.430730809674027,0.103575184016824,0.286803364879075,0.178890641430074,0.0893203883495146,0.330097087378641,0.302912621359223,0.277669902912621,0.341410421324513,0.226521903361816,0.0161092564801487,0.0987792614825477,2.21385383806519,1.17786386149596,0.237031138987032,1.48882920118707,2.76893203883495,0.954806860580897,-0.140948543522131,1.9595209183357,0.4218,7608,515,"c(0.535, 0.125, 0.014, 0.018, 0.359, 0.666, 0.343, 0.077, 0.07, 0.166, 0.491, 0.284, 0.035, 0.043, 0.152, 0.621)","for2",34.2180370395649,0.201491355427642
"orthog_B_2_large_classes_661",0.163733741392502,0.343024738587095,0.469778117827085,0.023463402193318,0.195418585429212,0.156571023733617,0.397567599480458,0.250442791356713,0.0316848440367105,0.186453714853478,0.0722105183466268,0.226979389163395,2.35297118082122,0.776387025588742,-0.402816102563415,2.22647692214626,2.70303459676467,1.04904704665161,-0.40092387669486,1.97656390071686,0.3041,3921,8469,"c(0.475, 0.063, 0.026, 0.009, 0.179, 0.567, 0.021, 0.002, 0.145, 0.21, 0.637, 0.047, 0.2, 0.16, 0.315, 0.942)","sun11",155.454824202235,0.214254029319914
"orthog_B_2_large_classes_662",0.372520735665344,0.307609087630725,0.204111071042193,0.115759105661738,0.413793103448276,0.0119940029985007,0.04047976011994,0.533733133433283,0.0412723677829315,0.295615084632224,0.163631310922253,0.417974027771545,2.06310854670032,1.01768636656283,0.532569624427907,2.10909932375134,2.69415292353823,1.45167390141336,-0.270139330762169,1.11775164136846,0.539,2773,667,"c(0.571, 0.1, 0.032, 0.025, 0.312, 0.649, 0.198, 0.042, 0.043, 0.2, 0.641, 0.192, 0.075, 0.05, 0.129, 0.741)","ry30",114.275491880367,0.273805151569667
"orthog_B_2_large_classes_663",0.19047619047619,0.243809523809524,0.177142857142857,0.388571428571429,0.177640603566529,0.39437585733882,0.146090534979424,0.281893004115226,0.012835586909661,0.150566333529296,0.0310523221634333,0.106678424456202,2.76380952380952,1.15693550954348,-0.269572619769347,1.58211119547049,2.53223593964335,1.08075346844635,0.164633564622582,1.70498016012656,0.1876,525,1458,"c(0.462, 0.057, 0.018, 0.014, 0.184, 0.57, 0.019, 0, 0.154, 0.211, 0.636, 0.05, 0.2, 0.163, 0.327, 0.936)","sun11",9.16011286183765,0.167013659330057
"orthog_B_2_large_classes_664",0.276321634828965,0.336294980008885,0.326077298978232,0.0613060861839183,0.489299610894942,0.133268482490272,0.148832684824903,0.228599221789883,0.212977976065977,0.203026497518613,0.177244614153329,0.167293135605965,2.1723678365171,0.904385209674109,0.151597251671875,2.03188638910772,2.11673151750973,1.2405252660463,0.496488733561732,1.57381981349634,0.3821,2251,1028,"c(0.592, 0.041, 0.023, 0.005, 0.162, 0.609, 0.199, 0.017, 0.138, 0.258, 0.458, 0.1, 0.109, 0.091, 0.32, 0.877)","ry6",47.1219801240348,0.214978989613118
"orthog_B_2_large_classes_665",0.430517711171662,0.158038147138965,0.256130790190736,0.155313351498638,0.24822695035461,0.404255319148936,0.159574468085106,0.187943262411348,0.182290760817052,0.246217172009972,0.0965563221056293,0.0326299109127099,2.13623978201635,1.13549136022829,0.367895982309478,1.64473417055721,2.28723404255319,1.03782034711392,0.41427697143862,2.01956717062577,0.3229,367,282,"c(0.571, 0.076, 0.01, 0.012, 0.285, 0.588, 0.147, 0.035, 0.055, 0.271, 0.558, 0.187, 0.089, 0.065, 0.286, 0.766)","ry3",3.74842412474408,0.195683570222254
"orthog_B_2_large_classes_666",0.246500777604977,0.0816485225505443,0.380248833592535,0.291601866251944,0.00765155974102413,0.214832254267216,0.330782813419659,0.446733372572101,0.238849217863953,0.133183731716672,0.0494660201728763,0.155131506320157,2.71695178849145,1.13098948234906,-0.451515719948314,1.80688659673416,3.21659799882284,0.803279012989482,-0.499221434753082,1.97989438897554,0.3183,1286,1699,"c(0.534, 0.121, 0.011, 0.022, 0.363, 0.673, 0.351, 0.075, 0.062, 0.169, 0.495, 0.278, 0.041, 0.037, 0.143, 0.625)","for2",48.2089908480815,0.272682634542283
"orthog_B_2_large_classes_667",0.38619153674833,0.133184855233853,0.433853006681514,0.0467706013363029,0.393612878099442,0.240685447228353,0.134882513306504,0.230819161365702,0.00742134135111217,0.1075005919945,0.298970493375011,0.184048560029399,2.14120267260579,0.993573728529513,0.000846089946866778,1.48727492289402,2.20290795793847,1.18768699473977,0.430239641230844,1.65163876103571,0.3672,2245,7703,"c(0.697, 0.141, 0.069, 0.072, 0.158, 0.456, 0.133, 0.037, 0.097, 0.315, 0.651, 0.091, 0.048, 0.088, 0.147, 0.8)","phq3",88.1937198791579,0.26816230053978
"orthog_B_2_large_classes_668",0.101164483260553,0.259825327510917,0.181950509461426,0.457059679767103,0.0602957906712173,0.409556313993174,0.393629124004551,0.136518771331058,0.0408686925893358,0.149730986482257,0.211678614543124,0.320540908436045,2.99490538573508,1.05901699005527,-0.500915648929763,1.84704839882957,2.60637087599545,0.795181967064465,0.103973915734203,2.45428097337662,0.4143,1374,879,"c(0.566, 0.122, 0.048, 0.128, 0.292, 0.497, 0.228, 0.091, 0.102, 0.327, 0.602, 0.262, 0.04, 0.053, 0.122, 0.519)","cop2",25.939361075664,0.231647563120027
"orthog_B_2_large_classes_669",0.406130268199234,0.132822477650064,0.176245210727969,0.284802043422733,0.420169971671388,0.0345609065155807,0.190481586402266,0.354787535410765,0.0140397034721544,0.0982615711344831,0.0142363756742969,0.0699854919880318,2.3397190293742,1.26734945208462,0.182935358196731,1.35966820163928,2.47988668555241,1.34145833656742,-0.0383539171359757,1.21222429654423,0.1223,783,8825,"c(0.503, 0.09, 0.009, 0.018, 0.186, 0.525, 0.122, 0.023, 0.269, 0.29, 0.656, 0.18, 0.043, 0.095, 0.213, 0.78)","tru2",7.42658287951415,0.287485302478342
"orthog_B_2_large_classes_670",0.110505270810614,0.0636132315521628,0.515812431842966,0.310069065794257,0.299145299145299,0.255864702673213,0.300236406619385,0.144753591562102,0.188640028334685,0.19225147112105,0.215576025223581,0.165315474232154,3.02544529262087,0.902804473666538,-0.951055253681706,3.32647111704426,2.29059829059829,1.04592002825954,0.158087237900801,1.79136309005361,0.3826,2751,5499,"c(0.642, 0.067, 0.008, 0.025, 0.295, 0.596, 0.171, 0.048, 0.045, 0.282, 0.612, 0.232, 0.018, 0.054, 0.21, 0.695)","ry21",305.324158048219,0.237907550795166
"orthog_B_2_large_classes_671",0.220881427072403,0.31295907660021,0.142707240293809,0.323452256033578,0.206561360874848,0.259720534629405,0.0428311057108141,0.490886998784933,0.0143200661975548,0.0532385419708052,0.0998761345829949,0.167434742751355,2.56873032528856,1.1549647217979,0.0321442474620265,1.5357507166611,2.81804374240583,1.24247531051368,-0.298539461251446,1.3977580893883,0.2026,3812,3292,"c(0.632, 0.061, 0.021, 0.032, 0.296, 0.613, 0.172, 0.046, 0.048, 0.282, 0.6, 0.231, 0.024, 0.044, 0.207, 0.692)","ry21",36.2556071939113,0.265902595720465
"orthog_B_2_large_classes_672",0.228769497400347,0.409012131715771,0.294627383015598,0.0675909878682842,0.390070921985816,0.08274231678487,0.209219858156028,0.317966903073286,0.161301424585469,0.326269814930901,0.0854075248595696,0.250375915205002,2.20103986135182,0.867953804091394,0.22038704385913,2.29883221782341,2.45508274231678,1.28998375574285,-0.00149816358689691,1.29355278893184,0.4499,577,846,"c(0.503, 0.086, 0.008, 0.007, 0.179, 0.532, 0.114, 0.024, 0.271, 0.28, 0.672, 0.187, 0.047, 0.102, 0.207, 0.782)","tru2",28.1566846325658,0.251344176589683
"orthog_B_2_large_classes_673",0.25,0.393617021276596,0.292553191489362,0.0638297872340425,0.323316062176166,0.185492227979275,0.3139896373057,0.17720207253886,0.0733160621761658,0.208124793297321,0.0214364458163378,0.113372285304818,2.17021276595745,0.876869405744463,0.230828418996483,2.2384170902151,2.34507772020725,1.10771627985413,0.0713144347342574,1.62583443235695,0.249,188,965,"c(0.838, 0.081, 0.03, 0.02, 0.067, 0.64, 0.076, 0.029, 0.053, 0.207, 0.725, 0.077, 0.042, 0.072, 0.169, 0.874)","cyb1",9.4125880677148,0.260460403185418
"orthog_B_2_large_classes_674",0.256594724220624,0.118705035971223,0.400479616306954,0.224220623501199,0.0411099691675231,0.23021582733813,0.515930113052415,0.212744090441932,0.2154847550531,0.111510791366906,0.115450496745461,0.0114765330592669,2.59232613908873,1.09686215154167,-0.309221970989173,1.76561785831898,2.90030832476876,0.772956249951925,-0.360915525405746,2.79731353528731,0.2689,834,973,"c(0.615, 0.082, 0.037, 0.036, 0.314, 0.628, 0.208, 0.081, 0.051, 0.23, 0.608, 0.257, 0.02, 0.059, 0.147, 0.626)","for1",25.3329449966174,0.258220984806288
"orthog_B_2_large_classes_675",0.178151260504202,0.273529411764706,0.276470588235294,0.271848739495798,0.049508092668994,0.439543002221517,0.434782608695652,0.0761662964138369,0.128643167835208,0.166013590456811,0.158312020460358,0.195682443081961,2.64201680672269,1.06293519398329,-0.139584909736818,1.77874104026145,2.53760710885433,0.707060452528127,0.0931299249792625,2.72741681117064,0.3278,2380,3151,"c(0.33, 0.107, 0.044, 0.098, 0.213, 0.349, 0.168, 0.075, 0.255, 0.418, 0.675, 0.289, 0.202, 0.126, 0.113, 0.538)","cop1",32.4714661488861,0.244197917723326
"orthog_B_2_large_classes_676",0.0443974630021142,0.436786469344609,0.376321353065539,0.142494714587738,0.339246119733925,0.223946784922395,0.274944567627494,0.161862527716186,0.29484865673181,0.212839684422214,0.101376785438045,0.0193678131284484,2.6169133192389,0.781098989222395,0.226477125454994,2.40774921597574,2.25942350332594,1.09285874848869,0.217292150607706,1.69853500611503,0.378,2365,451,"c(0.512, 0.131, 0.048, 0.022, 0.328, 0.541, 0.182, 0.053, 0.039, 0.245, 0.525, 0.196, 0.121, 0.083, 0.245, 0.729)","ry4",16.1473582255908,0.245656217531896
"orthog_B_2_large_classes_677",0.106639839034205,0.420523138832998,0.229376257545272,0.243460764587525,0.394444444444444,0.122222222222222,0.272222222222222,0.211111111111111,0.287804605410239,0.298300916610776,0.0428459646769506,0.0323496534764141,2.60965794768612,0.968595034961841,0.140774009421546,1.91900346997182,2.3,1.19210364948318,0.153866277072086,1.46375900836328,0.418,497,180,"c(0.736, 0.197, 0.09, 0.076, 0.155, 0.521, 0.125, 0.033, 0.083, 0.244, 0.643, 0.152, 0.025, 0.039, 0.142, 0.739)","phq5",7.51313099392735,0.255959212175127
"orthog_B_2_large_classes_678",0.390649350649351,0.195324675324675,0.242597402597403,0.171428571428571,0.0336134453781513,0.117647058823529,0.0532212885154062,0.795518207282913,0.357035905271199,0.0776776165011459,0.189376114081996,0.624089635854342,2.19480519480519,1.13181799554431,0.322332216727321,1.65681707561108,3.61064425770308,0.821421108904136,-1.90315187076834,5.22505457250092,0.7476,1925,357,"c(0.364, 0.09, 0.031, 0.011, 0.31, 0.465, 0.048, 0.012, 0.09, 0.238, 0.577, 0.045, 0.236, 0.208, 0.345, 0.932)","sun12",96.0589670695956,0.150567803629501
"orthog_B_2_large_classes_679",0.226153846153846,0.149230769230769,0.112307692307692,0.512307692307692,0.311789038262668,0.485780765253361,0.195966907962771,0.00646328852119959,0.0856351921088219,0.336549996022592,0.0836592156550792,0.505844403786493,2.91076923076923,1.24827549682605,-0.528688774503207,1.58094095740364,1.8971044467425,0.723202326759304,0.260206903827054,2.26041758752806,0.6193,650,3868,"c(0.51, 0.07, 0.034, 0.081, 0.358, 0.597, 0.268, 0.085, 0.09, 0.253, 0.489, 0.294, 0.042, 0.081, 0.209, 0.54)","ry11",76.6024659786365,0.271685868880188
"orthog_B_2_large_classes_680",0.074468085106383,0.329787234042553,0.468085106382979,0.127659574468085,0.297356828193833,0.196035242290749,0.275330396475771,0.231277533039648,0.22288874308745,0.133751991751804,0.192754709907208,0.103617958571562,2.64893617021277,0.795030399639718,-0.176931016160078,2.60687632895698,2.44052863436123,1.14181078955141,0.0132396611587542,1.57831065266043,0.3398,94,454,"c(0.637, 0.059, 0.016, 0.014, 0.293, 0.734, 0.181, 0.047, 0.052, 0.177, 0.663, 0.173, 0.018, 0.03, 0.14, 0.766)","ry31",7.12185862885174,0.197353817892146
"orthog_B_2_large_classes_681",0.391025641025641,0.16278677462888,0.0236167341430499,0.422570850202429,0.432835820895522,0.309168443496802,0.0149253731343284,0.243070362473348,0.0418101798698813,0.146381668867922,0.00869136100872158,0.179500487729082,2.47773279352227,1.36992596660251,0.0834117465888511,1.17660668293618,2.0682302771855,1.18970049726746,0.734383042869524,1.97663329185129,0.2355,5928,469,"c(0.664, 0.118, 0.055, 0.051, 0.166, 0.54, 0.104, 0.047, 0.105, 0.266, 0.631, 0.085, 0.066, 0.076, 0.21, 0.817)","ph1",22.6106942900048,0.261273111094509
"orthog_B_2_large_classes_682",0.129369874838153,0.457919723780751,0.19885627967199,0.213854121709107,0.323069156991418,0.324583543664816,0.114588591620394,0.237758707723372,0.193699282153266,0.133336180115935,0.0842676880515959,0.0239045860142654,2.49719464825205,0.967698363694023,0.287613087348563,2.03154246271002,2.26703685007572,1.14777345334649,0.409492757684832,1.73534653430468,0.2509,9268,1981,"c(0.609, 0.079, 0.007, 0.012, 0.278, 0.595, 0.173, 0.047, 0.069, 0.214, 0.562, 0.123, 0.045, 0.111, 0.259, 0.818)","ry27",63.3010428020429,0.240368360467966
"orthog_B_2_large_classes_683",0.341282894736842,0.0394736842105263,0.140625,0.478618421052632,0.200436522371772,0.239359767188068,0.238632229901782,0.321571480538378,0.140846372365071,0.199886082977542,0.0980072299017825,0.157046940514254,2.75657894736842,1.35054428855416,-0.383508632953803,1.32460654116992,2.68133866860677,1.12300146620039,-0.200034610394145,1.65243765215605,0.3067,1216,5498,"c(0.449, 0.053, 0.024, 0.017, 0.321, 0.602, 0.189, 0.075, 0.142, 0.269, 0.599, 0.214, 0.088, 0.076, 0.188, 0.694)","ry26",27.0450708079318,0.226364211203189
"orthog_B_2_large_classes_684",0.34101599247413,0.00658513640639699,0.0792568203198495,0.573142050799624,0.244942832014072,0.131046613896218,0.348284960422164,0.275725593667546,0.0960731604600577,0.124461477489821,0.269028140102314,0.297416457132077,2.88452492944497,1.38940874661953,-0.555989877067904,1.39334741776524,2.65479331574318,1.1257779002825,-0.323248934018108,1.72366924790412,0.4308,4252,2274,"c(0.502, 0.077, 0.004, 0.004, 0.333, 0.641, 0.141, 0.03, 0.129, 0.217, 0.621, 0.159, 0.036, 0.065, 0.233, 0.807)","ry7",102.127008179571,0.245917346502525
"orthog_B_2_large_classes_685",0.151254773595199,0.0339607201309329,0.153436988543372,0.661347517730496,0.16370390023879,0.0555850358185195,0.706951446006898,0.073759617935792,0.012449126643591,0.0216243156875866,0.553514457463527,0.587587899794704,3.32487725040917,1.09306088778659,-1.36405412961391,3.26625012616126,2.69076678163969,0.829780134356082,-1.09066462003594,3.31935619342697,0.8076,7332,7538,"c(0.59, 0.068, 0.012, 0.013, 0.216, 0.538, 0.115, 0.038, 0.105, 0.292, 0.627, 0.153, 0.089, 0.102, 0.247, 0.797)","ry14",650.37360789863,0.245220695337438
"orthog_B_2_large_classes_686",0.201486508321215,0.648408466634351,0.0765874939408628,0.0735175311035709,0.472972972972973,0.1875,0.336148648648649,0.00337837837837838,0.271486464651758,0.460908466634351,0.259561154707786,0.0701391527251925,2.02213604782679,0.756078119021422,0.983926351860883,4.33007544319885,1.86993243243243,0.897617715401268,0.285935791089797,1.36894797364651,0.5987,6189,592,"c(0.364, 0.097, 0.034, 0.012, 0.311, 0.461, 0.043, 0.008, 0.089, 0.235, 0.585, 0.048, 0.236, 0.207, 0.339, 0.933)","sun12",13.296115571078,0.169124804962853
"orthog_B_2_large_classes_687",0.473357475426798,0.191412312467667,0.0532850491464045,0.281945162959131,0.329364488763209,0.158654561690728,0.186486084238726,0.325494865307337,0.143992986663589,0.0327577507769391,0.133201035092321,0.0435497023482065,2.14381789963787,1.27817823019854,0.539998858396129,1.56827605501201,2.50811132609019,1.24886064656156,-0.0244041469875649,1.37212732362356,0.2036,1933,6719,"c(0.493, 0.029, 0.008, 0.019, 0.296, 0.581, 0.118, 0.019, 0.111, 0.245, 0.655, 0.201, 0.1, 0.145, 0.218, 0.761)","sun5",41.4220155917586,0.214322251500474
"orthog_B_2_large_classes_688",0.404611211573237,0.394665461121157,0.0994575045207957,0.10126582278481,0.250977835723598,0.220338983050847,0.405475880052151,0.123207301173403,0.153633375849638,0.17432647807031,0.306018375531356,0.0219414783885927,1.89737793851718,0.947945525718798,0.918854016854451,2.95822923796975,2.40091264667536,0.994259508481121,-0.115224544501538,1.87284191950031,0.3849,2212,3068,"c(0.36, 0.084, 0.032, 0.015, 0.303, 0.474, 0.044, 0.009, 0.101, 0.238, 0.588, 0.042, 0.236, 0.204, 0.336, 0.934)","sun12",65.9702800906931,0.194038229869678
"orthog_B_2_large_classes_689",0.157676348547718,0.265560165975104,0.0539419087136929,0.522821576763486,0.0139103554868624,0.489335394126739,0.319319938176198,0.177434312210201,0.143765993060855,0.223775228151635,0.265378029462505,0.345387264553285,2.94190871369295,1.18983719028473,-0.449537724495567,1.54999892062183,2.66027820710974,0.779102195940825,0.496193155176788,2.1022211096867,0.5104,241,3235,"c(0.612, 0.113, 0.054, 0.059, 0.207, 0.585, 0.134, 0.05, 0.103, 0.23, 0.604, 0.106, 0.078, 0.072, 0.208, 0.785)","phq7",30.4268479650912,0.258501092804989
"orthog_B_2_large_classes_690",0.277620396600567,0.468051621026125,0.189801699716714,0.0645262826565943,0,0.407216494845361,0.180412371134021,0.412371134020619,0.277620396600567,0.0608351261807645,0.00938932858269326,0.347844851364024,2.04123386842934,0.85078022722558,0.550135045766135,2.74195151159761,3.00515463917526,0.905296116506059,-0.0101343332819373,1.22024119310202,0.4493,3177,194,"c(0.499, 0.131, 0.051, 0.019, 0.337, 0.543, 0.174, 0.04, 0.057, 0.249, 0.528, 0.188, 0.106, 0.077, 0.248, 0.753)","ry4",27.9207260516117,0.217347586473472
"orthog_B_2_large_classes_691",0.382523148148148,0.0613425925925926,0.344907407407407,0.211226851851852,0.311695278969957,0.309549356223176,0.13412017167382,0.244635193133047,0.0708278691781911,0.248206763630583,0.210787235733588,0.0334083412811954,2.38483796296296,1.19341430577377,-0.0288860245450751,1.4272577716859,2.31169527896996,1.15204265383006,0.332359762098827,1.67093660674438,0.3349,1728,1864,"c(0.466, 0.082, 0.035, 0.047, 0.286, 0.472, 0.137, 0.056, 0.188, 0.358, 0.686, 0.21, 0.061, 0.088, 0.143, 0.687)","cop3",9.01696005111523,0.244340838131275
"orthog_B_2_large_classes_692",0.147582697201018,0.132315521628499,0.198473282442748,0.521628498727735,0.173285198555957,0.126353790613718,0.256317689530686,0.444043321299639,0.0257025013549389,0.00596173101478031,0.0578444070879378,0.0775851774280965,3.0941475826972,1.11149045962283,-0.831022100973637,2.2140806838026,2.97111913357401,1.12370093961502,-0.675990590943731,2.02320121229548,0.1003,393,277,"c(0.817, 0.083, 0.025, 0.018, 0.069, 0.63, 0.069, 0.02, 0.063, 0.207, 0.732, 0.081, 0.051, 0.079, 0.175, 0.88)","cyb1",2.3607803696705,0.26606078216283
"orthog_B_2_large_classes_693",0.219409282700422,0.20253164556962,0.421940928270042,0.156118143459916,0.166666666666667,0.833333333333333,0,0,0.0527426160337553,0.630801687763713,0.421940928270042,0.156118143459916,2.51476793248945,1.00041829276091,-0.230236484866009,1.94918161775691,1.83333333333333,0.372677996249965,-1.78885438199983,4.20000000000001,0.7766,474,6,"c(0.633, 0.127, 0.039, 0.051, 0.202, 0.465, 0.148, 0.036, 0.082, 0.31, 0.602, 0.107, 0.083, 0.098, 0.211, 0.806)","ph3",2.28278526032182,0.423918768965142
"orthog_B_2_large_classes_694",0.127428127428127,0.197099197099197,0.324268324268324,0.351204351204351,0.346864806089163,0.258426966292135,0.184849583182312,0.20985864443639,0.219436678661035,0.0613277691929378,0.139418741086012,0.141345706767961,2.8992488992489,1.02365290685539,-0.510489211876374,2.09700323392425,2.25770206596593,1.14225155382426,0.32948081357539,1.67944258026531,0.3022,3861,2759,"c(0.33, 0.099, 0.038, 0.096, 0.219, 0.359, 0.17, 0.078, 0.244, 0.414, 0.667, 0.296, 0.206, 0.127, 0.125, 0.53)","cop1",20.8028775002594,0.209358903800079
"orthog_B_2_large_classes_695",0.216666666666667,0.4,0.0222222222222222,0.361111111111111,0.285714285714286,0.428571428571429,0,0.285714285714286,0.069047619047619,0.0285714285714285,0.0222222222222222,0.0753968253968254,2.52777777777778,1.18523582067759,0.194108687625014,1.47407930205765,2.28571428571429,1.16057691494799,0.525936370548058,1.79201101928375,0.1085,180,7,"c(0.532, 0.119, 0.018, 0.025, 0.345, 0.674, 0.338, 0.084, 0.074, 0.172, 0.492, 0.276, 0.049, 0.035, 0.152, 0.615)","for2",1.53274518697256,0.443875002449561
"orthog_B_2_large_classes_696",0.45873320537428,0.272552783109405,0.214971209213052,0.053742802303263,0.314184397163121,0.109929078014184,0.0397163120567376,0.536170212765957,0.14454880821116,0.162623705095221,0.175254897156314,0.482427410462694,1.8637236084453,0.932793851236817,0.670794124104559,2.28913958721345,2.79787234042553,1.36454435203388,-0.373865974685558,1.28265741793745,0.5575,521,1410,"c(0.508, 0.063, 0.025, 0.087, 0.362, 0.604, 0.256, 0.081, 0.088, 0.256, 0.499, 0.283, 0.043, 0.076, 0.22, 0.549)","ry11",42.9480227525876,0.253263739965225
"orthog_B_2_large_classes_697",0.27027027027027,0.405405405405405,0.324324324324324,0,0.121775025799794,0.245614035087719,0.363261093911249,0.269349845201238,0.148495244470477,0.159791370317686,0.0389367695869244,0.269349845201238,2.05405405405405,0.769202674095011,-0.0923957670254971,1.69478737997257,2.78018575851393,0.976599038873189,-0.333791757286439,2.10103483018622,0.3488,37,969,"c(0.506, 0.075, 0.013, 0.014, 0.409, 0.564, 0.157, 0.015, 0.079, 0.299, 0.668, 0.146, 0.007, 0.062, 0.161, 0.824)","ry17",7.34862277353657,0.25157996481657
"orthog_B_2_large_classes_698",0.336459754433834,0.314631650750341,0.0584924965893588,0.290416098226467,0.157593123209169,0.438395415472779,0.318051575931232,0.0859598853868195,0.178866631224665,0.123763764722438,0.259559079341873,0.204456212839647,2.30286493860846,1.21032618450183,0.387248670690505,1.58217877147725,2.3323782234957,0.842026696271276,0.174940975631921,2.44676873803652,0.3956,5864,698,"c(0.61, 0.1, 0.013, 0.006, 0.198, 0.64, 0.174, 0.047, 0.141, 0.19, 0.606, 0.181, 0.051, 0.07, 0.207, 0.766)","sun4",36.4786573346882,0.237679239666105
"orthog_B_2_large_classes_699",0.207667731629393,0.466453674121406,0.252396166134185,0.073482428115016,0.277989821882952,0.276717557251908,0.232188295165394,0.213104325699746,0.0703220902535587,0.189736116869497,0.0202078709687909,0.13962189758473,2.19169329073482,0.846904535653751,0.350766101558734,2.55211496477883,2.38040712468193,1.10357865117922,0.159302042743115,1.69606156788682,0.2467,313,1572,"c(0.604, 0.092, 0.009, 0.003, 0.19, 0.64, 0.175, 0.041, 0.147, 0.187, 0.6, 0.185, 0.059, 0.081, 0.216, 0.771)","sun4",8.47343968877749,0.258059206329464
"orthog_B_2_large_classes_700",0.221447112264763,0.464308890330954,0.0334198572355613,0.280824140168722,0.400881057268722,0.135462555066079,0.0110132158590308,0.452643171806167,0.179433945003959,0.328846335264875,0.0224066413765305,0.171819031637446,2.37362102530824,1.11291098459078,0.448443263364613,1.80396731126235,2.51541850220264,1.39886051053692,0.0250699230802012,1.12900899048471,0.4127,6164,1816,"c(0.732, 0.189, 0.097, 0.081, 0.159, 0.535, 0.126, 0.047, 0.082, 0.236, 0.64, 0.144, 0.027, 0.04, 0.137, 0.728)","phq5",97.3055190949659,0.24732363592358
"orthog_B_2_large_classes_701",0.332802547770701,0.21656050955414,0.202229299363057,0.248407643312102,0.212435233160622,0.0328151986183074,0.340817501439263,0.413932066781808,0.120367314610079,0.183745310935833,0.138588202076206,0.165524423469706,2.36624203821656,1.18090185444225,0.167207116614333,1.52508824897667,2.95624640184226,1.13779339982743,-0.779624945045974,2.16588857175096,0.308,628,1737,"c(0.425, 0.051, 0.014, 0.019, 0.358, 0.534, 0.116, 0.036, 0.112, 0.292, 0.602, 0.112, 0.104, 0.123, 0.267, 0.833)","ry15",33.2975484786912,0.252939860841559
"orthog_B_2_large_classes_702",0.19349164467898,0.233509234828496,0.285839929639402,0.287159190853122,0.118178248920298,0.787200628190027,0.0855908912446015,0.00903023164507263,0.0753133957586814,0.553691393361531,0.2002490383948,0.27812895920805,2.66666666666667,1.08789884331514,-0.21259086043661,1.74923946313052,1.98547310561445,0.489570256535976,0.42699040162304,6.10765654940736,0.6555,2274,2547,"c(0.633, 0.128, 0.042, 0.055, 0.201, 0.471, 0.152, 0.028, 0.081, 0.31, 0.603, 0.098, 0.085, 0.091, 0.203, 0.819)","ph3",172.513619658637,0.245157003922039
"orthog_B_2_large_classes_703",0.419640461497183,0.103031929165549,0.167963509525087,0.309364099812181,0.159926470588235,0.0381433823529412,0.370404411764706,0.431525735294118,0.259713990908947,0.0648885468126075,0.202440902239619,0.122161635481936,2.36705124765227,1.30012835976603,0.142182246865325,1.2929016658769,3.07352941176471,1.05069901760948,-0.97414592377914,2.72820470691393,0.3572,3727,2176,"c(0.828, 0.086, 0.028, 0.02, 0.068, 0.624, 0.068, 0.013, 0.059, 0.21, 0.737, 0.077, 0.045, 0.08, 0.167, 0.89)","cyb1",340.643926699814,0.230667838919861
"orthog_B_2_large_classes_704",0.0217391304347826,0.378623188405797,0.371376811594203,0.228260869565217,0.0624566273421235,0.681818181818182,0.183900069396253,0.0718251214434421,0.0407174969073409,0.303194993412385,0.18747674219795,0.156435748121775,2.80615942028985,0.810102715319348,0.121587599213838,1.98629045849955,2.26509368494101,0.680722058344328,0.979269882012986,4.04096977467542,0.3914,552,2882,"c(0.688, 0.072, 0.01, 0.013, 0.209, 0.64, 0.159, 0.026, 0.057, 0.238, 0.623, 0.15, 0.046, 0.05, 0.208, 0.811)","ry28",46.5579443977674,0.227357419039526
"orthog_B_2_large_classes_705",0.368119266055046,0.349770642201835,0.12098623853211,0.161123853211009,0.22052067381317,0.260336906584992,0.437978560490046,0.0811638591117917,0.147598592241876,0.0894337356168425,0.316992321957936,0.0799599940992174,2.07511467889908,1.06205400166144,0.65716700280441,2.19472815592497,2.37978560490046,0.915924431959741,-0.187193716621067,2.03018219264756,0.3697,1744,653,"c(0.588, 0.071, 0.008, 0.017, 0.228, 0.541, 0.12, 0.045, 0.105, 0.296, 0.627, 0.155, 0.079, 0.093, 0.245, 0.783)","ry14",21.2789095431605,0.192322230751577
"orthog_B_2_large_classes_706",0.319539666993144,0.28281096963761,0.360186092066601,0.0374632713026445,0.450607287449393,0.27085020242915,0.0157894736842105,0.262753036437247,0.131067620456249,0.0119607672084604,0.344396618382391,0.225289765134602,2.11557296767875,0.903449906421076,0.0756823994001555,1.78281798172656,2.09068825910931,1.2284887246297,0.677375239770693,1.81782027064774,0.4321,4084,2470,"c(0.504, 0.078, 0.025, 0.002, 0.4, 0.557, 0.16, 0.015, 0.095, 0.291, 0.645, 0.156, 0.001, 0.074, 0.17, 0.826)","ry17",122.006153335539,0.284172366623868
"orthog_B_2_large_classes_707",0.212740384615385,0.52857905982906,0.0538194444444444,0.204861111111111,0.251820728291317,0.130672268907563,0.50546218487395,0.112044817927171,0.0390803436759319,0.397906790921497,0.451642740429505,0.0928162931839402,2.25080128205128,1.01148553643921,0.671018021612005,2.34788339653895,2.47773109243697,0.988552066505819,-0.372236250023442,1.93393758618947,0.6103,7488,7140,"c(0.649, 0.052, 0.017, 0.016, 0.292, 0.733, 0.177, 0.038, 0.044, 0.175, 0.669, 0.165, 0.015, 0.04, 0.137, 0.781)","ry31",373.018627871613,0.261954890123389
"orthog_B_2_large_classes_708",0.289434364994664,0.404909284951974,0.164140875133404,0.141515474919957,0.332315077460179,0.223216233907921,0.182849661793585,0.261619026838316,0.0428807124655151,0.181693051044054,0.0187087866601805,0.120103551918358,2.15773745997866,0.997374570323196,0.536388425101937,2.25652867691205,2.37377263801004,1.19244910234443,0.175059050639064,1.50643080662477,0.2228,4685,4583,"c(0.636, 0.066, 0.019, 0.03, 0.295, 0.61, 0.169, 0.05, 0.044, 0.283, 0.601, 0.232, 0.024, 0.041, 0.212, 0.688)","ry21",58.239145505357,0.26945811085264
"orthog_B_2_large_classes_709",0.142983425414365,0.0866298342541436,0.553812154696133,0.216574585635359,0.189753320683112,0.424098671726755,0.349146110056926,0.0370018975332068,0.0467698952687473,0.337468837472612,0.204666044639207,0.179572688102152,2.84397790055249,0.922385616773674,-0.779722530028935,2.87932204521032,2.23339658444023,0.795256597108443,-0.000256911634407135,2.30360420878128,0.4361,4525,1054,"c(0.719, 0.084, 0.012, 0.008, 0.199, 0.632, 0.15, 0.015, 0.053, 0.234, 0.636, 0.145, 0.029, 0.051, 0.202, 0.832)","ry28",134.503991227026,0.254285576783034
"orthog_B_2_large_classes_710",0.00591387913509518,0.155608944742192,0.403252633524302,0.435224542598411,0.167372881355932,0.224576271186441,0.209745762711864,0.398305084745763,0.161459002220837,0.0689673264442489,0.193506870812438,0.0369194578526479,3.26778783958603,0.736735147017455,-0.557529446023249,2.32710830823423,2.83898305084746,1.12536501786822,-0.385430838150666,1.7141911332862,0.2639,5411,472,"c(0.475, 0.069, 0.008, 0.018, 0.26, 0.484, 0.128, 0.006, 0.153, 0.289, 0.56, 0.139, 0.111, 0.158, 0.304, 0.838)","ry24",25.713998124955,0.27106938073075
"orthog_B_2_large_classes_711",0.0786749482401656,0.372670807453416,0.354037267080745,0.194616977225673,0.113564668769716,0.252365930599369,0.362776025236593,0.271293375394322,0.0348897205295505,0.120304876854047,0.00873875815584774,0.0766763981686489,2.66459627329193,0.877206884235462,0.0067398426030031,2.19575938861257,2.79179810725552,0.966731582669239,-0.328538126406,2.1164416094091,0.1471,483,317,"c(0.607, 0.037, 0.014, 0.013, 0.156, 0.619, 0.199, 0.022, 0.128, 0.261, 0.467, 0.094, 0.109, 0.083, 0.32, 0.871)","ry6",3.27102034127289,0.229305097395489
"orthog_B_2_large_classes_712",0.266823529411765,0.0837647058823529,0.304,0.345411764705882,0.238000221704911,0.242545172375568,0.404944019510032,0.114510586409489,0.0288233077068539,0.158780466493215,0.100944019510032,0.230901178296393,2.728,1.19268042167015,-0.407921686601808,1.63504496794097,2.3959649706241,0.971698682149747,-0.109716798844354,1.93125175655472,0.2992,2125,9021,"c(0.519, 0.12, 0.027, 0.012, 0.362, 0.666, 0.338, 0.078, 0.073, 0.175, 0.484, 0.279, 0.047, 0.039, 0.151, 0.632)","for2",76.6570576946308,0.255208575918893
"orthog_B_2_large_classes_713",0.100856756350519,0.111378325567413,0.248609649782053,0.539155268300015,0.352941176470588,0.294117647058824,0.294117647058824,0.0588235294117647,0.25208442012007,0.18273932149141,0.0455079972767703,0.48033173888825,3.22606343003156,1.00142695433659,-1.06618645607081,2.90574142797136,2.05882352941176,0.937492791206425,0.311257604123654,1.95433690867382,0.5742,6653,51,"c(0.586, 0.07, 0.007, 0.009, 0.225, 0.531, 0.12, 0.046, 0.104, 0.294, 0.622, 0.148, 0.085, 0.106, 0.251, 0.796)","ry14",16.0511853147582,0.270038070316906
"orthog_B_2_large_classes_714",0.291411042944785,0.306748466257669,0.0122699386503067,0.389570552147239,0.0313597004446525,0.425228176924877,0.457523987830564,0.0858881347999064,0.260051342500133,0.118479710667208,0.445254049180257,0.303682417347333,2.5,1.26963112366705,0.143886799473417,1.33442663912128,2.59794055698572,0.689132293385271,0.145427015116116,2.67219666429986,0.61,326,4273,"c(0.614, 0.072, 0.011, 0.011, 0.261, 0.729, 0.228, 0.042, 0.073, 0.164, 0.587, 0.221, 0.052, 0.035, 0.175, 0.725)","ry20",52.7930195237931,0.2822340937965
"orthog_B_2_large_classes_715",0.408963585434174,0.301120448179272,0.0252100840336134,0.264705882352941,0.404605263157895,0.138157894736842,0.115131578947368,0.342105263157895,0.00435832227627891,0.16296255344243,0.089921494913755,0.0773993808049536,2.14565826330532,1.21316976108475,0.609162630419147,1.77640924528958,2.39473684210526,1.31618415133355,0.146663982617985,1.27342790807626,0.2016,714,304,"c(0.454, 0.042, 0.015, 0.022, 0.318, 0.618, 0.196, 0.073, 0.141, 0.271, 0.591, 0.21, 0.087, 0.069, 0.198, 0.696)","ry26",3.93996781939869,0.258313628199678
"orthog_B_2_large_classes_716",0.0245786516853933,0.325140449438202,0.512640449438202,0.137640449438202,0.402298850574713,0.295498084291188,0.160919540229885,0.141283524904215,0.377720198889319,0.0296423651470145,0.351720909208317,0.00364307546601231,2.76334269662921,0.710696015451927,-0.0341982033980289,2.63235189099893,2.0411877394636,1.06144055911734,0.626824385804119,2.11823190529033,0.517,1424,2088,"c(0.505, 0.079, 0.029, 0.009, 0.411, 0.559, 0.157, 0.019, 0.08, 0.302, 0.647, 0.152, 0.003, 0.059, 0.167, 0.821)","ry17",142.445420559371,0.217617504762952
"orthog_B_2_large_classes_717",0.0359712230215827,0.323741007194245,0.294964028776978,0.345323741007194,0.0785425101214575,0.442105263157895,0.042914979757085,0.436437246963563,0.0425712870998748,0.11836425596365,0.252049049019893,0.0911135059563685,2.94964028776978,0.900229714946057,-0.196862602099507,1.83220114759472,2.83724696356275,1.07991851532314,-0.0478610661515898,1.40427942100753,0.2961,278,1235,"c(0.496, 0.089, 0.009, 0, 0.176, 0.53, 0.12, 0.033, 0.278, 0.283, 0.657, 0.189, 0.05, 0.098, 0.214, 0.778)","tru2",4.55339238151905,0.226381904656924
"orthog_B_2_large_classes_718",0.324241711732894,0.343051963320009,0.268516341406066,0.0641899835410299,0.316818526955201,0.233675018982536,0.142369020501139,0.307137433561124,0.00742318477769316,0.109376944337473,0.126147320904927,0.242947450020094,2.07265459675523,0.918824954424625,0.352448772987529,2.12360295860406,2.43982536066819,1.22241193294811,0.123662199851817,1.43497898834039,0.2949,4253,5268,"c(0.502, 0.073, 0.021, 0.009, 0.408, 0.568, 0.159, 0.015, 0.09, 0.304, 0.656, 0.151, 0, 0.055, 0.165, 0.824)","ry17",256.945101450979,0.29256317373733
"orthog_B_2_large_classes_719",0.363942454851546,0.344658708295072,0.27517600244873,0.0162228344046526,0.809140601275433,0.00334041907075615,0.115396295171576,0.072122684482235,0.445198146423887,0.341318289224316,0.159779707277154,0.0558998500775825,1.94367921640649,0.837160536727753,0.272040801355866,1.8756968666693,1.45050106286061,0.954504349104096,1.78359847197931,4.512869853034,0.586,3267,6586,"c(0.654, 0.08, 0.005, 0.01, 0.269, 0.705, 0.189, 0.037, 0.022, 0.163, 0.664, 0.149, 0.055, 0.052, 0.142, 0.805)","sun1",342.937442011207,0.199779316738882
"orthog_B_2_large_classes_720",0.302639849151477,0.324324324324324,0.0116279069767442,0.361407919547454,0.377894411855511,0.203149120098796,0.0515591231861686,0.367397344859525,0.0752545627040339,0.121175204225528,0.0399312162094244,0.00598942531207008,2.43180389692018,1.25437029178891,0.243950470880483,1.40166891498329,2.40845940104971,1.31613214844631,0.185143418254845,1.28522314806327,0.1482,3182,3239,"c(0.732, 0.197, 0.101, 0.074, 0.151, 0.522, 0.113, 0.034, 0.082, 0.244, 0.652, 0.158, 0.035, 0.037, 0.135, 0.733)","phq5",8.58000152749457,0.241931695299562
"orthog_B_2_large_classes_721",0.404132231404959,0.00909090909090909,0.304132231404959,0.282644628099174,0.364085667215815,0.271828665568369,0.131795716639209,0.232289950576606,0.0400465641891432,0.26273775647746,0.172336514765749,0.0503546775225673,2.46528925619835,1.27371460040034,-0.098799327909271,1.31317926327409,2.23228995057661,1.17093234861053,0.409873607823785,1.67793970332804,0.3207,1210,607,"c(0.604, 0.075, 0.006, 0.003, 0.262, 0.716, 0.228, 0.046, 0.072, 0.166, 0.59, 0.233, 0.061, 0.043, 0.176, 0.719)","ry20",17.6280831177597,0.27624517179995
"orthog_B_2_large_classes_722",0.294,0.3888,0.0908,0.2264,0.139310344827586,0.503448275862069,0.353103448275862,0.00413793103448276,0.154689655172414,0.114648275862069,0.262303448275862,0.222262068965517,2.2496,1.10819666124745,0.49438685876008,1.90453917520193,2.22206896551724,0.677975583480321,-0.225513656686067,2.2842281547286,0.3941,2500,725,"c(0.453, 0.094, 0.022, 0, 0.348, 0.503, 0.146, 0.027, 0.144, 0.267, 0.508, 0.129, 0.055, 0.136, 0.324, 0.844)","ry8",17.577047174622,0.23715030766173
"orthog_B_2_large_classes_723",0.426829268292683,0.109756097560976,0.329268292682927,0.134146341463415,0.214317874831157,0.216118865375957,0.540747411076092,0.0288158487167942,0.212511393461526,0.106362767814981,0.211479118393165,0.10533049274662,2.17073170731707,1.12407010944419,0.227738652895127,1.540669188292,2.38406123367852,0.850191536984318,-0.541090355414939,2.03929163067115,0.3351,82,2221,"c(0.603, 0.08, 0.01, 0.016, 0.28, 0.587, 0.179, 0.046, 0.074, 0.228, 0.558, 0.122, 0.043, 0.105, 0.254, 0.816)","ry27",4.75415303074186,0.241359417588495
"orthog_B_2_large_classes_724",0.132510013351135,0.020694259012016,0.52803738317757,0.318758344459279,0.312863231305695,0.265013560635413,0.0854320030995738,0.336691204959318,0.180353217954561,0.244319301623397,0.442605380077996,0.0179328605000391,3.03304405874499,0.931880221411256,-1.04806091463251,3.40267673489082,2.44595118171251,1.24345791958222,0.160634223970339,1.4012370891641,0.5371,2996,5162,"c(0.474, 0.071, 0.021, 0.025, 0.249, 0.489, 0.131, 0.015, 0.157, 0.296, 0.545, 0.146, 0.12, 0.145, 0.303, 0.814)","ry24",148.059337379616,0.210112000703095
"orthog_B_2_large_classes_725",0.317921620431528,0.238221047996477,0.180096873623954,0.26376045794804,0.32479726845924,0.154929577464789,0.344430217669654,0.175842936406317,0.00687564802771234,0.0832914705316886,0.1643333440457,0.0879175215417238,2.38969616908851,1.18372176698977,0.165772515863758,1.52279595846911,2.37131882202305,1.11118025727853,-0.000179448372479496,1.60220852213384,0.2043,2271,2343,"c(0.586, 0.075, 0.003, 0.014, 0.218, 0.533, 0.124, 0.038, 0.109, 0.294, 0.62, 0.148, 0.087, 0.098, 0.253, 0.8)","ry14",8.95194649351285,0.275452880862262
"orthog_B_2_large_classes_726",0.288770053475936,0.272727272727273,0.0053475935828877,0.433155080213904,0.0876605248464545,0.304857621440536,0.281407035175879,0.32607481853713,0.201109528629481,0.0321303487132633,0.276059441592992,0.107080261676774,2.58288770053476,1.29883790231104,0.0154341086300572,1.26192894230339,2.84589614740369,0.978686130472103,-0.249189443597595,1.9101888048902,0.3594,187,1791,"c(0.843, 0.086, 0.036, 0.019, 0.065, 0.624, 0.07, 0.014, 0.057, 0.212, 0.726, 0.081, 0.035, 0.079, 0.168, 0.886)","cyb1",27.6125044463215,0.262726154131752
"orthog_B_2_large_classes_727",0.0833333333333333,0.3125,0.229166666666667,0.375,0.43010752688172,0.419354838709677,0.0860215053763441,0.0645161290322581,0.346774193548387,0.106854838709677,0.143145161290323,0.310483870967742,2.89583333333333,1.00497892459936,-0.283166129171987,1.79910558384053,1.78494623655914,0.853197179564618,1.04918854337973,3.59459910005183,0.4986,192,93,"c(0.39, 0.064, 0.017, 0.028, 0.283, 0.599, 0.165, 0.037, 0.177, 0.252, 0.614, 0.178, 0.151, 0.085, 0.203, 0.757)","ry29",9.5536554483775,0.236283088669942
"orthog_B_2_large_classes_728",0.198347107438017,0.40495867768595,0.18595041322314,0.210743801652893,0.133073255309926,0.411790203727785,0.275682704811443,0.179453836150845,0.0652738521280902,0.00683152604183462,0.0897322915883029,0.0312899655020473,2.40909090909091,1.02952287753692,0.278848917276851,1.928012037892,2.50151712180321,0.935442077983975,0.165581363173062,2.12128425587461,0.1155,242,2307,"c(0.581, 0.072, 0.023, 0.012, 0.22, 0.535, 0.122, 0.04, 0.105, 0.296, 0.605, 0.15, 0.094, 0.097, 0.25, 0.797)","ry14",2.28898162051488,0.259044025573454
"orthog_B_2_large_classes_729",0.0493951612903226,0.337903225806452,0.22116935483871,0.391532258064516,0.103683492496589,0.259890859481583,0.319918144611187,0.316507503410641,0.0542883312062668,0.0780123663248691,0.0987487897724772,0.0750247546538749,2.95483870967742,0.961757031109551,-0.242940733436363,1.71742054533842,2.84924965893588,0.984076555735189,-0.347814536989634,2.0290851549569,0.1562,4960,1466,"c(0.618, 0.078, 0.029, 0.054, 0.315, 0.629, 0.211, 0.079, 0.046, 0.231, 0.604, 0.26, 0.02, 0.061, 0.155, 0.607)","for1",5.8763195107802,0.251041335823121
"orthog_B_2_large_classes_730",0.186982901268616,0.236072807501379,0.282680639823497,0.294263651406509,0.333333333333333,0.142857142857143,0.333333333333333,0.19047619047619,0.146350432064718,0.0932156646442361,0.0506526935098364,0.103787460930318,2.6842250413679,1.08561237994196,-0.226433852821468,1.75744708573103,2.38095238095238,1.13289307174955,0.00118821583522043,1.56203099052304,0.2084,3626,21,"c(0.48, 0.058, 0.007, 0, 0.274, 0.624, 0.213, 0.048, 0.126, 0.224, 0.514, 0.162, 0.119, 0.093, 0.266, 0.79)","ry5",1.84850969444743,0.376879269710226
"orthog_B_2_large_classes_731",0.0417633410672854,0.155452436194896,0.0922273781902552,0.710556844547564,0.0233722871452421,0.4629938786867,0.504173622704507,0.00946021146355036,0.0183910539220433,0.307541442491804,0.411946244514252,0.701096633084013,3.4715777262181,0.900376084281768,-1.41217430716221,3.57185804879394,2.49972175848637,0.561840653387813,-0.234234571815443,2.27424967269514,0.8696,1724,1797,"c(0.417, 0.045, 0.016, 0.014, 0.362, 0.546, 0.125, 0.039, 0.114, 0.288, 0.594, 0.12, 0.108, 0.121, 0.265, 0.827)","ry15",294.874453931695,0.252711542993043
"orthog_B_2_large_classes_732",0.326081392372664,0.152290760174047,0.409521371896596,0.112106475556693,0.0787103511290954,0.0673541313144498,0.561153896358178,0.292781621198277,0.247371041243569,0.0849366288595968,0.151632524461582,0.180675145641584,2.30765293063732,1.04373288765196,-0.0477379319476805,1.65872506114008,3.06800678762564,0.818750409994371,-0.986306278542053,3.89017444658446,0.3522,3907,7661,"c(0.555, 0.133, 0.047, 0.095, 0.199, 0.47, 0.226, 0.075, 0.158, 0.297, 0.583, 0.179, 0.088, 0.099, 0.144, 0.651)","ph4",144.355447557112,0.254309310554575
"orthog_B_2_large_classes_733",0.216766467065868,0.2,0.301796407185629,0.281437125748503,0.441176470588235,0.25,0.0441176470588235,0.264705882352941,0.224410003522367,0.05,0.257678760126805,0.0167312433955618,2.64790419161677,1.10658553023747,-0.232897515369075,1.71994696710736,2.13235294117647,1.23555669478206,0.589608142402004,1.70394592309721,0.3457,835,68,"c(0.653, 0.077, 0.008, 0.007, 0.274, 0.704, 0.19, 0.042, 0.026, 0.162, 0.662, 0.152, 0.047, 0.057, 0.14, 0.799)","sun1",9.57477105465649,0.273992765054707
"orthog_B_2_large_classes_734",0.109142676368238,0.349889275545713,0.369186966149953,0.171781081936096,0.333333333333333,0.355555555555556,0.111111111111111,0.2,0.224190656965095,0.00566628000984221,0.258075855038841,0.0282189180639038,2.60360645365391,0.895049283207315,-0.0506206393163338,2.22887009550006,2.17777777777778,1.10128992829901,0.543024585049437,1.96989689545778,0.3431,3161,45,"c(0.665, 0.117, 0.058, 0.047, 0.161, 0.532, 0.094, 0.04, 0.104, 0.28, 0.632, 0.089, 0.07, 0.072, 0.215, 0.825)","ph1",3.59898590531688,0.272586427927743
"orthog_B_2_large_classes_735",0.0371118404443322,0.343095177985357,0.270133804594799,0.349659176975511,0.38902619871478,0.312407315867523,0.100840336134454,0.197726149283243,0.351914358270448,0.0306878621178338,0.169293468460346,0.151933027692269,2.93234031810149,0.914671462429866,-0.157080787579298,1.7587397720528,2.10726643598616,1.12661663563656,0.618150969014672,1.97789666918156,0.4202,3961,2023,"c(0.386, 0.056, 0.016, 0.02, 0.28, 0.609, 0.153, 0.038, 0.182, 0.255, 0.626, 0.181, 0.151, 0.08, 0.204, 0.761)","ry29",112.252492170547,0.218044202253739
"orthog_B_2_large_classes_736",0.0102486559139785,0.380712365591398,0.23067876344086,0.378360215053763,0.326262626262626,0.224242424242424,0.338383838383838,0.111111111111111,0.316013970348648,0.156469941348974,0.107705074942978,0.267249103942652,2.97715053763441,0.89417286157134,-0.0412933816242137,1.43576971032034,2.23434343434343,1.02672979107019,0.135837877779946,1.7585441111075,0.4554,5952,990,"c(0.608, 0.079, 0.005, 0.013, 0.266, 0.728, 0.23, 0.039, 0.068, 0.157, 0.594, 0.232, 0.057, 0.036, 0.171, 0.717)","ry20",153.339745759846,0.279662803513859
"orthog_B_2_large_classes_737",0.347860227718885,0.330585001963094,0.247349823321555,0.0742049469964664,0.0371014492753623,0.123333333333333,0.395072463768116,0.444492753623188,0.310758778443523,0.20725166862976,0.147722640446561,0.370287806626722,2.0478994895956,0.943257906366433,0.43510948650415,2.14781194933556,3.24695652173913,0.80947165511121,-0.897742243056091,3.23359098493891,0.5463,2547,6900,"c(0.636, 0.075, 0.014, 0.035, 0.298, 0.602, 0.165, 0.053, 0.052, 0.28, 0.604, 0.233, 0.015, 0.044, 0.218, 0.68)","ry21",703.129090824562,0.248814305834245
"orthog_B_2_large_classes_738",0.368032786885246,0.0180327868852459,0.273770491803279,0.340163934426229,0.228723404255319,0.228723404255319,0.178191489361702,0.36436170212766,0.139309382629927,0.210690617370073,0.0955790024415765,0.0241977677014301,2.58606557377049,1.28801636621376,-0.229816622342943,1.3439095453455,2.6781914893617,1.18508143428417,-0.183231453505356,1.50919603797753,0.2711,1220,1504,"c(0.616, 0.08, 0.01, 0.026, 0.264, 0.712, 0.229, 0.044, 0.064, 0.166, 0.593, 0.225, 0.056, 0.042, 0.168, 0.705)","ry20",13.5414723918344,0.228245049606891
"orthog_B_2_large_classes_739",0.317957746478873,0.511619718309859,0.161971830985915,0.00845070422535211,0.371359478498581,0.0673956471454106,0.381453054358112,0.179791819997897,0.0534017320197073,0.444224071164449,0.219481223372196,0.171341115772545,1.86091549295775,0.703127224808576,0.346919524191328,2.5549375706321,2.36967721585533,1.15555985086266,-0.0537918242774547,1.47981649118911,0.527,2840,9511,"c(0.519, 0.064, 0.001, 0.011, 0.358, 0.593, 0.201, 0.052, 0.053, 0.262, 0.63, 0.247, 0.069, 0.08, 0.168, 0.69)","ry23",163.168352231968,0.262912568836561
"orthog_B_2_large_classes_740",0.0421052631578947,0.284210526315789,0.136842105263158,0.536842105263158,0.37006237006237,0.413721413721414,0.0436590436590437,0.172557172557173,0.327957106904475,0.129510887405624,0.0931830616041142,0.364284932705985,3.16842105263158,0.980361174894741,-0.609828331905249,1.85926538242317,2.01871101871102,1.05052367975639,0.85573146365228,2.5437073884627,0.5155,95,481,"c(0.439, 0.053, 0.013, 0.008, 0.408, 0.571, 0.114, 0.024, 0.099, 0.277, 0.603, 0.166, 0.054, 0.099, 0.27, 0.802)","ry9",21.5370520128027,0.166294487554654
"orthog_B_2_large_classes_741",0.216386554621849,0.252100840336134,0.0882352941176471,0.44327731092437,0.168224299065421,0.115964142666412,0.470150677093267,0.2456608811749,0.0481622555564282,0.136136697669722,0.38191538297562,0.19761642974947,2.75840336134454,1.22578767897964,-0.237145127423025,1.41997771447306,2.79324814037765,0.99587945487679,-0.599485368256735,2.34576748247908,0.4536,952,5243,"c(0.409, 0.03, 0.019, 0.002, 0.373, 0.517, 0.096, 0.022, 0.069, 0.275, 0.649, 0.09, 0.149, 0.178, 0.236, 0.886)","ry13",53.0649863288737,0.245174694595942
"orthog_B_2_large_classes_742",0.14327485380117,0.347953216374269,0.166666666666667,0.342105263157895,0.166764705882353,0.404411764705882,0.0902941176470588,0.338529411764706,0.0234898520811834,0.0564585483316133,0.0763725490196078,0.00357585139318889,2.70760233918129,1.08520113466794,-0.0735613945367813,1.63032560390942,2.60058823529412,1.11824426768686,0.115906476829234,1.56537759713601,0.0979,342,3400,"c(0.459, 0.056, 0.031, 0.037, 0.375, 0.664, 0.214, 0.041, 0.081, 0.202, 0.584, 0.14, 0.086, 0.078, 0.171, 0.782)","ry12",2.03216043910254,0.29468042682567
"orthog_B_2_large_classes_743",0.0429331306990881,0.485942249240122,0.360562310030395,0.110562310030395,0.557799875699192,0,0.386886264760721,0.055313859540087,0.514866745000104,0.485942249240122,0.0263239547303258,0.0552484504903081,2.5387537993921,0.745311360769205,0.35732238245751,2.59922255571255,1.9397141081417,1.07810351537462,0.384672704002832,1.42164827100189,0.7106,2632,3218,"c(0.328, 0.097, 0.051, 0.093, 0.221, 0.356, 0.165, 0.082, 0.248, 0.422, 0.659, 0.292, 0.203, 0.126, 0.125, 0.533)","cop1",53.6703561723045,0.206573641731565
"orthog_B_2_large_classes_744",0.0406360424028269,0.333038869257951,0.263957597173145,0.362367491166078,0.301208127402526,0.0722130697419001,0.288028555738605,0.338550247116969,0.260572084999699,0.26082579951605,0.0240709585654603,0.0238172440491091,2.94805653710247,0.924798576284344,-0.205257074870337,1.77454009063486,2.66392092257002,1.22582489784748,-0.320493771890118,1.5081803067036,0.3702,5660,7284,"c(0.609, 0.069, 0.003, 0.016, 0.262, 0.719, 0.223, 0.044, 0.071, 0.171, 0.603, 0.226, 0.058, 0.041, 0.171, 0.713)","ry20",285.604772800678,0.228286176791365
"orthog_B_2_large_classes_745",0.131399317406143,0.353242320819113,0.228668941979522,0.286689419795222,0.453917050691244,0.368663594470046,0.0391705069124424,0.138248847926267,0.322517733285101,0.0154212736509335,0.18949843506708,0.148440571868955,2.67064846416382,1.02813256736729,-0.0345900391544801,1.78370975488373,1.86175115207373,1.01339538451476,1.07599691535794,3.03999913313685,0.4027,586,868,"c(0.8, 0.206, 0.071, 0.023, 0.122, 0.631, 0.227, 0.037, 0.041, 0.108, 0.513, 0.114, 0.037, 0.054, 0.189, 0.826)","ry25",68.9130023078268,0.239670422261377
"orthog_B_2_large_classes_746",0.271929824561404,0.447368421052632,0.043859649122807,0.236842105263158,0.039549066715949,0.385141378673073,0.301053409720939,0.274256144890039,0.232380757845455,0.0622270423795582,0.257193760598132,0.0374140396268809,2.24561403508772,1.09673681460265,0.580320381029976,2.01418304210768,2.81001663278507,0.884024949087176,0.0361799732919182,1.86761459830563,0.3541,114,5411,"c(0.358, 0.094, 0.026, 0, 0.299, 0.465, 0.038, 0.02, 0.1, 0.225, 0.59, 0.031, 0.244, 0.215, 0.346, 0.949)","sun12",7.71624014522848,0.224004885648927
"orthog_B_2_large_classes_747",0.26210235131397,0.184647302904564,0.461272475795297,0.0919778699861687,0.0568885448916409,0.0476006191950464,0.429953560371517,0.465557275541796,0.205213806422329,0.137046683709518,0.0313189154237803,0.373579405555627,2.38312586445367,0.971854350733984,-0.225327880279815,1.85926008910647,3.30417956656347,0.80510053135535,-1.25856959829096,4.41299291807638,0.4488,2892,2584,"c(0.451, 0.056, 0.034, 0.035, 0.371, 0.674, 0.22, 0.051, 0.095, 0.198, 0.589, 0.128, 0.083, 0.072, 0.158, 0.787)","ry12",237.042009369794,0.244695657349086
"orthog_B_2_large_classes_748",0.0849673202614379,0.355742296918768,0.319794584500467,0.239495798319328,0.295666949872557,0.307986406117247,0.0819881053525913,0.314358538657604,0.210699629611119,0.0477558908015203,0.237806479147876,0.0748627403382764,2.71381886087768,0.92369244442861,-0.0507942739598266,2.0370785389983,2.41503823279524,1.20947611599972,0.230775522448973,1.48979408778845,0.3299,2142,2354,"c(0.469, 0.072, 0.016, 0.021, 0.263, 0.489, 0.135, 0.014, 0.154, 0.29, 0.557, 0.137, 0.114, 0.15, 0.292, 0.828)","ry24",42.6741275810633,0.202968040450302
"orthog_B_2_large_classes_749",0.365566037735849,0.0731132075471698,0.188679245283019,0.372641509433962,0.0406320541760722,0.0863431151241535,0.499435665914221,0.373589164785553,0.324933983559777,0.0132299075769837,0.310756420631202,0.000947655351590804,2.56839622641509,1.31214978205683,-0.139553233242923,1.27900142381726,3.20598194130925,0.761598277616531,-0.916756084295976,3.84695517206591,0.4498,424,1772,"c(0.556, 0.118, 0.054, 0.127, 0.294, 0.501, 0.232, 0.099, 0.104, 0.333, 0.592, 0.25, 0.046, 0.048, 0.122, 0.524)","cop2",26.3409474566896,0.264950532049374
"orthog_B_2_large_classes_750",0.373048479868529,0.183237469186524,0.194467269241304,0.249246781703643,0.0683760683760684,0.571581196581197,0.192307692307692,0.167735042735043,0.304672411492461,0.388343727394672,0.00215957693361143,0.0815117389686001,2.31991235278006,1.20919765235595,0.214567540504236,1.47886515230746,2.45940170940171,0.84886630338512,0.614311436195898,2.49784276026885,0.5003,3651,936,"c(0.503, 0.096, 0.011, 0.006, 0.178, 0.528, 0.121, 0.027, 0.272, 0.282, 0.653, 0.176, 0.046, 0.094, 0.215, 0.791)","tru2",42.4710451032745,0.182920215115787
"orthog_B_2_large_classes_751",0.162134944612286,0.216179926149715,0.299765021819403,0.321920107418597,0.196058091286307,0.236514522821577,0.384336099585062,0.183091286307054,0.033923146674021,0.0203345966718621,0.0845710777656598,0.138828821111543,2.78147029204431,1.06718535351562,-0.35730027873477,1.86888688612337,2.55446058091286,1.00266285475894,-0.188192428118481,1.96070426224554,0.1673,2979,1928,"c(0.518, 0.056, 0.014, 0.011, 0.352, 0.599, 0.203, 0.057, 0.064, 0.27, 0.62, 0.242, 0.066, 0.076, 0.164, 0.689)","ry23",16.0745832982569,0.242035856453537
"orthog_B_2_large_classes_752",0.166189111747851,0.200573065902579,0.369627507163324,0.263610315186246,0.152941176470588,0.168787515006002,0.337094837935174,0.341176470588235,0.0132479352772628,0.0317855508965764,0.0325326692281497,0.0775661554019889,2.73065902578797,1.02781091047466,-0.362271172144239,2.00216370459599,2.86650660264106,1.050670359503,-0.523060310423196,2.06359746693507,0.0909,349,4165,"c(0.593, 0.046, 0.014, 0.01, 0.168, 0.611, 0.199, 0.018, 0.134, 0.252, 0.47, 0.107, 0.105, 0.092, 0.316, 0.864)","ry6",2.70321389024556,0.254917346650866
"orthog_B_2_large_classes_753",0.395380434782609,0.0747282608695652,0.164402173913043,0.365489130434783,0.08046875,0.125,0.442578125,0.351953125,0.314911684782609,0.0502717391304348,0.278175951086956,0.0135360054347826,2.5,1.33106691433405,-0.0380247577243987,1.23184914750273,3.066015625,0.891330501136284,-0.811182281493427,3.0028463879162,0.4234,736,2560,"c(0.754, 0.108, 0.047, 0.047, 0.175, 0.693, 0.289, 0.106, 0.054, 0.155, 0.547, 0.272, 0.017, 0.045, 0.116, 0.576)","ry22",93.1286535452231,0.28937113547938
"orthog_B_2_large_classes_754",0.232638888888889,0.265046296296296,0.0393518518518519,0.462962962962963,0.359084046300956,0.276170105686965,0.0463009562154001,0.318444891796678,0.126445157412067,0.011123809390669,0.00694910436354824,0.144518071166285,2.73263888888889,1.25979476545993,-0.185610928744988,1.3369503249579,2.3241066935078,1.2546391596497,0.339341073259796,1.46437517138575,0.1925,864,7948,"c(0.542, 0.117, 0.014, 0.019, 0.355, 0.668, 0.34, 0.076, 0.068, 0.165, 0.495, 0.279, 0.035, 0.049, 0.151, 0.627)","for2",26.0206258608009,0.236795276087862
"orthog_B_2_large_classes_755",0.657455931395903,0.233444497379705,0.0490709861838971,0.0600285850404955,0.366197183098592,0.211267605633803,0.126760563380282,0.295774647887324,0.291258748297311,0.0221768917459018,0.0776895771963846,0.235746062846828,1.51167222486899,0.841532674218521,1.72120615388916,5.18528695802995,2.35211267605634,1.24582221901386,0.22941100132263,1.42412464557693,0.3833,2099,71,"c(0.508, 0.072, 0.037, 0.074, 0.357, 0.597, 0.263, 0.084, 0.089, 0.242, 0.492, 0.295, 0.046, 0.089, 0.208, 0.547)","ry11",6.03415185133504,0.224561641862108
"orthog_B_2_large_classes_756",0.312709030100334,0.185284280936455,0.306354515050167,0.195652173913043,0.289681774349084,0.0339440694310511,0.194792671166827,0.481581485053038,0.0230272557512506,0.151340211505404,0.11156184388334,0.285929311139994,2.38494983277592,1.11959183055633,0.0386428104232064,1.60991210081744,2.86827386692382,1.28720661812516,-0.5686302384698,1.58037039755546,0.343,2990,5185,"c(0.668, 0.102, 0.029, 0.038, 0.144, 0.507, 0.129, 0.027, 0.111, 0.223, 0.649, 0.084, 0.077, 0.168, 0.193, 0.851)","phq4",163.436058730312,0.265192944431875
"orthog_B_2_large_classes_757",0.355769230769231,0.245192307692308,0.192307692307692,0.206730769230769,0.278829604130809,0.00516351118760757,0.160068846815835,0.555938037865749,0.0769396266384219,0.2400287965047,0.0322388454918575,0.349207268634979,2.25,1.14564392373896,0.326127835957087,1.66562009419152,2.99311531841652,1.29474807075975,-0.758006521536413,1.77088693369005,0.4319,416,581,"c(0.326, 0.1, 0.039, 0.102, 0.227, 0.362, 0.172, 0.081, 0.248, 0.41, 0.668, 0.285, 0.199, 0.128, 0.12, 0.532)","cop1",8.3588895914828,0.232273777194384
"orthog_B_2_large_classes_758",0.172151898734177,0.214177215189873,0.286582278481013,0.327088607594937,0.316916488222698,0.0428265524625268,0.311563169164882,0.328693790149893,0.144764589488521,0.171350662727347,0.0249808906838696,0.00160518255495623,2.76860759493671,1.08458792755615,-0.341213823107579,1.81534883010317,2.65203426124197,1.23211449961186,-0.332848227842274,1.50048797537584,0.2257,1975,1868,"c(0.861, 0.125, 0.043, 0.033, 0.105, 0.706, 0.164, 0.042, 0.028, 0.158, 0.637, 0.13, 0.007, 0.01, 0.156, 0.795)","ry16",46.3711408098009,0.269268545179229
"orthog_B_2_large_classes_759",0.112857142857143,0.514761904761905,0.0752380952380952,0.297142857142857,0.0827067669172932,0.315789473684211,0.259398496240602,0.342105263157895,0.0301503759398496,0.198972431077694,0.184160401002506,0.0449624060150376,2.55666666666667,1.03285472787265,0.349858830251374,1.76141575515496,2.8609022556391,0.984567733589207,-0.239030448950438,1.85313465809244,0.2765,2100,266,"c(0.549, 0.13, 0.046, 0.096, 0.195, 0.474, 0.223, 0.09, 0.167, 0.305, 0.582, 0.182, 0.088, 0.091, 0.148, 0.632)","ph4",3.16514662010981,0.267434466811141
"orthog_B_2_large_classes_760",0.258319467554077,0.0689129229062673,0.318912922906267,0.353854686633389,0.338464498749278,0.214739272657302,0.114681547046373,0.332114681547046,0.0801450311952019,0.145826349751035,0.204231375859894,0.0217400050863424,2.76830282861897,1.1842136211554,-0.478357119923504,1.71108293116792,2.44044641139119,1.26000465502174,0.124933774204764,1.36525219369331,0.2643,7212,5197,"c(0.775, 0.084, 0.021, 0.013, 0.188, 0.696, 0.151, 0.018, 0.025, 0.165, 0.688, 0.124, 0.013, 0.056, 0.14, 0.845)","ry19",249.441834319065,0.269370593992292
"orthog_B_2_large_classes_761",0.334560757496055,0.0652288269331931,0.369805365597054,0.230405049973698,0.0430239704978488,0.353411186232329,0.282728948985864,0.320835894283958,0.291536786998206,0.288182359299136,0.0870764166111906,0.0904308443102601,2.4960547080484,1.17469828024515,-0.183296493917511,1.51379016430252,2.88137676705593,0.912289148852259,-0.103938537972036,1.81140869373349,0.4287,1901,1627,"c(0.45, 0.06, 0.038, 0.046, 0.37, 0.662, 0.22, 0.048, 0.087, 0.198, 0.587, 0.13, 0.093, 0.08, 0.155, 0.776)","ry12",38.5877655341325,0.225482192269782
"orthog_B_2_large_classes_762",0.483933787731256,0.133398247322298,0.0886075949367089,0.294060370009737,0.414556962025316,0.137130801687764,0.125527426160338,0.322784810126582,0.0693768257059396,0.00373255436546574,0.0369198312236287,0.0287244401168452,2.19279454722493,1.30828633152963,0.428718868459595,1.41795094411243,2.35654008438819,1.30541288369483,0.19113120741519,1.30247431337951,0.0838,1027,948,"c(0.531, 0.122, 0.025, 0.024, 0.357, 0.668, 0.339, 0.075, 0.07, 0.172, 0.485, 0.286, 0.042, 0.038, 0.152, 0.615)","for2",3.10992988688254,0.244012182524202
"orthog_B_2_large_classes_763",0.189003436426117,0.29553264604811,0.22680412371134,0.288659793814433,0.0797141286421111,0.202034084661902,0.568719076415613,0.149532710280374,0.109289307784006,0.0934985613862078,0.341914952704273,0.139127083534059,2.61512027491409,1.09182131449464,-0.0656703979481689,1.68553309341913,2.78807036833425,0.790891358362664,-0.57206065001994,3.10917871228099,0.3962,291,3638,"c(0.642, 0.07, 0.022, 0.02, 0.288, 0.603, 0.174, 0.051, 0.056, 0.271, 0.595, 0.233, 0.015, 0.056, 0.208, 0.695)","ry21",12.2940968228456,0.257667383901579
"orthog_B_2_large_classes_764",0.130444856348471,0.268303985171455,0.423308619091752,0.177942539388323,0.0952380952380952,0.326530612244898,0.353741496598639,0.224489795918367,0.0352067611103756,0.0582266270734429,0.0695671224931121,0.0465472565300448,2.64874884151993,0.919047644912965,-0.258327502838146,2.25828363881381,2.70748299319728,0.92000358143152,-0.123476822858976,2.12235286486086,0.1079,4316,147,"c(0.567, 0.08, 0.007, 0.012, 0.285, 0.584, 0.15, 0.029, 0.061, 0.262, 0.56, 0.185, 0.087, 0.074, 0.283, 0.774)","ry3",1.53537920320921,0.358705243642657
"orthog_B_2_large_classes_765",0.237855122371172,0.145738531545935,0.478538925101464,0.137867420981429,0.109468637634838,0.420295645225729,0.176987614862165,0.293248102277267,0.128386484736334,0.274557113679794,0.301551310239298,0.155380681295838,2.51641864469315,1.00058758477789,-0.344568956775533,1.95755766498447,2.65401518178186,1.01573264376258,0.104481251952419,1.74856812193398,0.4549,8131,2503,"c(0.593, 0.075, 0.01, 0.013, 0.21, 0.532, 0.124, 0.046, 0.104, 0.297, 0.619, 0.147, 0.094, 0.096, 0.248, 0.795)","ry14",56.1977754125555,0.216820311221333
"orthog_B_2_large_classes_766",0.110210696920583,0.185737439222042,0.216531604538088,0.487520259319287,0.299082568807339,0.27217125382263,0.286238532110092,0.142507645259939,0.188871871886756,0.0864338146005878,0.0697069275720043,0.345012614059348,3.08136142625608,1.05236913891526,-0.729966196178891,2.17647313899267,2.27217125382263,1.03984349329589,0.199385153204007,1.82636934920175,0.4087,3085,1635,"c(0.501, 0.083, 0.01, 0.012, 0.332, 0.641, 0.148, 0.025, 0.126, 0.219, 0.624, 0.147, 0.041, 0.057, 0.218, 0.816)","ry7",215.225335277323,0.25386963608639
"orthog_B_2_large_classes_767",0.401459854014599,0.0145985401459854,0.386861313868613,0.197080291970803,0.170621468926554,0.144632768361582,0.344256120527307,0.340489642184557,0.230838385088045,0.130034228215597,0.0426051933413062,0.143409350213755,2.37956204379562,1.19690224775297,-0.0722548703884059,1.39875552735267,2.85461393596987,1.07073394390865,-0.542536412331255,2.04041428769834,0.3043,137,2655,"c(0.637, 0.072, 0.02, 0.03, 0.289, 0.594, 0.171, 0.047, 0.049, 0.284, 0.599, 0.23, 0.025, 0.05, 0.21, 0.693)","ry21",10.6263957122597,0.265895243787195
"orthog_B_2_large_classes_768",0.367616254713029,0.374109761206535,0.118768328445748,0.139505655634688,0.248840803709428,0.370942812982998,0.216383307573416,0.163833075734158,0.118775451003601,0.00316694822353691,0.097614979127668,0.0243274200994698,2.03016338500209,1.02151719315083,0.724933876726389,2.40570794321096,2.2952086553323,1.01656690091522,0.321045060296398,2.00419403425449,0.1557,4774,647,"c(0.505, 0.135, 0.053, 0.006, 0.326, 0.534, 0.183, 0.043, 0.054, 0.248, 0.518, 0.187, 0.115, 0.083, 0.246, 0.764)","ry4",7.00449560931751,0.216572605040903
"orthog_B_2_large_classes_769",0.490228013029316,0.156080347448426,0.175352877307275,0.178338762214984,0.0387263339070568,0.44578313253012,0.200516351118761,0.314974182444062,0.451501679122259,0.289702785081695,0.0251634738114861,0.136635420229078,2.04180238870793,1.1735367482507,0.581031719710941,1.76497687108806,2.79173838209983,0.93396453311248,0.13920268369267,1.63751535509224,0.5542,3684,1162,"c(0.329, 0.1, 0.044, 0.095, 0.221, 0.352, 0.169, 0.078, 0.25, 0.421, 0.664, 0.295, 0.199, 0.127, 0.122, 0.533)","cop1",24.5325264097795,0.203648775136373
"orthog_B_2_large_classes_770",0.452321517723415,0.0898652021967049,0.305042436345482,0.152770843734398,0.282157676348548,0.012448132780083,0.132780082987552,0.572614107883817,0.170163841374867,0.077417069416622,0.17226235335793,0.419843264149419,2.15826260609086,1.15905145550999,0.278146491546264,1.5099318619519,2.99585062240664,1.30907437860638,-0.746998460286275,1.72697970382756,0.4908,2003,241,"c(0.599, 0.069, 0.008, 0.008, 0.227, 0.532, 0.118, 0.046, 0.094, 0.291, 0.623, 0.156, 0.081, 0.109, 0.252, 0.79)","ry14",30.6659059962976,0.211257575964984
"orthog_B_2_large_classes_771",0.231707317073171,0.432926829268293,0.210365853658537,0.125,0.522234891676169,0.0706955530216648,0.391106043329532,0.015963511972634,0.290527574602998,0.362231276246628,0.180740189670996,0.109036488027366,2.22865853658537,0.943285982286574,0.424543568924408,2.31683644799855,1.90079817559863,0.98354155018061,0.300016272131961,1.30887269597103,0.5101,328,877,"c(0.674, 0.096, 0.028, 0.044, 0.136, 0.514, 0.115, 0.028, 0.113, 0.224, 0.663, 0.084, 0.076, 0.166, 0.194, 0.844)","phq4",19.8252028692313,0.212512138326567
"orthog_B_2_large_classes_772",0.23592854735423,0.299292214357937,0.184024266936299,0.280754971351534,0.384866525830613,0.347993086230075,0.237372767428462,0.0297676205108508,0.148937978476383,0.0487008718721376,0.0533485004921624,0.250987350840683,2.50960566228514,1.13281718236598,0.0687202377984653,1.603945925132,1.91204148261955,0.856488805836195,0.453447425481511,2.16424907858619,0.3007,2967,5207,"c(0.56, 0.12, 0.047, 0.13, 0.296, 0.494, 0.239, 0.098, 0.106, 0.336, 0.594, 0.263, 0.038, 0.05, 0.121, 0.509)","cop2",81.0403060648599,0.260503550800813
"orthog_B_2_large_classes_773",0.0728606356968215,0.43080684596577,0.31638141809291,0.179951100244499,0.589471171063627,0.0198161633042855,0.373880864271219,0.016831801360869,0.516610535366805,0.410990682661485,0.0574994461783093,0.16311929888363,2.60342298288509,0.863091628098542,0.178699502321406,2.21854301618626,1.81807329592933,0.998790225785327,0.471254025665721,1.38182798892893,0.6824,2045,8377,"c(0.505, 0.077, 0.023, 0.083, 0.367, 0.595, 0.257, 0.08, 0.083, 0.251, 0.501, 0.29, 0.045, 0.078, 0.219, 0.547)","ry11",189.208225371683,0.187180382344552
"orthog_B_2_large_classes_774",0.0212311199772015,0.248076375035623,0.421060131091479,0.309632373895697,0.454912023460411,0.0289589442815249,0.0806451612903226,0.435483870967742,0.433680903483209,0.219117430754098,0.340414969801156,0.125851497072045,3.01909375890567,0.801416656434702,-0.281878570332202,2.19894063399935,2.4967008797654,1.42505470234022,-0.0134796760973999,1.0945087920393,0.6065,7018,2728,"c(0.502, 0.133, 0.047, 0.02, 0.338, 0.539, 0.175, 0.031, 0.053, 0.246, 0.522, 0.194, 0.107, 0.082, 0.257, 0.754)","ry4",242.685081101395,0.254853361017062
"orthog_B_2_large_classes_775",0.441901408450704,0.100352112676056,0.0950704225352113,0.362676056338028,0.377400625279142,0.0819562304600268,0.394819115676641,0.145824028584189,0.0645007831715618,0.0183958822160295,0.29974869314143,0.216852027753839,2.37852112676056,1.35808608450788,0.162050759490546,1.21085808163183,2.30906654756588,1.12249442068469,-0.00974146735280323,1.50616826729264,0.376,568,4478,"c(0.565, 0.101, 0.029, 0.017, 0.315, 0.654, 0.194, 0.04, 0.041, 0.194, 0.638, 0.189, 0.078, 0.05, 0.139, 0.754)","ry30",29.2296968904575,0.266465854393926
"orthog_B_2_large_classes_776",0.416696783520058,0.0867365377665342,0.05384893386339,0.442717744850018,0.384132420091324,0.312785388127854,0.0256849315068493,0.277397260273973,0.0325643634287336,0.22604885036132,0.0281640023565406,0.165320484576045,2.52258764004337,1.40296787392207,-0.0179905766293863,1.12486361997584,2.19634703196347,1.216903544137,0.544309706365053,1.70264376968043,0.2833,2767,1752,"c(0.848, 0.136, 0.037, 0.038, 0.1, 0.7, 0.169, 0.049, 0.041, 0.148, 0.643, 0.127, 0.011, 0.015, 0.151, 0.786)","ry16",102.819499996411,0.249633220747446
"orthog_B_2_large_classes_777",0.125909865262506,0.160755768932941,0.156264519126529,0.557069846678024,0.258185721953838,0.10252281266774,0.243156199677939,0.396135265700483,0.132275856691332,0.0582329562652008,0.0868916805514094,0.160934580977541,3.14449434722007,1.09571276358471,-0.862346910478043,2.24586995487063,2.77724100912507,1.21728361451551,-0.427211323062597,1.59376531310464,0.2331,6457,1863,"c(0.74, 0.188, 0.086, 0.084, 0.143, 0.531, 0.131, 0.041, 0.087, 0.235, 0.642, 0.155, 0.03, 0.045, 0.141, 0.72)","phq5",39.1029219728193,0.227160247219499
"orthog_B_2_large_classes_778",0.349065880039331,0.332350049164208,0.154375614552606,0.164208456243854,0.24500370096225,0.307179866765359,0.208734270910437,0.239082161361954,0.104062179077081,0.0251701823988495,0.054358656357831,0.0748737051180997,2.13372664700098,1.06882763037322,0.539123565358028,2.03497286678168,2.44189489267209,1.10217762686004,0.134184784592036,1.69412422705631,0.1415,1017,1351,"c(0.485, 0.03, 0.006, 0.012, 0.297, 0.575, 0.125, 0.016, 0.111, 0.249, 0.646, 0.202, 0.108, 0.146, 0.222, 0.77)","sun5",9.67701303628634,0.189696951953686
"orthog_B_2_large_classes_779",0.0945179584120983,0.277882797731569,0.227788279773157,0.399810964083176,0.403100775193798,0.0635921692287479,0.216660097227697,0.316646958349757,0.3085828167817,0.214290628502821,0.0111281825454602,0.0831640057334189,2.93289224952741,1.0253107554735,-0.391763033356229,1.85332379216875,2.44685323873341,1.2987189414396,-0.00163191956770035,1.27664898060386,0.3849,1058,7611,"c(0.556, 0.119, 0.054, 0.127, 0.299, 0.504, 0.232, 0.094, 0.104, 0.328, 0.596, 0.257, 0.041, 0.049, 0.118, 0.522)","cop2",35.4281251388332,0.219189983092317
"orthog_B_2_large_classes_780",0.297253634894992,0.253634894991922,0.179321486268174,0.269789983844911,0.130786601430184,0.33703424915318,0.328566051938276,0.203613097478359,0.166467033464807,0.0833993541612578,0.149244565670102,0.0661768863665521,2.42164781906301,1.17386037211511,0.137493147279094,1.5360839979628,2.60500564546481,0.952771332606941,-0.0490124108176067,2.05342133182374,0.2476,619,5314,"c(0.66, 0.117, 0.06, 0.055, 0.171, 0.537, 0.098, 0.035, 0.092, 0.276, 0.634, 0.079, 0.077, 0.071, 0.208, 0.831)","ph1",18.1773434334712,0.245940278599894
"orthog_B_2_large_classes_781",0.333977900552486,0.374861878453039,0.146132596685083,0.145027624309392,0.374597600234123,0.0197541703248464,0.147058823529412,0.458589405911618,0.0406196996816373,0.355107708128192,0.000926226844328887,0.313561781602226,2.10220994475138,1.02458485332795,0.603780511560253,2.24054226766852,2.68964003511852,1.37128066761394,-0.301422051514067,1.24746546676954,0.4755,3620,6834,"c(0.664, 0.108, 0.055, 0.043, 0.167, 0.542, 0.104, 0.043, 0.095, 0.275, 0.632, 0.096, 0.073, 0.075, 0.21, 0.818)","ph1",371.542632663543,0.262398887939353
"orthog_B_2_large_classes_782",0.0910240202275601,0.238938053097345,0.395069532237674,0.274968394437421,0.232407600751723,0.363332637293798,0.302359574023805,0.101900187930674,0.141383580524163,0.124394584196453,0.0927099582138693,0.173068206506747,2.85398230088496,0.925570829267083,-0.395723295581113,2.2850101934798,2.27375234913343,0.931357921447041,0.188464033782438,2.13016179777079,0.272,3164,4789,"c(0.57, 0.085, 0.007, 0.013, 0.288, 0.58, 0.149, 0.029, 0.055, 0.263, 0.558, 0.186, 0.086, 0.072, 0.285, 0.772)","ry3",158.706499263523,0.229201952233148
"orthog_B_2_large_classes_783",0.328840970350404,0.102425876010782,0.339622641509434,0.22911051212938,0.161290322580645,0.145161290322581,0.354838709677419,0.338709677419355,0.167550647769759,0.042735414311799,0.0152160681679854,0.109599165289975,2.46900269541779,1.16830737910372,-0.112864802618283,1.51474514658302,2.87096774193548,1.05469565963044,-0.565983329587806,2.10958634395119,0.2053,371,62,"c(0.755, 0.102, 0.044, 0.043, 0.179, 0.703, 0.288, 0.111, 0.045, 0.157, 0.561, 0.279, 0.021, 0.038, 0.106, 0.567)","ry22",3.46659650311131,0.254581898757377
"orthog_B_2_large_classes_784",0.112701908957416,0.284508076358297,0.338105726872247,0.264684287812041,0.192156862745098,0.345098039215686,0.317647058823529,0.145098039215686,0.0794549537876825,0.0605899628573897,0.0204586680487173,0.119586248596355,2.75477239353891,0.969465533698525,-0.236236569507298,2.03606466184145,2.4156862745098,0.957810523859251,0.080110674627946,2.05951039366632,0.1572,2724,255,"c(0.591, 0.221, 0.06, 0.064, 0.177, 0.394, 0.182, 0.048, 0.132, 0.27, 0.559, 0.125, 0.099, 0.115, 0.199, 0.764)","ph2",4.4582244413948,0.258197499896158
"orthog_B_2_large_classes_785",0.241075875809397,0.127013116387182,0.22795948862693,0.40395151917649,0.0412186379928315,0.413978494623656,0.241935483870968,0.302867383512545,0.199857237816566,0.286965378236474,0.0139759952440376,0.101084135663945,2.79478665117051,1.20546904575084,-0.427237073849354,1.61242600206958,2.80645161290323,0.91883592221885,0.0729700167473017,1.72425424805667,0.3643,6023,558,"c(0.454, 0.087, 0.019, 0, 0.335, 0.497, 0.149, 0.024, 0.148, 0.275, 0.514, 0.129, 0.063, 0.14, 0.319, 0.846)","ry8",13.9403032995286,0.189169846647894
"orthog_B_2_large_classes_786",0.270369138676422,0.284669105420685,0.201197206518124,0.243764549384769,0.280315478146566,0.647387446598751,0.0624383831744989,0.00985869208018403,0.00994633947014417,0.362718341178066,0.138758823343626,0.233905857304585,2.41835716661124,1.12765323742658,0.147686323190985,1.63974897080839,1.8018402891883,0.58559487587651,0.361695846237411,4.04548815900582,0.4535,3007,3043,"c(0.601, 0.075, 0.01, 0.007, 0.279, 0.585, 0.171, 0.036, 0.075, 0.226, 0.561, 0.115, 0.045, 0.114, 0.258, 0.841)","ry27",172.693038786605,0.256104503067013
"orthog_B_2_large_classes_787",0.356392294220665,0.190017513134851,0.253064798598949,0.200525394045534,0.0715667311411992,0.317214700193424,0.201160541586073,0.410058027079304,0.284825563079466,0.127197187058572,0.0519042570128757,0.20953263303377,2.29772329246935,1.1501823812435,0.192490868627563,1.5756820226327,2.94970986460348,1.00549020587936,-0.321703953811422,1.75240414681873,0.3793,1142,517,"c(0.768, 0.085, 0.022, 0.013, 0.197, 0.694, 0.148, 0.023, 0.028, 0.157, 0.68, 0.126, 0.008, 0.064, 0.15, 0.838)","ry19",82.1564947064143,0.222634004029327
"orthog_B_2_large_classes_788",0.286237188872621,0.0351390922401171,0.322108345534407,0.356515373352855,0.356280193236715,0.370048309178744,0.223913043478261,0.0497584541062802,0.0700430043640942,0.334909216938627,0.0981953020561462,0.306756919246575,2.7489019033675,1.21389989988919,-0.471095666941029,1.64121002659297,1.96714975845411,0.882126926678056,0.49884963383915,2.33897689772587,0.4699,1366,4140,"c(0.599, 0.219, 0.069, 0.06, 0.175, 0.4, 0.176, 0.041, 0.127, 0.265, 0.559, 0.132, 0.1, 0.115, 0.196, 0.767)","ph2",107.182685245738,0.257549321424693
"orthog_B_2_large_classes_789",0.39020317283607,0.234622877817979,0.339549123295296,0.035624826050654,0.3681640625,0.33203125,0.087890625,0.2119140625,0.0220391103360701,0.0974083721820206,0.251658498295296,0.176289236449346,2.02059560256053,0.933716992181866,0.221694722861274,1.68753012292895,2.1435546875,1.1327413602393,0.591358373256812,1.94008451644474,0.3231,3593,1024,"c(0.617, 0.106, 0.062, 0.062, 0.208, 0.587, 0.137, 0.045, 0.094, 0.229, 0.594, 0.11, 0.08, 0.078, 0.207, 0.783)","phq7",24.8031982682569,0.267001575020878
"orthog_B_2_large_classes_790",0.111111111111111,0.555555555555556,0.222222222222222,0.111111111111111,0.0998861696072851,0.581388730791121,0.0276038702333523,0.291121229368241,0.011224941503826,0.0258331752355656,0.19461835198887,0.18001011825713,2.33333333333333,0.816496580927726,0.544331053951819,2.83333333333333,2.50996015936255,1.01583246314366,0.520256000320716,1.87368705082766,0.2666,36,3514,"c(0.469, 0.075, 0.027, 0.035, 0.275, 0.477, 0.131, 0.061, 0.189, 0.36, 0.704, 0.21, 0.066, 0.088, 0.138, 0.694)","cop3",2.08707368553821,0.314882656570176
"orthog_B_2_large_classes_791",0.384664948453608,0.274484536082474,0.242268041237113,0.0985824742268041,0.0734100135317997,0.179634641407307,0.416441136671177,0.330514208389716,0.311254934921809,0.0948498946751671,0.174173095434064,0.231931734162912,2.05476804123711,1.0090903568348,0.465970364129556,2.0070470309393,3.00405953991881,0.89653355991835,-0.619183879439886,2.61879823222327,0.4359,1552,2956,"c(0.506, 0.065, 0.027, 0.086, 0.368, 0.604, 0.256, 0.09, 0.085, 0.253, 0.502, 0.284, 0.042, 0.079, 0.215, 0.54)","ry11",117.277309113441,0.250946472059167
"orthog_B_2_large_classes_792",0.12,0.6,0.16,0.12,0.48654341212263,0.0888134799906389,0.379007722911304,0.0456353849754271,0.36654341212263,0.511186520009361,0.219007722911304,0.0743646150245729,2.28,0.825590697622012,0.720610805303879,3.0545196058983,1.98373508073953,1.02363476266542,0.287788683867102,1.47014508394503,0.6702,75,8546,"c(0.614, 0.082, 0.026, 0.04, 0.301, 0.625, 0.213, 0.07, 0.057, 0.225, 0.616, 0.268, 0.029, 0.067, 0.145, 0.623)","for1",6.40246732367463,0.166259350834272
"orthog_B_2_large_classes_793",0.471367521367521,0.232692307692308,0.164102564102564,0.131837606837607,0.336459693695833,0.311290514068622,0.196129645019589,0.156120147215956,0.134907827671689,0.0785982063763139,0.0320270809170251,0.0242825403783495,1.95641025641026,1.07746018352155,0.718978765156657,2.14317872606751,2.17191024575567,1.06184593749916,0.43604590097675,1.94346967641436,0.1612,4680,8423,"c(0.568, 0.117, 0.054, 0.136, 0.3, 0.501, 0.226, 0.103, 0.093, 0.328, 0.599, 0.253, 0.039, 0.054, 0.121, 0.509)","cop2",23.8712563010703,0.230510778582312
"orthog_B_2_large_classes_794",0.230634573304158,0.360612691466083,0.100437636761488,0.308315098468271,0.469333333333333,0.04,0.0586666666666667,0.432,0.238698760029176,0.320612691466083,0.0417709700948213,0.123684901531729,2.48643326039387,1.15226528504564,0.185433267315864,1.57200662322972,2.45333333333333,1.43195282355561,0.0556853145673059,1.08761669910319,0.4205,4570,375,"c(0.606, 0.074, 0.005, 0.01, 0.259, 0.728, 0.231, 0.039, 0.075, 0.159, 0.592, 0.233, 0.06, 0.04, 0.172, 0.719)","ry20",26.4723536814627,0.238045819772931
"orthog_B_2_large_classes_795",0.33433734939759,0.33433734939759,0.144578313253012,0.186746987951807,0.204213938411669,0.317666126418152,0.254457050243112,0.223662884927066,0.130123410985921,0.016671222979438,0.1098787369901,0.0369158969752592,2.18373493975904,1.09185396751103,0.492374252387099,1.93724791887074,2.49756888168558,1.05154540384199,0.0565934443757203,1.8013611998819,0.1751,332,617,"c(0.835, 0.079, 0.037, 0.021, 0.063, 0.63, 0.077, 0.019, 0.057, 0.206, 0.716, 0.079, 0.044, 0.084, 0.171, 0.881)","cyb1",11.2013493402708,0.25221401487424
"orthog_B_2_large_classes_796",0.212765957446809,0.425531914893617,0.0141843971631206,0.347517730496454,0.120872641509434,0.325176886792453,0.142393867924528,0.411556603773585,0.0918933159373746,0.100355028101164,0.128209470761408,0.064038873277131,2.49645390070922,1.17070696635253,0.26048270897448,1.52774282818928,2.84463443396226,1.09365698347039,-0.244138661894969,1.60658453355562,0.1976,141,3392,"c(0.68, 0.095, 0.026, 0.036, 0.134, 0.507, 0.121, 0.031, 0.106, 0.227, 0.66, 0.086, 0.08, 0.171, 0.194, 0.848)","phq4",4.2808065897783,0.254646155372402
"orthog_B_2_large_classes_797",0.113905325443787,0.474358974358974,0.403846153846154,0.00788954635108481,0.375215146299484,0.0791738382099828,0.228915662650602,0.316695352839931,0.261309820855697,0.395185136148992,0.174930491195551,0.308805806488846,2.30571992110454,0.675162939248087,-0.304121932687874,2.37771794947499,2.48709122203098,1.27814489074212,-0.0553239370765497,1.3168537469302,0.592,2028,2324,"c(0.823, 0.079, 0.035, 0.015, 0.08, 0.631, 0.074, 0.019, 0.056, 0.21, 0.726, 0.09, 0.042, 0.08, 0.165, 0.877)","cyb1",363.031901739192,0.247182234400532
"orthog_B_2_large_classes_798",0.171672924488945,0.392782644972883,0.345848977889028,0.0896954526491448,0.352479002980222,0.355188295854782,0.0430777567054999,0.249254944459496,0.180806078491278,0.0375943491181009,0.302771221183528,0.159559491810351,2.35356695869837,0.866772241532535,0.0777672199476332,2.30649822802032,2.18910864264427,1.16482378873414,0.574595531730298,1.8492068731738,0.3889,4794,3691,"c(0.547, 0.059, 0.009, 0.019, 0.305, 0.616, 0.151, 0.058, 0.112, 0.274, 0.681, 0.21, 0.036, 0.051, 0.159, 0.714)","tru1",122.061696247342,0.229829230863224
"orthog_B_2_large_classes_799",0.165811965811966,0.0752136752136752,0.252991452991453,0.505982905982906,0.264553314121037,0.397406340057637,0.310662824207493,0.0273775216138329,0.0987413483090716,0.322192664843962,0.0576713712160398,0.478605384369073,3.0991452991453,1.1111321497022,-0.921345190273853,2.4027988335235,2.10086455331412,0.821311491864448,0.108278460123213,2.08292343648307,0.5882,585,3470,"c(0.629, 0.122, 0.044, 0.05, 0.206, 0.476, 0.147, 0.035, 0.083, 0.311, 0.604, 0.102, 0.083, 0.091, 0.204, 0.813)","ph3",123.523657951815,0.25205634387063
"orthog_B_2_large_classes_800",0.0283748925193465,0.447119518486672,0.38950988822012,0.134995700773861,0.364705882352941,0,0.329411764705882,0.305882352941176,0.336330989833595,0.447119518486672,0.060098123514238,0.170886652167316,2.6311263972485,0.748028779213102,0.311248307926358,2.40504227381495,2.57647058823529,1.25909837571303,-0.261258027305291,1.4002884245205,0.5881,1163,85,"c(0.628, 0.12, 0.04, 0.047, 0.204, 0.476, 0.153, 0.027, 0.086, 0.31, 0.606, 0.1, 0.083, 0.094, 0.201, 0.827)","ph3",10.8963969580267,0.250605137545873
"orthog_B_2_large_classes_801",0.362962962962963,0.2,0.392592592592593,0.0444444444444444,0.390482001220256,0.169005491153142,0.113483831604637,0.327028676021965,0.0275190382572933,0.0309945088468578,0.279108760987956,0.28258423157752,2.11851851851852,0.958794396156709,0.0642868862262427,1.61181979900313,2.37705918242831,1.29224878017325,0.183815607858966,1.32448719185764,0.3993,270,1639,"c(0.736, 0.188, 0.084, 0.08, 0.143, 0.527, 0.134, 0.035, 0.09, 0.238, 0.643, 0.151, 0.031, 0.047, 0.139, 0.735)","phq5",20.7066125379486,0.234332321664284
"orthog_B_2_large_classes_802",0.364039252928142,0.409306742640076,0.0364039252928142,0.190250079138968,0.276503164556962,0.273338607594937,0.397745253164557,0.0524129746835443,0.0875360883711798,0.135968135045139,0.361341327871743,0.137837104455424,2.05286483064261,1.07640550187091,0.810200235113857,2.39211575401671,2.22606803797468,0.912575234521501,-0.0471215250036216,1.85605719691046,0.4192,6318,5056,"c(0.433, 0.047, 0.004, 0.005, 0.416, 0.57, 0.117, 0.011, 0.09, 0.287, 0.612, 0.159, 0.061, 0.096, 0.268, 0.825)","ry9",103.004555867099,0.229154551391286
"orthog_B_2_large_classes_803",0.227687048993543,0.404481579946829,0.0151917964299278,0.3526395746297,0.116923076923077,0.563076923076923,0.227692307692308,0.0923076923076923,0.110763972070467,0.158595343130094,0.21250051126238,0.260331882322008,2.49278389669578,1.18768732210948,0.240899097915952,1.49530017246781,2.29538461538462,0.7915769595183,0.540726770441665,2.97745345222413,0.3878,5266,325,"c(0.548, 0.134, 0.049, 0.078, 0.194, 0.474, 0.215, 0.084, 0.166, 0.311, 0.581, 0.182, 0.092, 0.081, 0.155, 0.655)","ph4",17.6936860841556,0.26408677998794
"orthog_B_2_large_classes_804",0.278894472361809,0.0979899497487437,0.265075376884422,0.358040201005025,0.276951672862454,0.273234200743494,0.228624535315985,0.221189591078067,0.0019427994993555,0.175244250994751,0.036450841568437,0.136850609926958,2.70226130653266,1.21776833207855,-0.343378679953014,1.53839490393401,2.39405204460967,1.1113314350947,0.145692535838895,1.67477427817707,0.2253,796,538,"c(0.451, 0.055, 0.039, 0.036, 0.377, 0.676, 0.217, 0.062, 0.095, 0.195, 0.583, 0.142, 0.077, 0.074, 0.16, 0.76)","ry12",9.96329315834027,0.255200083083916
"orthog_B_2_large_classes_805",0.366736990154712,0.0573136427566807,0.237341772151899,0.338607594936709,0.189017204807919,0.261843035588027,0.19820881451803,0.350930945086024,0.177719785346793,0.204529392831347,0.039132957633869,0.0123233501493152,2.5478199718706,1.28778974233884,-0.145367163100529,1.31834694207888,2.71105349988216,1.13373397231245,-0.195389559095649,1.60828911418785,0.274,2844,4243,"c(0.558, 0.139, 0.053, 0.093, 0.201, 0.465, 0.218, 0.069, 0.152, 0.302, 0.581, 0.19, 0.089, 0.094, 0.147, 0.648)","ph4",20.6537940026395,0.241662130280925
"orthog_B_2_large_classes_806",0.395794392523365,0.102336448598131,0.146261682242991,0.355607476635514,0.549611339734796,0.100594421582076,0.154092363968907,0.19570187471422,0.153816947211432,0.00174202701605494,0.00783068172591653,0.159905601921294,2.46168224299065,1.32338032621599,0.0307366530792896,1.2438143423898,1.99588477366255,1.21921871191053,0.655745440444652,1.74431202098597,0.222,2140,2187,"c(0.617, 0.109, 0.055, 0.055, 0.212, 0.566, 0.137, 0.051, 0.095, 0.243, 0.595, 0.115, 0.077, 0.082, 0.212, 0.779)","phq7",37.6275762914096,0.242341665077213
"orthog_B_2_large_classes_807",0.407038512616202,0.328685258964143,0.150730411686587,0.113545816733068,0.139830508474576,0.204903147699758,0.131053268765133,0.524213075060533,0.267208004141626,0.123782111264386,0.0196771429214538,0.410667258327465,1.97078353253652,1.00553398215277,0.728543264708971,2.40226656064245,3.03964891041162,1.13440126082518,-0.652452537208765,1.87516571522361,0.5057,3012,3304,"c(0.587, 0.074, 0.015, 0.006, 0.221, 0.531, 0.112, 0.044, 0.103, 0.293, 0.624, 0.151, 0.09, 0.102, 0.249, 0.798)","ry14",375.130464202247,0.237243058851277
"orthog_B_2_large_classes_808",0.362962962962963,0.37037037037037,0.0703703703703704,0.196296296296296,0.176838810641628,0.250391236306729,0.483568075117371,0.0892018779342723,0.186124152321335,0.119979134063641,0.413197704747001,0.107094418362024,2.1,1.09932639307829,0.688132087076011,2.14703016360499,2.48513302034429,0.88422867521231,-0.335220631126531,2.25400301009916,0.4809,270,639,"c(0.638, 0.079, 0.022, 0.035, 0.29, 0.605, 0.172, 0.052, 0.058, 0.272, 0.6, 0.233, 0.014, 0.043, 0.205, 0.681)","ry21",16.8813145806714,0.248809005652224
"orthog_B_2_large_classes_809",0.201219512195122,0.439024390243902,0.0548780487804878,0.304878048780488,0.237809861073277,0.186189049305366,0.4847453010079,0.0912557886134568,0.0365903488781551,0.252835340938536,0.429867252227412,0.213622260167031,2.46341463414634,1.12287872584557,0.310967886592894,1.66521367405785,2.42944701716154,0.950343925106097,-0.309666452675587,1.9686743123213,0.5438,164,7342,"c(0.653, 0.081, 0.016, 0.011, 0.273, 0.693, 0.19, 0.055, 0.033, 0.165, 0.653, 0.141, 0.041, 0.061, 0.141, 0.793)","sun1",15.2339892410743,0.245422239825069
"orthog_B_2_large_classes_810",0.35526108218962,0.406688752169112,0.183625177472788,0.0544249881684808,0.359081041968162,0.0222503617945007,0.347503617945007,0.27116497829233,0.00381995977854227,0.384438390374611,0.16387844047222,0.216739990123849,1.93721407162013,0.86755065531288,0.621446653243669,2.63697775410259,2.5307525325615,1.22863596002316,-0.213166498435649,1.42789898636559,0.4708,6339,5528,"c(0.644, 0.074, 0.015, 0.016, 0.273, 0.7, 0.19, 0.049, 0.035, 0.164, 0.654, 0.143, 0.048, 0.062, 0.141, 0.793)","sun1",466.274934312008,0.263391168120603
"orthog_B_2_large_classes_811",0.245445829338447,0.30520933205497,0.0524129114733142,0.396931927133269,0.265734265734266,0.286713286713287,0,0.447552447552448,0.020288436395819,0.0184960453416829,0.0524129114733142,0.0506205204191781,2.60083093640141,1.23474233555339,0.00927704250429898,1.36563426880943,2.62937062937063,1.28834648555025,-0.032065539923095,1.26946728588892,0.0779,3129,143,"c(0.456, 0.063, 0.023, 0.028, 0.372, 0.671, 0.222, 0.046, 0.096, 0.193, 0.586, 0.146, 0.076, 0.073, 0.169, 0.779)","ry12",1.69189316572199,0.374225772385243
"orthog_B_2_large_classes_812",0.216994061215167,0.269529465509365,0.259479214253084,0.253997259022385,0.248247879011435,0.409811877535965,0.0236075248985614,0.318332718554039,0.0312538177962682,0.1402824120266,0.235871689354522,0.0643354595316545,2.55047967108269,1.09061195816041,-0.043652020161422,1.70396970178648,2.4120250829952,1.17278370090522,0.342172865890924,1.59939073368198,0.2836,2189,2711,"c(0.603, 0.083, 0.028, 0.039, 0.321, 0.629, 0.219, 0.076, 0.051, 0.228, 0.606, 0.258, 0.025, 0.06, 0.147, 0.627)","for1",19.3397115023703,0.271255812485431
"orthog_B_2_large_classes_813",0.278094096493857,0.0764159424632904,0.316152232544201,0.329337728498652,0.428364688856729,0.133140376266281,0.354558610709117,0.0839363241678727,0.150270592362873,0.0567244338029904,0.0384063781649158,0.245401404330779,2.69673359304765,1.19421921913507,-0.379544763694963,1.61050804213632,2.09406657018813,1.05347998396286,0.242616963891296,1.59143580025968,0.2958,3337,691,"c(0.413, 0.052, 0.014, 0.02, 0.363, 0.549, 0.117, 0.031, 0.113, 0.29, 0.601, 0.107, 0.111, 0.109, 0.268, 0.843)","ry15",38.5908700393286,0.23745947134794
"orthog_B_2_large_classes_814",0.474841101694915,0.102224576271186,0.380296610169492,0.0426377118644068,0.267467248908297,0.287117903930131,0.131004366812227,0.314410480349345,0.207373852786618,0.184893327658945,0.249292243357264,0.271772768484938,1.99073093220339,1.01272041734341,0.264841357008876,1.4707376324131,2.49235807860262,1.18898993248582,0.101929111418388,1.48940295172126,0.4617,3776,1832,"c(0.461, 0.067, 0.038, 0.037, 0.367, 0.656, 0.221, 0.052, 0.091, 0.199, 0.588, 0.142, 0.08, 0.077, 0.153, 0.769)","ry12",91.7398814754832,0.246584221906479
"orthog_B_2_large_classes_815",0.0938897168405365,0.416542473919523,0.438897168405365,0.0506706408345753,0.300215982721382,0.345032397408207,0.231641468682505,0.123110151187905,0.206326265880846,0.0715100765113157,0.20725569972286,0.0724395103533297,2.44634873323398,0.732285638890061,-0.144150508619616,2.65647399890946,2.17764578833693,0.996363402600506,0.385826284961814,2.07143695161615,0.3097,1342,1852,"c(0.642, 0.053, 0.027, 0.018, 0.289, 0.727, 0.185, 0.029, 0.047, 0.178, 0.656, 0.172, 0.023, 0.041, 0.131, 0.781)","ry31",55.2857653101255,0.230371505716577
"orthog_B_2_large_classes_816",0.118421052631579,0.324454428754814,0.37997432605905,0.177150192554557,0.485473684210526,0.418105263157895,0.0450526315789474,0.0513684210526316,0.367052631578947,0.0936508344030809,0.334921694480103,0.125781771501926,2.61585365853659,0.909791415751963,-0.111662108501274,2.20761720192131,1.66231578947368,0.788650349623468,1.30295422411832,4.59397435826869,0.521,3116,2375,"c(0.329, 0.099, 0.045, 0.1, 0.227, 0.355, 0.161, 0.089, 0.243, 0.421, 0.677, 0.287, 0.201, 0.125, 0.117, 0.523)","cop1",47.9712547701533,0.213467103172594
"orthog_B_2_large_classes_817",0.0582627118644068,0.417372881355932,0.428672316384181,0.0956920903954802,0.00470114170584285,0.306917394224312,0.204163868368032,0.484217595701813,0.0535615701585639,0.110455487131621,0.224508448016149,0.388525505306333,2.56179378531073,0.744372979504727,0.0600859026187019,2.64949230409881,3.16789791806582,0.884166186787677,-0.374429465013761,1.4843674889051,0.4652,2832,1489,"c(0.354, 0.089, 0.025, 0.009, 0.306, 0.461, 0.04, 0.003, 0.097, 0.23, 0.59, 0.036, 0.243, 0.22, 0.345, 0.953)","sun12",103.421170738323,0.193916754176655
"orthog_B_2_large_classes_818",0.253929121725732,0.389060092449923,0.123574730354391,0.233436055469954,0.329888551165147,0.0526849037487335,0.527659574468085,0.0897669706180344,0.075959429439415,0.336375188701189,0.404084844113694,0.143669084851919,2.33651771956857,1.09453364424138,0.373364865789581,1.83014581781748,2.37730496453901,1.03646368573124,-0.317733468806199,1.63765028520822,0.5503,6490,4935,"c(0.461, 0.095, 0.012, 0.005, 0.341, 0.501, 0.15, 0.019, 0.139, 0.267, 0.514, 0.134, 0.059, 0.137, 0.325, 0.842)","ry8",55.9787365855418,0.235189722818458
"orthog_B_2_large_classes_819",0.331081081081081,0.189189189189189,0.135135135135135,0.344594594594595,0.437047756874096,0.175108538350217,0.0231548480463097,0.364688856729378,0.105966675793014,0.0140806508389721,0.111980287088825,0.0200942621347832,2.49324324324324,1.26542708110325,0.0351918800021346,1.34248264136163,2.31548480463097,1.34886150878616,0.305690676133262,1.28448843533719,0.1561,148,691,"c(0.778, 0.087, 0.019, 0.018, 0.187, 0.681, 0.145, 0.025, 0.02, 0.168, 0.696, 0.116, 0.015, 0.064, 0.14, 0.841)","ry19",4.77455259577767,0.248972670524595
"orthog_B_2_large_classes_820",0.163056930693069,0.320235148514851,0.326423267326733,0.190284653465347,0.606611570247934,0.115466351829988,0.155135773317592,0.122786304604486,0.443554639554865,0.204768796684863,0.171287494009141,0.0674983488608601,2.54393564356436,0.977114541669203,-0.03565298418684,2.00097154516623,1.79409681227863,1.10022563107285,0.96655713847642,2.37277314119304,0.5221,3232,4235,"c(0.858, 0.127, 0.044, 0.047, 0.099, 0.703, 0.173, 0.046, 0.03, 0.156, 0.631, 0.129, 0.013, 0.014, 0.153, 0.778)","ry16",651.707911708628,0.250172802931766
"orthog_B_2_large_classes_821",0.20427687113112,0.113393359594823,0.302476083286438,0.37985368598762,0.241737488196412,0.380547686496695,0.262039660056657,0.115675165250236,0.0374606170652919,0.267154326901872,0.0404364232297806,0.264178520737384,2.85790658413056,1.13585385999849,-0.556089315044002,1.8875068968759,2.25165250236072,0.950341426703899,0.288859004465189,2.15505415826653,0.3797,3554,4236,"c(0.532, 0.123, 0.029, 0.007, 0.343, 0.674, 0.339, 0.086, 0.085, 0.167, 0.477, 0.286, 0.04, 0.035, 0.154, 0.621)","for2",183.120607379814,0.24230957729386
"orthog_B_2_large_classes_822",0.290044910179641,0.213323353293413,0.166916167664671,0.329715568862275,0.163636363636364,0.0386363636363636,0.490909090909091,0.306818181818182,0.126408546543277,0.17468698965705,0.32399292324442,0.0228973870440936,2.53630239520958,1.21991929822668,-0.0187477325678138,1.42430421743088,2.94090909090909,0.998252605537701,-0.868594402606784,2.75774213177425,0.3899,2672,880,"c(0.7, 0.08, 0.012, 0.009, 0.202, 0.631, 0.149, 0.021, 0.058, 0.235, 0.624, 0.149, 0.04, 0.053, 0.215, 0.821)","ry28",64.698817770468,0.224449535843601
"orthog_B_2_large_classes_823",0.152705061082024,0.319371727748691,0.130890052356021,0.397033158813264,0.404457284358234,0.111844820470491,0.307057366900537,0.176640528270739,0.251752223276209,0.2075269072782,0.176167314544516,0.220392630542525,2.77225130890052,1.12931645901073,-0.18106484761931,1.55085190575266,2.25588113908378,1.16301401840344,0.165695518930297,1.49509279196902,0.4313,1146,2423,"c(0.643, 0.129, 0.047, 0.053, 0.204, 0.471, 0.145, 0.028, 0.076, 0.309, 0.607, 0.098, 0.077, 0.09, 0.201, 0.821)","ph3",51.8117583288114,0.239959927982539
"orthog_B_2_large_classes_824",0.0737704918032787,0.365573770491803,0.344262295081967,0.216393442622951,0.0120192307692308,0.125,0.490384615384615,0.372596153846154,0.0617512610340479,0.240573770491803,0.146122320302648,0.156202711223203,2.70327868852459,0.888259896451586,-0.0155177621857509,2.12814573292934,3.22355769230769,0.704056130669378,-0.550663506288043,2.89205068374057,0.3278,610,416,"c(0.593, 0.069, 0.019, 0.02, 0.219, 0.532, 0.116, 0.039, 0.103, 0.296, 0.615, 0.141, 0.085, 0.102, 0.25, 0.8)","ry14",16.5943536014086,0.237462366638621
"orthog_B_2_large_classes_825",0.0453108535300316,0.269406392694064,0.357920618194591,0.327362135581314,0.172670097198399,0.121212121212121,0.204116638078902,0.502001143510577,0.127359243668367,0.148194271481943,0.153803980115689,0.174639007929264,2.96733403582719,0.881444766948085,-0.333449083048109,2.13193554826878,3.03544882790166,1.14570372876966,-0.758172638858158,2.05320953849973,0.3039,2847,1749,"c(0.492, 0.056, 0.017, 0, 0.271, 0.634, 0.21, 0.038, 0.121, 0.229, 0.513, 0.16, 0.116, 0.081, 0.26, 0.801)","ry5",43.8487308493163,0.2343391550351
"orthog_B_2_large_classes_826",0.0753768844221105,0.120603015075377,0.271356783919598,0.532663316582915,0.159533999048978,0.3509272467903,0.000475511174512601,0.48906324298621,0.0841571146268671,0.230324231714923,0.270881272745085,0.0436000735967044,3.26130653266332,0.941537447653681,-1.08275163690234,3.0998261115154,2.81906799809796,1.20224377588746,-0.200068316931618,1.36703743052872,0.368,199,4206,"c(0.609, 0.076, 0.017, 0.019, 0.278, 0.593, 0.173, 0.039, 0.072, 0.222, 0.553, 0.116, 0.04, 0.109, 0.258, 0.827)","ry27",13.3461030335725,0.217905611687345
"orthog_B_2_large_classes_827",0.377358490566038,0.132075471698113,0.389937106918239,0.10062893081761,0.106179286335944,0.347258485639687,0.364664926022628,0.181897302001741,0.271179204230093,0.215183013941573,0.0252721808956106,0.0812683711841306,2.21383647798742,1.06022888162729,0.072765356171222,1.57703576383093,2.62228024369017,0.900666818906106,-0.0570551823808626,2.20390479588125,0.3565,159,4596,"c(0.414, 0.055, 0.016, 0.02, 0.368, 0.53, 0.125, 0.022, 0.107, 0.282, 0.597, 0.107, 0.111, 0.133, 0.261, 0.85)","ry15",6.40156888863465,0.22194317560655
"orthog_B_2_large_classes_828",0.333333333333333,0.208333333333333,0.25,0.208333333333333,0.284192586280358,0.224115892628888,0.351725607158074,0.13996591393268,0.0491407470529754,0.0157825592955546,0.101725607158074,0.0683674194006533,2.33333333333333,1.14260910006684,0.161382543784904,1.59167043911272,2.34746484874308,1.03684619305715,0.0221448229501726,1.77180513812458,0.133,120,4694,"c(0.41, 0.032, 0.018, 0.015, 0.373, 0.516, 0.098, 0.021, 0.07, 0.283, 0.651, 0.085, 0.147, 0.169, 0.233, 0.879)","ry13",2.06382580890216,0.283685669421122
"orthog_B_2_large_classes_829",0.0984483681112895,0.340823970037453,0.337613697164259,0.223113964686998,0.435057336765738,0.0634214837350807,0.370699742569623,0.130821436929558,0.336608968654449,0.277402486302372,0.0330860454053643,0.0922925277574407,2.68539325842697,0.926689810738419,-0.0799807830000185,2.08721558084199,2.197285279663,1.13583508727363,0.143970547562445,1.459745759024,0.4471,1869,4273,"c(0.777, 0.095, 0.009, 0.018, 0.181, 0.689, 0.16, 0.023, 0.034, 0.154, 0.69, 0.122, 0.008, 0.063, 0.14, 0.836)","ry19",265.334352379595,0.221160687412098
"orthog_B_2_large_classes_830",0.260468078331476,0.237541792708167,0.200764209520777,0.30122591943958,0.256965944272446,0.126934984520124,0.362229102167183,0.253869969040248,0.00350213405903005,0.110606808188044,0.161464892646406,0.047355950399332,2.54274797006846,1.17113645942612,-0.0267772571091091,1.52206879365226,2.61300309597523,1.12200807792342,-0.289741704308422,1.70683564840273,0.2014,6281,323,"c(0.795, 0.201, 0.076, 0.018, 0.126, 0.63, 0.227, 0.032, 0.046, 0.107, 0.505, 0.114, 0.034, 0.063, 0.192, 0.836)","ry25",3.52505555498334,0.245980725633131
"orthog_B_2_large_classes_831",0.228237791932059,0.185774946921444,0.263269639065817,0.322717622080679,0.044,0.324,0.468,0.164,0.184237791932059,0.138225053078556,0.204730360934183,0.158717622080679,2.68046709129512,1.14862633479516,-0.258418110765558,1.63219148269264,2.752,0.776206158182219,-0.103686159553968,2.52830880008254,0.3466,942,250,"c(0.601, 0.037, 0.02, 0.013, 0.157, 0.62, 0.193, 0.02, 0.128, 0.259, 0.467, 0.1, 0.114, 0.084, 0.32, 0.867)","ry6",15.0179269780012,0.187193195695992
"orthog_B_2_large_classes_832",0.140365801786474,0.424925563589962,0.0744364100382816,0.360272224585283,0.620825147347741,0.257367387033399,0.0615586116568435,0.060248853962017,0.480459345561267,0.167558176556563,0.0128777983814381,0.300023370623266,2.65461505742237,1.10786742743064,0.0921977050543504,1.53443874565068,1.56123117223314,0.854904141195225,1.55122812754515,4.61690089459876,0.5908,2351,1527,"c(0.47, 0.079, 0.037, 0.041, 0.274, 0.47, 0.13, 0.053, 0.189, 0.359, 0.693, 0.209, 0.067, 0.092, 0.139, 0.698)","cop3",141.773486289771,0.22471338907622
"orthog_B_2_large_classes_833",0.159010600706714,0.151943462897526,0.367491166077739,0.321554770318021,0.133333333333333,0.317647058823529,0.301960784313725,0.247058823529412,0.0256772673733804,0.165703595926003,0.065530381764013,0.0744959467886094,2.85159010600707,1.04283993949571,-0.542287617768181,2.12090355099626,2.66274509803922,0.992118111310189,-0.105491721960377,1.93467904428088,0.1948,283,255,"c(0.446, 0.051, 0.019, 0.026, 0.315, 0.603, 0.189, 0.068, 0.145, 0.27, 0.597, 0.205, 0.094, 0.076, 0.196, 0.701)","ry26",2.51895584195229,0.275196283697874
"orthog_B_2_large_classes_834",0.439792275235313,0.277831872768582,0.151574164232392,0.130801687763713,0.339160839160839,0.00699300699300699,0.258741258741259,0.395104895104895,0.100631436074474,0.270838865775575,0.107167094508867,0.264303207341182,1.97338526452451,1.05539795640229,0.720628636610791,2.23233418209376,2.70979020979021,1.29403227796205,-0.388967575660825,1.42544950073005,0.406,3081,286,"c(0.613, 0.085, 0.032, 0.041, 0.303, 0.631, 0.217, 0.074, 0.049, 0.23, 0.605, 0.262, 0.035, 0.053, 0.146, 0.623)","for1",32.5937379278047,0.269593459945069
"orthog_B_2_large_classes_835",0.212514092446449,0.249154453213078,0.212514092446449,0.325817361894025,0.37740646567381,0.426807119505993,0.139847439157283,0.0559389756629132,0.164892373227362,0.177652666292916,0.0726666532891657,0.269878386231112,2.65163472378805,1.14178361313459,-0.146934230391002,1.59243689888933,1.8743189248093,0.85159501808175,0.785919597989872,3.01806259248877,0.37,1774,2753,"c(0.804, 0.204, 0.074, 0.014, 0.128, 0.625, 0.226, 0.035, 0.036, 0.11, 0.509, 0.105, 0.032, 0.06, 0.19, 0.846)","ry25",241.239189931127,0.241075814266072
"orthog_B_2_large_classes_836",0.555555555555556,0.222222222222222,0.222222222222222,0,0.000351802990325418,0.424978012313105,0.47141600703606,0.10325417766051,0.55520375256523,0.202755790090882,0.249193784813838,0.10325417766051,1.66666666666667,0.816496580927726,0.680413817439772,1.83333333333333,2.67757255936675,0.652441528002021,0.434714491804564,2.2805547376738,0.6497,9,5685,"c(0.504, 0.13, 0.052, 0.025, 0.334, 0.541, 0.18, 0.041, 0.055, 0.253, 0.528, 0.181, 0.107, 0.077, 0.24, 0.752)","ry4",2.65958559267438,0.322013857127999
"orthog_B_2_large_classes_837",0.407424666045356,0.341876359117738,0.179248213730972,0.0714507611059335,0.370844686648501,0.0132152588555858,0.237738419618529,0.378201634877384,0.0365799793968544,0.328661100262153,0.0584902058875563,0.306750873771451,1.91472506989748,0.930163485897008,0.702539211770734,2.51802308128085,2.6232970027248,1.31639298546097,-0.258622205899558,1.31219396674003,0.4548,6438,7340,"c(0.732, 0.192, 0.087, 0.079, 0.148, 0.528, 0.128, 0.043, 0.089, 0.239, 0.644, 0.147, 0.031, 0.041, 0.141, 0.731)","phq5",596.088197945283,0.252641960888871
"orthog_B_2_large_classes_838",0.025783619817998,0.32979440512302,0.582237950792046,0.0621840242669363,0.0762081784386617,0.300185873605948,0.318773234200743,0.304832713754647,0.0504245586206637,0.0296085315170719,0.263464716591302,0.242648689487711,2.68082237950792,0.627087358538635,-0.262878427649314,3.04591822030479,2.85223048327138,0.942345727979403,-0.248712586704563,2.00934222440652,0.3629,5934,2152,"c(0.544, 0.116, 0.024, 0.019, 0.352, 0.68, 0.333, 0.079, 0.067, 0.169, 0.499, 0.284, 0.037, 0.036, 0.144, 0.618)","for2",53.1316677486009,0.250729358539914
"orthog_B_2_large_classes_839",0.357142857142857,0.306451612903226,0,0.336405529953917,0.190965846492839,0.142857142857143,0.572897539478516,0.093279471171502,0.166177010650018,0.163594470046083,0.572897539478516,0.243126058782415,2.31566820276498,1.26614318413111,0.386488399220434,1.47108922207614,2.56849063532868,0.902108457005562,-0.604071980329026,2.38919797601384,0.6646,434,2723,"c(0.565, 0.117, 0.046, 0.126, 0.305, 0.504, 0.227, 0.092, 0.095, 0.332, 0.606, 0.258, 0.036, 0.047, 0.121, 0.524)","cop2",28.7766534528094,0.244472007099966
"orthog_B_2_large_classes_840",0.266360505166475,0.0964408725602755,0.0468427095292767,0.590355912743972,0.140108162495284,0.404728964910074,0.0586089800025154,0.396553892592127,0.126252342671192,0.308288092349799,0.0117662704732387,0.193802020151846,2.96119402985075,1.32315263769942,-0.618649698723793,1.53676758147689,2.71160860269149,1.13072804397953,0.000767764947999181,1.46778592879266,0.3856,4355,7951,"c(0.677, 0.098, 0.03, 0.042, 0.136, 0.504, 0.114, 0.035, 0.114, 0.228, 0.655, 0.077, 0.073, 0.17, 0.201, 0.846)","phq4",176.690442007385,0.226575778115066
"orthog_B_2_large_classes_841",0.358757062146893,0.175141242937853,0.200564971751412,0.265536723163842,0.301367430296573,0.0475936778547327,0.372047593677855,0.27899129817084,0.0573896318503201,0.12754756508312,0.171482621926442,0.0134545750069982,2.3728813559322,1.21755017184173,0.141803939679873,1.4425418330158,2.62866275972296,1.18074694629937,-0.349434666746382,1.60600805044506,0.2217,354,5631,"c(0.616, 0.083, 0.028, 0.045, 0.31, 0.626, 0.207, 0.084, 0.048, 0.226, 0.617, 0.25, 0.027, 0.065, 0.148, 0.621)","for1",7.79787732080741,0.276080279406026
"orthog_B_2_large_classes_842",0.246465138956607,0.338127742564603,0.0563139931740614,0.359093125304729,0.189064748201439,0.34158273381295,0.300431654676259,0.168920863309353,0.0574003907551677,0.00345499124834697,0.244117661502198,0.190172261995377,2.52803510482691,1.20844137690664,0.125826562835373,1.43418976176137,2.44920863309353,0.981525068487481,0.0780435672535438,1.99596643342479,0.3147,4102,3475,"c(0.515, 0.072, 0.029, 0.08, 0.362, 0.601, 0.261, 0.092, 0.085, 0.249, 0.498, 0.294, 0.037, 0.079, 0.212, 0.535)","ry11",21.3307271176268,0.240446300134846
"orthog_B_2_large_classes_843",0.00872055186775999,0.361317193804503,0.518026812443056,0.11193544188468,0.205091937765205,0.190947666195191,0.148514851485149,0.455445544554455,0.196371385897445,0.170369527609313,0.369511960957908,0.343510102669775,2.73317714434466,0.661014679761465,0.171755786559051,2.48281713478174,2.85431400282885,1.20230468353023,-0.426566588087989,1.58467819392736,0.5676,7683,1414,"c(0.454, 0.049, 0.027, 0.024, 0.317, 0.612, 0.187, 0.072, 0.144, 0.261, 0.595, 0.216, 0.084, 0.078, 0.191, 0.688)","ry26",108.646886963386,0.250369682268834
"orthog_B_2_large_classes_844",0.0495283018867925,0.399764150943396,0.391214622641509,0.159492924528302,0.241834378093039,0.305509732761465,0.238205212801056,0.214450676344441,0.192306076206246,0.0942544181819314,0.153009409840454,0.0549577518161389,2.66067216981132,0.801390608054718,0.109486843742964,2.35479397243506,2.4252721873969,1.0756327732542,0.127731893439637,1.75751936747489,0.2689,3392,3031,"c(0.638, 0.04, 0.016, 0.015, 0.285, 0.727, 0.182, 0.038, 0.059, 0.188, 0.664, 0.176, 0.019, 0.045, 0.138, 0.771)","ry31",124.157396377488,0.246973941362833
"orthog_B_2_large_classes_845",0.190031152647975,0.148078920041537,0.383385254413292,0.278504672897196,0.232359230220955,0.261225944404847,0.284390591589451,0.222024233784747,0.04232807757298,0.11314702436331,0.0989946628238406,0.0564804391124493,2.75036344755971,1.06037247946953,-0.446374771616502,1.98643158753319,2.49607982893799,1.07645323180817,-0.0147172634756833,1.73829866407752,0.1661,4815,2806,"c(0.436, 0.05, 0.002, 0.006, 0.406, 0.573, 0.112, 0.027, 0.098, 0.284, 0.624, 0.162, 0.06, 0.093, 0.262, 0.805)","ry9",36.2621727175292,0.239783065400712
"orthog_B_2_large_classes_846",0.13070011866418,0.183929479572809,0.105272080013562,0.580098321749449,0.298403193612774,0.348636061210912,0.323353293413174,0.0296074517631404,0.167703074948594,0.164706581638103,0.218081213399612,0.550490869986309,3.13476860484828,1.12635061110039,-0.815143059730164,2.07799857331982,2.08416500332668,0.85621407737407,0.121251645982212,1.9325791569551,0.6371,5899,3006,"c(0.626, 0.075, 0.03, 0.029, 0.228, 0.616, 0.132, 0.028, 0.093, 0.258, 0.688, 0.218, 0.053, 0.051, 0.15, 0.725)","cop4",625.568417460547,0.237980690399878
"orthog_B_2_large_classes_847",0.349767774205073,0.109682029296177,0.0310825294748124,0.509467667023937,0.439307958477509,0.058961937716263,0.0503806228373702,0.451349480968858,0.0895401842724354,0.0507200915799142,0.0192980933625578,0.058118186055079,2.70025008931761,1.38865790754466,-0.238003527575989,1.18420719014346,2.51377162629758,1.42517550540341,-0.0153213384757424,1.09464360423716,0.1198,2799,7225,"c(0.634, 0.154, 0.046, 0.018, 0.254, 0.676, 0.24, 0.05, 0.079, 0.136, 0.596, 0.154, 0.033, 0.034, 0.118, 0.778)","sun3",17.8963792435238,0.226245769688005
"orthog_B_2_large_classes_848",0.285714285714286,0.342857142857143,0.0971428571428571,0.274285714285714,0.170815031722792,0.686188384577843,0.0536847242557345,0.089311859443631,0.114899253991494,0.3433312417207,0.0434581328871226,0.184973854842083,2.36,1.16206712370672,0.319021538319421,1.63615484827385,2.06149341142021,0.760240589619467,1.11633264088857,4.54942415217648,0.4089,175,2049,"c(0.611, 0.083, 0.04, 0.037, 0.308, 0.63, 0.204, 0.076, 0.059, 0.228, 0.609, 0.263, 0.023, 0.059, 0.148, 0.624)","for1",9.02199432905104,0.254163742942842
"orthog_B_2_large_classes_849",0.160192230676812,0.130957148578294,0.306167400881057,0.402683219863837,0.0364152281863325,0.296996925987231,0.371482620004729,0.295105225821707,0.12377700249048,0.166039777408937,0.065315219123672,0.107577994042129,2.95134160993192,1.08260872535989,-0.66091288558167,2.12337369217362,2.92527784346181,0.855674975604961,-0.20537044910003,2.07378527698982,0.2423,4994,4229,"c(0.573, 0.093, 0.039, 0.018, 0.305, 0.646, 0.187, 0.036, 0.045, 0.203, 0.634, 0.198, 0.077, 0.058, 0.14, 0.747)","ry30",64.6233963155989,0.255036762120219
"orthog_B_2_large_classes_850",0.428488708743486,0.218587145338738,0.0469021424435437,0.306022003474233,0.183349308503355,0.335615500479255,0.217444885663426,0.263590305353964,0.245139400240131,0.117028355140517,0.170542743219882,0.0424316981202686,2.23045744064852,1.28310881578052,0.433661291829203,1.47565303351486,2.561276187868,1.06776610571557,0.0379702976322004,1.73874674352185,0.3235,3454,7303,"c(0.667, 0.11, 0.031, 0.041, 0.139, 0.51, 0.123, 0.027, 0.105, 0.212, 0.653, 0.089, 0.088, 0.168, 0.193, 0.842)","phq4",144.177161456743,0.240046028056034
"orthog_B_2_large_classes_851",0.190108733777622,0.298842511399509,0.33707471062785,0.173974044195019,0.160244648318043,0.220998980632008,0.309480122324159,0.30927624872579,0.0298640854595791,0.0778435307675008,0.0275945883036909,0.135302204530771,2.49491406524027,0.989009448495262,-0.0359226151746216,1.96711873349956,2.7677879714577,1.05703897583308,-0.341036141518297,1.88689914759852,0.1613,2851,4905,"c(0.742, 0.197, 0.087, 0.076, 0.157, 0.526, 0.129, 0.041, 0.08, 0.24, 0.65, 0.149, 0.022, 0.037, 0.134, 0.734)","phq5",43.4814199351751,0.235608259019767
"orthog_B_2_large_classes_852",0.0145903479236813,0.506734006734007,0.287878787878788,0.190796857463524,0.367966500915991,0.137922009945041,0.342842187908924,0.151269301230044,0.353376152992309,0.368811996788966,0.0549634000301364,0.0395275562334796,2.65488215488215,0.797988677158687,0.526902338540168,2.05015948849964,2.27741428945302,1.11307106949753,0.0961500918806702,1.56747794591285,0.5152,1782,3821,"c(0.503, 0.055, 0.012, 0.007, 0.418, 0.582, 0.173, 0.048, 0.035, 0.288, 0.652, 0.228, 0.043, 0.075, 0.162, 0.717)","ry10",122.40765212658,0.179834938064304
"orthog_B_2_large_classes_853",0.316170555108608,0.367256637168142,0.0888978278358809,0.227674979887369,0.361610352264558,0.425952552120776,0.205607476635514,0.00682961897915169,0.0454397971559497,0.0586959149526348,0.116709648799633,0.220845360908218,2.22807723250201,1.12416594794016,0.505091770607808,1.87599832617167,1.85765636232926,0.757809074656235,0.33721141995961,2.09169515150486,0.2606,2486,2782,"c(0.513, 0.077, 0.019, 0.011, 0.402, 0.559, 0.158, 0.018, 0.085, 0.304, 0.654, 0.159, 0, 0.061, 0.168, 0.812)","ry17",138.135440601664,0.33061243217365
"orthog_B_2_large_classes_854",0.28272007452259,0.243595714951095,0.168141592920354,0.305542617605962,0.305326569435637,0.189917564996829,0.152187698161065,0.352568167406468,0.0226064949130476,0.0536781499542651,0.0159538947592887,0.0470255498005062,2.49650675360969,1.1943672724446,0.0484474606362594,1.47663450087718,2.55199746353836,1.25023427303437,-0.045668223166436,1.36915557409383,0.0765,2147,3154,"c(0.485, 0.029, 0.017, 0.015, 0.294, 0.575, 0.123, 0.024, 0.114, 0.256, 0.648, 0.199, 0.107, 0.141, 0.213, 0.762)","sun5",3.52294152633908,0.233712799465935
"orthog_B_2_large_classes_855",0.219047619047619,0.257142857142857,0.333333333333333,0.19047619047619,0.0265486725663717,0.256637168141593,0.345132743362832,0.371681415929204,0.192498946481247,0.000505689001264187,0.0117994100294985,0.181205225453013,2.4952380952381,1.03393662441692,-0.0648082937759884,1.8451021409606,3.06194690265487,0.854795797595982,-0.373647365243194,2.04928285136286,0.2646,105,226,"c(0.635, 0.081, 0.017, 0.034, 0.287, 0.591, 0.165, 0.062, 0.052, 0.285, 0.61, 0.229, 0.026, 0.043, 0.209, 0.675)","ry21",7.36740101208146,0.268854495570887
"orthog_B_2_large_classes_856",0.240279162512463,0.183449651046859,0.268195413758724,0.308075772681954,0.146382978723404,0.141276595744681,0.434042553191489,0.278297872340426,0.0938961837890584,0.0421730553021786,0.165847139432766,0.0297779003415286,2.64406779661017,1.15150090767169,-0.220498485659919,1.61119427717327,2.84425531914894,0.990378704014441,-0.588810617666056,2.35122175878784,0.1975,1003,1175,"c(0.458, 0.065, 0.025, 0.031, 0.377, 0.649, 0.221, 0.048, 0.085, 0.205, 0.587, 0.148, 0.08, 0.081, 0.167, 0.774)","ry12",8.23493140761095,0.235384447015263
"orthog_B_2_large_classes_857",0.289424860853432,0.298701298701299,0.0352504638218924,0.376623376623377,0.593325092707046,0.0951792336217552,0.100123609394314,0.211372064276885,0.303900231853613,0.203522065079543,0.0648731455724216,0.165251312346492,2.49907235621521,1.25781382343757,0.133552231226404,1.35584626066108,1.92954264524104,1.23853652363153,0.801294178862623,1.89485632524643,0.4066,539,809,"c(0.671, 0.121, 0.054, 0.04, 0.153, 0.536, 0.104, 0.04, 0.101, 0.276, 0.631, 0.091, 0.074, 0.068, 0.211, 0.83)","ph1",23.7472544627442,0.218260788306244
"orthog_B_2_large_classes_858",0.362251375370292,0.121878967414304,0.179856115107914,0.33601354210749,0.111665004985045,0.47357926221336,0.103688933200399,0.311066799601196,0.250586370385247,0.351700294799056,0.0761671819075149,0.024946742506294,2.4896318239526,1.28312989828817,-0.0142448232709287,1.31018042121418,2.61415752741775,1.04039976360356,0.226036735205152,1.68574325241786,0.4392,2363,1003,"c(0.609, 0.101, 0.026, 0.017, 0.291, 0.664, 0.2, 0.027, 0.098, 0.188, 0.596, 0.168, 0.002, 0.047, 0.177, 0.788)","ry18",34.4050441482312,0.21714386345215
"orthog_B_2_large_classes_859",0.219009190764403,0.255996413360233,0.221475005604125,0.30351939027124,0.171683389074693,0.0206243032329989,0.402452619843924,0.405239687848383,0.0473258016897092,0.235372110127234,0.1809776142398,0.101720297577144,2.6095045953822,1.13272499118783,-0.0976434669427079,1.60658001395197,3.041248606466,1.05399055965638,-0.962008428356622,2.71236483596263,0.3174,4461,1794,"c(0.603, 0.035, 0.02, 0.009, 0.154, 0.612, 0.199, 0.027, 0.135, 0.263, 0.47, 0.103, 0.108, 0.09, 0.311, 0.86)","ry6",57.6496582076139,0.218770718243459
"orthog_B_2_large_classes_860",0.407407407407407,0.185185185185185,0.185185185185185,0.222222222222222,0.243125904486252,0.419681620839363,0.29232995658466,0.044862518089725,0.164281502921156,0.234496435654178,0.107144771399475,0.177359704132497,2.22222222222222,1.19670329047433,0.34417670437988,1.55885850178359,2.13892908827786,0.834029161276807,0.199090964103879,2.29018037951144,0.3534,81,691,"c(0.638, 0.136, 0.043, 0.06, 0.204, 0.466, 0.152, 0.025, 0.074, 0.305, 0.6, 0.108, 0.084, 0.093, 0.204, 0.806)","ph3",4.60453801725057,0.239093606786441
"orthog_B_2_large_classes_861",0.21875,0.315340909090909,0.238636363636364,0.227272727272727,0.335202651032373,0.423655365791486,0.0675503441243946,0.173591639051746,0.116452651032373,0.108314456700577,0.171086019511969,0.0536810882209812,2.47443181818182,1.0683593602454,0.0875359499347212,1.76473526561988,2.07953097119551,1.04441101870119,0.755173372503811,2.40798076056938,0.2397,704,3923,"c(0.603, 0.107, 0.013, 0.003, 0.193, 0.647, 0.166, 0.033, 0.151, 0.19, 0.603, 0.182, 0.053, 0.057, 0.218, 0.782)","sun4",23.1232568067558,0.202757712621924
"orthog_B_2_large_classes_862",0.361650485436893,0.0995145631067961,0.203883495145631,0.33495145631068,0.293933054393305,0.201621338912134,0.316422594142259,0.188023012552301,0.0677174310435878,0.102106775805338,0.112539098996628,0.146928443758378,2.5121359223301,1.28181769487098,-0.0649945298680783,1.31525285575147,2.39853556485356,1.09709484653408,0.0184185254276734,1.66197794539699,0.222,412,3824,"c(0.569, 0.098, 0.029, 0.022, 0.316, 0.653, 0.192, 0.03, 0.029, 0.195, 0.637, 0.19, 0.086, 0.054, 0.142, 0.757)","ry30",10.3958934784115,0.254342589777462
"orthog_B_2_large_classes_863",0.417260490894695,0.0498812351543943,0.388756927949327,0.144101346001584,0.00113378684807256,0.291005291005291,0.272108843537415,0.435752078609221,0.416126704046623,0.241124055850897,0.116648084411912,0.291650732607638,2.2596991290578,1.14672540968489,0.054575387359354,1.43969653339861,3.14247921390779,0.843203528580747,-0.28543374783135,1.49435292420872,0.5744,1263,2646,"c(0.515, 0.07, 0.034, 0.076, 0.363, 0.593, 0.26, 0.085, 0.085, 0.257, 0.494, 0.297, 0.037, 0.08, 0.212, 0.542)","ry11",98.7067688358349,0.241016366542701
"orthog_B_2_large_classes_864",0.257856341189675,0.138888888888889,0.258136924803591,0.345117845117845,0.0129081245254366,0.0265755504935459,0.738800303720577,0.22171602126044,0.244948216664238,0.112313338395343,0.480663378916986,0.123401823857405,2.69051627384961,1.19149146955129,-0.300857770122693,1.56528816542108,3.16932422171602,0.520819909177824,-0.359361325901471,6.00343007760604,0.5647,3564,1317,"c(0.786, 0.091, 0.026, 0.014, 0.188, 0.692, 0.144, 0.021, 0.024, 0.157, 0.686, 0.117, 0.001, 0.061, 0.144, 0.848)","ry19",290.376211666327,0.233568665762364
"orthog_B_2_large_classes_865",0.119257950530035,0.378975265017668,0.0503533568904594,0.451413427561837,0.0671521902109885,0.562493306201135,0.136767698404198,0.233586805183678,0.0521057603190468,0.183518041183467,0.086414341513739,0.21782662237816,2.8339222614841,1.13129955337616,-0.165335816755829,1.44502142602381,2.53678911856057,0.92202199081414,0.528971162023946,2.07312913454725,0.3022,1132,9337,"c(0.636, 0.129, 0.038, 0.048, 0.195, 0.474, 0.153, 0.029, 0.087, 0.304, 0.604, 0.104, 0.082, 0.093, 0.205, 0.819)","ph3",55.6069489593744,0.256530348467859
"orthog_B_2_large_classes_866",0.328974535443909,0.293186510667584,0.154852030282175,0.222986923606332,0.108252495430901,0.285111767186841,0.275692394207789,0.330943343174469,0.220722040013008,0.00807474348074333,0.120840363925614,0.107956419568138,2.27185134205093,1.14099566518744,0.355409706947234,1.70797980454487,2.82932658512583,1.00991864897134,-0.28444101676399,1.89274540846978,0.2739,1453,7113,"c(0.659, 0.08, 0.009, 0, 0.142, 0.507, 0.096, 0.015, 0.124, 0.306, 0.578, 0.074, 0.075, 0.108, 0.317, 0.911)","ry2",138.870161020973,0.264411590348918
"orthog_B_2_large_classes_867",0.311746987951807,0.344664371772806,0.00903614457831325,0.334552495697074,0.2081589958159,0.130753138075314,0.280334728033473,0.380753138075314,0.103587992135908,0.213911233697492,0.27129858345516,0.0462006423782398,2.36639414802065,1.23480704711896,0.344463687437986,1.49556309830644,2.8336820083682,1.1473798782765,-0.499044321793166,1.80097122887507,0.3636,4648,956,"c(0.35, 0.091, 0.028, 0.01, 0.304, 0.468, 0.035, 0.007, 0.098, 0.231, 0.58, 0.043, 0.248, 0.209, 0.357, 0.94)","sun12",42.7786486305271,0.149183406562469
"orthog_B_2_large_classes_868",0.118736383442266,0.229847494553377,0.430283224400871,0.221132897603486,0.195046439628483,0.61609907120743,0.065015479876161,0.123839009287926,0.0763100561862172,0.386251576654053,0.36526774452471,0.0972938883155601,2.75381263616558,0.930224546985395,-0.378405740724868,2.31373775548528,2.11764705882353,0.861148724789464,0.935346087635836,3.4524316237007,0.5458,1836,323,"c(0.622, 0.127, 0.045, 0.048, 0.211, 0.469, 0.156, 0.029, 0.079, 0.309, 0.593, 0.097, 0.088, 0.095, 0.207, 0.826)","ph3",20.0213704997463,0.241241103877226
"orthog_B_2_large_classes_869",0.288108957569408,0.42744892613934,0.159769512833944,0.124672603457307,0.0419417475728155,0.266796116504854,0.515728155339806,0.175533980582524,0.246167209996593,0.160652809634486,0.355958642505861,0.0508613771252168,2.12100576217915,0.965363397768957,0.587968079013577,2.42320393957692,2.82485436893204,0.76119714614313,-0.265215175716742,2.75180768836904,0.4644,1909,2575,"c(0.699, 0.14, 0.071, 0.065, 0.16, 0.46, 0.124, 0.038, 0.1, 0.318, 0.654, 0.1, 0.041, 0.082, 0.151, 0.797)","phq3",108.142329421794,0.242061420854655
"orthog_B_2_large_classes_870",0.202247191011236,0.0112359550561798,0.539325842696629,0.247191011235955,0.12987012987013,0.350649350649351,0,0.519480519480519,0.0723770611411061,0.339413395593171,0.539325842696629,0.272289508244564,2.8314606741573,1.01931851056555,-0.804368775883979,2.54013565047414,2.90909090909091,1.17530673732455,-0.303447045198784,1.41518737672584,0.6967,89,77,"c(0.75, 0.105, 0.04, 0.052, 0.174, 0.704, 0.3, 0.111, 0.048, 0.149, 0.551, 0.263, 0.029, 0.043, 0.109, 0.573)","ry22",3.12665127108958,0.243767886697328
"orthog_B_2_large_classes_871",0.291758572287949,0.250250651694405,0.256266292360136,0.20172448365751,0.377551020408163,0.258503401360544,0.00340136054421769,0.360544217687075,0.0857924481202146,0.00825274966613876,0.252864931815919,0.158819734029565,2.36795668738721,1.10432362805708,0.135348701849731,1.67981228313994,2.3469387755102,1.30489951250974,0.313322056164581,1.35866318753429,0.3108,4987,294,"c(0.603, 0.038, 0.02, 0.008, 0.164, 0.623, 0.2, 0.021, 0.125, 0.257, 0.453, 0.099, 0.108, 0.083, 0.327, 0.872)","ry6",7.35644148958872,0.253050181944428
"orthog_B_2_large_classes_872",0.187520418163999,0.360993139496896,0.21234890558641,0.239137536752695,0.605504587155963,0.190366972477064,0.139908256880734,0.0642201834862385,0.417984168991965,0.170626167019832,0.0724406487056757,0.174917353266457,2.5031035609278,1.05038387161216,0.125425225184075,1.80230760032243,1.66284403669725,0.942666130923905,1.17623811125052,3.14411888861434,0.4896,3061,436,"c(0.627, 0.079, 0.025, 0.033, 0.238, 0.601, 0.133, 0.025, 0.091, 0.264, 0.693, 0.228, 0.044, 0.056, 0.149, 0.713)","cop4",68.5182813629551,0.259544992528353
"orthog_B_2_large_classes_873",0.00395100750691426,0.19676017384433,0.566179375740814,0.233109442907942,0.263180546589197,0.237142242306865,0.172799655691844,0.326877555412094,0.259229539082283,0.0403820684625343,0.39337972004897,0.0937681125041523,3.02844725404978,0.666981559352998,-0.112050864432825,2.49973419478843,2.56337421992683,1.19419425231042,-0.0378463478748869,1.47251692322598,0.482,2531,4647,"c(0.457, 0.056, 0.035, 0.043, 0.376, 0.671, 0.225, 0.051, 0.085, 0.197, 0.581, 0.129, 0.082, 0.075, 0.158, 0.777)","ry12",143.518031258958,0.239506490939055
"orthog_B_2_large_classes_874",0.32877094972067,0.0782122905027933,0.265642458100559,0.327374301675978,0.211761025961839,0.118235846105724,0.193931811072881,0.476071316859556,0.117009923758831,0.0400235556029308,0.0717106470276778,0.148697015183578,2.59162011173184,1.24655375251914,-0.211231404777248,1.4142511090423,2.93431341883015,1.19876458901106,-0.611137461945918,1.77652056300403,0.2063,7160,3197,"c(0.603, 0.034, 0.019, 0.001, 0.153, 0.624, 0.194, 0.014, 0.131, 0.258, 0.473, 0.107, 0.113, 0.083, 0.315, 0.879)","ry6",62.2485380333216,0.175520562391051
"orthog_B_2_large_classes_875",0.37823391062647,0.302758178319436,0.0453282018387855,0.273679709215309,0.453531598513011,0.301646309081253,0.0770047796070101,0.167817312798725,0.0752976878865412,0.00111186923818218,0.0316765777682245,0.105862396416584,2.21445370964293,1.21337980688112,0.50348782979098,1.67116787928243,1.95910780669145,1.09550602820858,0.846781075724685,2.35063829335312,0.1337,4677,1883,"c(0.456, 0.059, 0.032, 0.032, 0.374, 0.661, 0.221, 0.046, 0.088, 0.201, 0.589, 0.143, 0.083, 0.079, 0.157, 0.78)","ry12",18.4534304138311,0.237414275535535
"orthog_B_2_large_classes_876",0.141940657578188,0.00898155573376103,0.382197273456295,0.466880513231756,0.0948923076923077,0.251446153846154,0.389046153846154,0.264615384615385,0.04704834988588,0.242464598112393,0.0068488803898587,0.202265128616372,3.17401764234162,1.0066491739589,-1.18805764631206,3.31636835096867,2.82338461538462,0.929751458803873,-0.351420581561669,2.23759029282267,0.3193,6235,8125,"c(0.64, 0.146, 0.039, 0.023, 0.258, 0.674, 0.239, 0.053, 0.076, 0.141, 0.6, 0.159, 0.025, 0.039, 0.122, 0.764)","sun3",246.248379132962,0.247537995643118
"orthog_B_2_large_classes_877",0.388489208633094,0.10431654676259,0.158273381294964,0.348920863309353,0.54320987654321,0.0617283950617284,0.172839506172839,0.222222222222222,0.154720667910116,0.0425881517008615,0.0145661248778755,0.12669864108713,2.46762589928058,1.31292500223261,0.0179623445033351,1.26000742997559,2.07407407407407,1.26469415399732,0.519853002880933,1.5273530476126,0.205,278,81,"c(0.495, 0.076, 0.003, 0.006, 0.331, 0.641, 0.143, 0.024, 0.128, 0.223, 0.627, 0.155, 0.046, 0.061, 0.227, 0.814)","ry7",3.15407998255067,0.246966220384311
"orthog_B_2_large_classes_878",0.323717948717949,0.0608974358974359,0.326923076923077,0.288461538461538,0.128890516294398,0.32295862321494,0.295862321493958,0.252288538996705,0.194827432423551,0.262061187317504,0.0310607554291187,0.0361729994648339,2.58012820512821,1.21158509610423,-0.246901027952137,1.48853081472512,2.67154888319297,0.991427804359677,-0.100387958697463,1.92630497513628,0.33,312,2731,"c(0.734, 0.192, 0.084, 0.081, 0.149, 0.525, 0.131, 0.039, 0.094, 0.242, 0.643, 0.149, 0.023, 0.041, 0.142, 0.732)","phq5",9.81041651140141,0.251891084350273
"orthog_B_2_large_classes_879",0.252440725244073,0.171548117154812,0.271966527196653,0.304044630404463,0.214285714285714,0.00220458553791887,0.496913580246914,0.286596119929453,0.0381550109583582,0.169343531616893,0.224947053050261,0.0174485104750098,2.62761506276151,1.16046762430214,-0.211759668477977,1.58913951459081,2.85582010582011,1.06073357669327,-0.787792220072115,2.39685379049224,0.2847,717,4536,"c(0.608, 0.081, 0.013, 0.007, 0.285, 0.583, 0.17, 0.038, 0.064, 0.224, 0.56, 0.13, 0.043, 0.112, 0.257, 0.825)","ry27",17.3403715302873,0.262189940446184
"orthog_B_2_large_classes_880",0.327800829875519,0.262793914246196,0.206085753803596,0.203319502074689,0.245788930904091,0.195599862495703,0.291509109659677,0.267102096940529,0.0820118989714279,0.0671940517504934,0.0854233558560807,0.0637825948658406,2.28492392807745,1.12515907639177,0.280521490474467,1.68985775682711,2.57992437263664,1.12667393257671,-0.154494187214032,1.64388993788235,0.1504,723,5818,"c(0.647, 0.082, 0.013, 0.014, 0.267, 0.711, 0.188, 0.044, 0.039, 0.152, 0.657, 0.143, 0.048, 0.056, 0.141, 0.799)","sun1",19.6068731857884,0.253169378925517
"orthog_B_2_large_classes_881",0.0343074968233799,0.263532401524778,0.446505717916137,0.255654383735705,0.311071195297191,0.144023514043109,0.300293925538863,0.244611365120836,0.276763698473811,0.119508887481669,0.146211792377274,0.0110430186148691,2.92350698856417,0.806576463675627,-0.252699537238998,2.37376392097354,2.47844546048334,1.16657641098313,-0.0735435671972002,1.526444747929,0.3352,7870,6124,"c(0.611, 0.102, 0.013, 0.011, 0.192, 0.644, 0.177, 0.034, 0.147, 0.19, 0.6, 0.18, 0.049, 0.064, 0.21, 0.775)","sun4",349.714564930281,0.260337428533609
"orthog_B_2_large_classes_882",0.1919632050351,0.128056160735899,0.037037037037037,0.642943597191963,0.370673076923077,0.00865384615384615,0.250480769230769,0.370192307692308,0.178709871887976,0.119402314582053,0.213443732193732,0.272751289499656,3.13096102638586,1.23357277354691,-0.863507196501479,1.95831739911626,2.62019230769231,1.31045205116493,-0.263214856994186,1.32331698352415,0.4076,4131,4160,"c(0.645, 0.053, 0.024, 0.024, 0.28, 0.722, 0.174, 0.035, 0.054, 0.185, 0.662, 0.172, 0.022, 0.04, 0.14, 0.769)","ry31",198.556069200067,0.231412982188876
"orthog_B_2_large_classes_883",0.218371607515658,0.262630480167015,0.241753653444676,0.277244258872651,0.398925453324379,0.0423102753525856,0.169241101410343,0.389523169912693,0.180553845808721,0.220320204814429,0.0725125520343339,0.112278911040042,2.57787056367432,1.11138108139812,-0.0677011744005972,1.65474941908177,2.54936198791135,1.3507259679978,-0.116121518186531,1.21207054513609,0.3147,2395,1489,"c(0.497, 0.078, 0.01, 0.015, 0.327, 0.641, 0.147, 0.02, 0.139, 0.217, 0.617, 0.152, 0.037, 0.064, 0.225, 0.813)","ry7",26.9671598337236,0.208358439855954
"orthog_B_2_large_classes_884",0.31314072693383,0.111835973904939,0.3690587138863,0.20596458527493,0.480769230769231,0.288461538461538,0.0653846153846154,0.165384615384615,0.1676285038354,0.176625564556599,0.303674098501685,0.0405799698903147,2.46784715750233,1.1345381523496,-0.140633440641509,1.58352826413209,1.91538461538462,1.09568816018916,0.922183466069589,2.46396089154043,0.3914,2146,260,"c(0.564, 0.123, 0.051, 0.128, 0.305, 0.495, 0.226, 0.094, 0.098, 0.323, 0.599, 0.261, 0.033, 0.059, 0.125, 0.518)","cop2",10.022595935566,0.250085018924489
"orthog_B_2_large_classes_885",0.338516746411483,0.202153110047847,0.131578947368421,0.327751196172249,0.0423330197554092,0.375979931012857,0.262778300407651,0.318908748824083,0.296183726656074,0.17382682096501,0.13119935303923,0.00884244734816603,2.44856459330144,1.25693686560034,0.10009328070643,1.36601605706703,2.85826277830041,0.918766193785697,-0.0437792885022152,1.75538742213959,0.3677,836,3189,"c(0.548, 0.14, 0.045, 0.087, 0.196, 0.468, 0.221, 0.086, 0.164, 0.303, 0.581, 0.18, 0.091, 0.089, 0.153, 0.646)","ph4",27.0885019666739,0.24501171214762
"orthog_B_2_large_classes_886",0.0860215053763441,0.06158357771261,0.441837732160313,0.410557184750733,0.204823488290807,0.295001747640685,0.299895141558896,0.200279622509612,0.118801982914463,0.233418169928075,0.141942590601417,0.210277562241121,3.17693059628543,0.885958434728628,-1.09484914801591,3.63398985173357,2.49563089828731,1.0296538896887,-0.000758128945195293,1.85754954478187,0.3646,1023,2861,"c(0.671, 0.123, 0.061, 0.05, 0.159, 0.539, 0.107, 0.038, 0.095, 0.27, 0.622, 0.085, 0.075, 0.068, 0.211, 0.827)","ph1",80.1906002453,0.250734381361627
"orthog_B_2_large_classes_887",0.324958123953099,0.215242881072027,0.157453936348409,0.302345058626466,0.16419169760378,0.156260546743166,0.316908538643267,0.362639217009787,0.160766426349319,0.0589823343288611,0.159454602294858,0.0602941583833217,2.43718592964824,1.22501459490284,0.108518499383779,1.42700833372439,2.87799527505906,1.07739565678545,-0.544110879152916,2.01125314295578,0.2416,1194,5926,"c(0.704, 0.147, 0.065, 0.065, 0.157, 0.454, 0.126, 0.035, 0.101, 0.306, 0.658, 0.081, 0.037, 0.092, 0.152, 0.818)","phq3",39.9661293067862,0.249787219982117
"orthog_B_2_large_classes_888",0.343168247277836,0.0319634703196347,0.326308394801545,0.298559887600984,0.190045248868778,0.232277526395173,0.180995475113122,0.396681749622926,0.153122998409058,0.200314056075539,0.145312919688423,0.0981218620219426,2.58025992272568,1.23572432789911,-0.255410291499684,1.44388187084552,2.7843137254902,1.15871467690769,-0.306721064166645,1.59827039216273,0.3071,2847,1326,"c(0.631, 0.144, 0.034, 0.012, 0.255, 0.667, 0.236, 0.058, 0.09, 0.144, 0.61, 0.152, 0.024, 0.045, 0.12, 0.778)","sun3",24.4736236967209,0.238956391866544
"orthog_B_2_large_classes_889",0.355285002767017,0.246633462460801,0.0697288323187604,0.328352702453422,0.041044776119403,0.548507462686567,0,0.41044776119403,0.314240226647614,0.301874000225767,0.0697288323187604,0.082095058740608,2.37114923445859,1.2651770194958,0.250785033188331,1.39832406739748,2.77985074626866,1.03666225668717,0.228005988553019,1.32001284056139,0.4489,5421,268,"c(0.42, 0.049, 0.015, 0.012, 0.363, 0.538, 0.12, 0.033, 0.112, 0.299, 0.601, 0.109, 0.105, 0.114, 0.264, 0.846)","ry15",12.9954404949754,0.126177474463234
"orthog_B_2_large_classes_890",0.230905077262693,0.257836644591611,0.218984547461369,0.292273730684327,0.242546583850932,0.222049689440994,0.298757763975155,0.236645962732919,0.0116415065882385,0.0357869551506177,0.0797732165137866,0.0556277679514074,2.57262693156733,1.13625830897079,-0.0541393091056681,1.59612848299131,2.52950310559006,1.09886971926987,-0.0883472383285856,1.69124483439236,0.1043,2265,3220,"c(0.491, 0.031, 0.008, 0.012, 0.301, 0.584, 0.117, 0.015, 0.101, 0.245, 0.656, 0.2, 0.107, 0.14, 0.219, 0.772)","sun5",3.70411461032436,0.263067383815231
"orthog_B_2_large_classes_891",0.158675234799802,0.290657439446367,0.273850716757291,0.27681660899654,0.192068429237947,0.40552099533437,0.279937791601866,0.122472783825816,0.0333931944381448,0.114863555888003,0.0060870748445751,0.154343825170723,2.66880869995057,1.04522117774837,-0.141386738730631,1.81090858847529,2.33281493001555,0.922567926226477,0.230480241330287,2.22619858209112,0.1954,2023,2572,"c(0.632, 0.127, 0.028, 0.055, 0.198, 0.476, 0.149, 0.031, 0.087, 0.309, 0.618, 0.099, 0.083, 0.088, 0.205, 0.814)","ph3",32.7652469237781,0.25470392722631
"orthog_B_2_large_classes_892",0.431431201104464,0.148642429820525,0.312241141279337,0.107685227795674,0.350893266147503,0.246449839670179,0.144754924415941,0.257901969766377,0.0805379349569604,0.0978074098496541,0.167486216863396,0.150216741970702,2.09618039576622,1.07942697068248,0.322177055267747,1.65437675180106,2.30966559780119,1.19639595751882,0.290602877481715,1.54867100207615,0.2582,4346,2183,"c(0.61, 0.065, 0.008, 0.012, 0.254, 0.727, 0.224, 0.045, 0.071, 0.169, 0.596, 0.222, 0.066, 0.039, 0.172, 0.72)","ry20",27.1041601445462,0.240491920641026
"orthog_B_2_large_classes_893",0.203490759753593,0.0451745379876797,0.439630390143737,0.31170431211499,0.041044776119403,0.0186567164179104,0.58955223880597,0.350746268656716,0.16244598363419,0.0265178215697692,0.149921848662233,0.0390419565417267,2.85954825462012,1.07290036645384,-0.707347906389967,2.2529460573096,3.25,0.686354201234493,-1.12951523187022,5.45589255955299,0.226,4870,268,"c(0.734, 0.201, 0.087, 0.079, 0.153, 0.516, 0.13, 0.028, 0.091, 0.238, 0.651, 0.151, 0.021, 0.045, 0.131, 0.742)","phq5",10.3834814388264,0.259195384612894
"orthog_B_2_large_classes_894",0.166245175029948,0.397577532277386,0.190469852256089,0.245707440436577,0.25,0.05,0.25,0.45,0.0837548249700519,0.347577532277386,0.0595301477439105,0.204292559563423,2.51563955809929,1.03617596727366,0.172510466812602,1.82926608340709,2.9,1.22065556157337,-0.633392733179823,1.77906400612585,0.4161,7513,20,"c(0.551, 0.144, 0.052, 0.098, 0.202, 0.467, 0.22, 0.084, 0.16, 0.296, 0.573, 0.182, 0.087, 0.093, 0.155, 0.636)","ph4",1.99609060688313,0.352602767856076
"orthog_B_2_large_classes_895",0.184248039914469,0.0830363506771205,0.359942979330007,0.372772630078403,0.117088607594937,0.360759493670886,0.167721518987342,0.354430379746835,0.0671594323195323,0.277723142993766,0.192221460342665,0.018342250331568,2.92124019957235,1.08931080700138,-0.698908354871969,2.18390591640065,2.75949367088608,1.06099057934254,-0.0978865864665539,1.64307111641726,0.3449,2806,316,"c(0.434, 0.047, 0.012, 0.005, 0.408, 0.574, 0.118, 0.017, 0.096, 0.284, 0.6, 0.159, 0.062, 0.095, 0.27, 0.819)","ry9",8.02924764249014,0.246375289136803
"orthog_B_2_large_classes_896",0.0350623007823819,0.684729064039409,0.0904085772239931,0.189800057954216,0.165594855305466,0.316720257234727,0.262057877813505,0.255627009646302,0.130532554523084,0.368008806804682,0.171649300589512,0.0658269516920861,2.43494639235004,0.833962076838582,1.00679903031858,2.73115697903759,2.60771704180064,1.03963492092621,-0.0476105592091535,1.81154736087428,0.4316,3451,622,"c(0.603, 0.086, 0.026, 0.038, 0.316, 0.62, 0.21, 0.081, 0.049, 0.231, 0.613, 0.255, 0.033, 0.063, 0.151, 0.626)","for1",17.3453944619506,0.244997735950342
"orthog_B_2_large_classes_897",0.21903052064632,0.231597845601436,0.22262118491921,0.326750448833034,0.476823287454517,0.0104413858566682,0.408796076570163,0.103939250118652,0.257792766808197,0.221156459744768,0.186174891650953,0.222811198714382,2.65709156193896,1.14755574162055,-0.173410877027882,1.59180222701561,2.13985128935295,1.132174006664,0.153633912472803,1.38346859871839,0.4468,557,6321,"c(0.512, 0.078, 0.026, 0.01, 0.411, 0.559, 0.161, 0.025, 0.076, 0.294, 0.65, 0.15, 0.001, 0.069, 0.162, 0.814)","ry17",55.5353523216006,0.228189290617501
"orthog_B_2_large_classes_898",0.375,0.325,0.0375,0.2625,0.336713995943205,0.255578093306288,0.0324543610547667,0.37525354969574,0.0382860040567951,0.069421906693712,0.00504563894523326,0.11275354969574,2.1875,1.19471492415555,0.558872184271577,1.76478439175908,2.44624746450304,1.29268935023289,0.172120394975747,1.31546694178835,0.1379,80,2465,"c(0.697, 0.087, 0.01, 0.013, 0.205, 0.629, 0.153, 0.011, 0.068, 0.233, 0.628, 0.151, 0.031, 0.05, 0.209, 0.825)","ry28",3.44903936409921,0.294699389653891
"orthog_B_2_large_classes_899",0.269725797425853,0.0621152770005596,0.121432568550644,0.546726357022943,0.0244140625,0.2939453125,0.5341796875,0.1474609375,0.245311734925853,0.23183003549944,0.412747118949356,0.399265419522943,2.94515948517068,1.29797432241943,-0.638325118516976,1.6163838758134,2.8046875,0.707753860705648,-0.115199532637779,2.72608157728926,0.6661,1787,1024,"c(0.699, 0.083, 0.006, 0.011, 0.198, 0.625, 0.148, 0.014, 0.068, 0.238, 0.637, 0.151, 0.036, 0.053, 0.209, 0.823)","ry28",175.793254356933,0.238628979729862
"orthog_B_2_large_classes_900",0.298496240601504,0.106015037593985,0.414285714285714,0.181203007518797,0.0135135135135135,0.321144674085851,0.488076311605723,0.177265500794913,0.28498272708799,0.215129636491866,0.073790597320009,0.00393750672388443,2.4781954887218,1.09951037263344,-0.20932562713231,1.66492521775617,2.82909379968203,0.723363877745974,0.0562409693693549,2.32517359798066,0.3646,1330,1258,"c(0.507, 0.083, 0.012, 0.007, 0.41, 0.551, 0.168, 0.019, 0.083, 0.307, 0.648, 0.151, 0.001, 0.059, 0.173, 0.822)","ry17",51.1755740635118,0.228457513650879
"orthog_B_2_large_classes_901",0.428778648099797,0.0916739193501596,0.391064693936757,0.0884827386132869,0.211615803170097,0.187012065294535,0.470664774071445,0.130707357463922,0.2171628449297,0.0953381459443756,0.0796000801346889,0.0422246188506355,2.13925152306353,1.07442231446214,0.149318347687042,1.49911845075365,2.52046368582919,0.966554477942306,-0.326663497451181,2.05769011068239,0.2537,3447,8454,"c(0.506, 0.053, 0.006, 0.01, 0.413, 0.599, 0.171, 0.054, 0.041, 0.281, 0.658, 0.231, 0.04, 0.067, 0.165, 0.704)","ry10",123.157382798612,0.221769855820363
"orthog_B_2_large_classes_902",0.13556338028169,0.223591549295775,0.0528169014084507,0.588028169014085,0.193869731800766,0.316475095785441,0.321072796934866,0.168582375478927,0.0583063515190761,0.0928835464896659,0.268255895526415,0.419445793535157,3.09330985915493,1.15981313564777,-0.703419873580966,1.83472868833108,2.46436781609195,0.986729224270433,0.0201447146548176,1.97275397272188,0.5098,568,1305,"c(0.752, 0.105, 0.046, 0.053, 0.177, 0.695, 0.289, 0.107, 0.051, 0.15, 0.553, 0.276, 0.021, 0.049, 0.113, 0.564)","ry22",35.990347743041,0.232800107121216
"orthog_B_2_large_classes_903",0.28988326848249,0.536964980544747,0.0739299610894942,0.0992217898832685,0.355118443316413,0.401015228426396,0.167935702199662,0.0759306260575296,0.0652351748339225,0.135949752118351,0.0940057411101674,0.0232911638257389,1.98249027237354,0.872005618412809,0.931683564039476,3.44731107436173,1.96467851099831,0.908586287680425,0.676986004744446,2.64638352301992,0.1792,514,4728,"c(0.552, 0.067, 0.009, 0.022, 0.295, 0.612, 0.149, 0.065, 0.113, 0.276, 0.687, 0.205, 0.04, 0.045, 0.155, 0.709)","tru1",2.60107546598134,0.222831682637923
"orthog_B_2_large_classes_904",0.187962962962963,0.352777777777778,0.290740740740741,0.168518518518519,0.229376257545272,0.231675768899109,0.0577752227651624,0.481172750790457,0.0414132945823087,0.121102008878669,0.232965517975578,0.312654232271939,2.43981481481481,0.979459394996642,0.106480327190516,2.00810790985144,2.7907444668008,1.25958948538648,-0.290407856369866,1.38183626639861,0.4104,2160,3479,"c(0.417, 0.051, 0.007, 0.018, 0.358, 0.541, 0.125, 0.039, 0.115, 0.287, 0.592, 0.107, 0.111, 0.121, 0.275, 0.836)","ry15",96.5027686166614,0.264906093545807
"orthog_B_2_large_classes_905",0.172839506172839,0.345679012345679,0.0864197530864197,0.395061728395062,0.0228847914214725,0.176409049300379,0.29331764090493,0.507388518373218,0.149954714751367,0.1692699630453,0.20689788781851,0.112326789978157,2.7037037037037,1.15944265499989,-0.0721017837642779,1.47034985422741,3.28520988622989,0.833061854940087,-0.811396420166437,2.57417923578935,0.3264,81,7647,"c(0.646, 0.083, 0.008, 0, 0.144, 0.504, 0.099, 0.02, 0.123, 0.308, 0.576, 0.085, 0.087, 0.105, 0.317, 0.895)","ry2",13.037607936786,0.321414442236323
"orthog_B_2_large_classes_906",0.376095985233041,0.0290724503922473,0.540378403322566,0.0544531610521458,0.283261802575107,0.525751072961373,0.0729613733905579,0.118025751072961,0.0928341826579338,0.496678622569126,0.467417029932008,0.0635725900208156,2.27318874019382,1.0293954269354,-0.26488567145839,1.44575086548959,2.02575107296137,0.909759892773279,0.889736274223701,3.17116964373887,0.6913,2167,466,"c(0.632, 0.147, 0.04, 0.016, 0.254, 0.677, 0.236, 0.057, 0.084, 0.138, 0.602, 0.16, 0.03, 0.037, 0.122, 0.767)","sun3",37.050428431679,0.239015430940192
"orthog_B_2_large_classes_907",0.344701583434836,0.121802679658953,0.438489646772229,0.095006090133983,0.279718583212033,0.214216399805919,0.280931586608443,0.225133430373605,0.0649830002228026,0.0924137201469669,0.157558060163786,0.130127340239622,2.28380024360536,1.04051574350057,-0.0806096089288146,1.60101685283979,2.45147986414362,1.12131611224835,0.00514160961235149,1.62588058809113,0.2335,821,4122,"c(0.596, 0.081, 0.009, 0.019, 0.214, 0.528, 0.122, 0.045, 0.094, 0.296, 0.619, 0.146, 0.096, 0.095, 0.25, 0.79)","ry14",8.03466209977162,0.242309519622174
"orthog_B_2_large_classes_908",0.395773016792125,0.140995946728431,0.17515923566879,0.288071800810654,0.308586762075134,0.201252236135957,0.134168157423971,0.355992844364937,0.0871862547169909,0.0602562894075263,0.0409910782448184,0.0679210435542831,2.35552982049797,1.26365264311052,0.166452576803291,1.36299919838521,2.53756708407871,1.25608436304014,-0.0132492544458979,1.35620347450831,0.1324,3454,1118,"c(0.694, 0.139, 0.076, 0.067, 0.159, 0.455, 0.124, 0.045, 0.099, 0.31, 0.653, 0.09, 0.049, 0.097, 0.147, 0.798)","phq3",8.16846394057302,0.249723362551068
"orthog_B_2_large_classes_909",0.250992626205332,0.202779353374929,0.27906976744186,0.267158252977879,0.40190336749634,0.0600292825768668,0.2867252318204,0.251342118106393,0.150910741291008,0.142750070798062,0.00765546437853976,0.0158161348714853,2.56239364719229,1.13243489488644,-0.121322610355941,1.62185484042521,2.38750610053685,1.24251200951501,0.02222501567576,1.35541166277948,0.2085,3526,4098,"c(0.793, 0.202, 0.075, 0.015, 0.132, 0.628, 0.226, 0.03, 0.04, 0.113, 0.509, 0.112, 0.035, 0.057, 0.19, 0.842)","ry25",42.1435769519938,0.258558368178405
"orthog_B_2_large_classes_910",0.704750450992183,0.275405892964522,0.0171377029464823,0.00270595309681299,0.336672559418582,0.201335690434099,0.334315458652524,0.127676291494795,0.368077891573601,0.0740702025304226,0.317177755706042,0.124970338397982,1.31779915814793,0.517024155820826,1.43707708050477,4.81585938703293,2.25299548222353,1.05720691920965,0.13079515548017,1.70031480233657,0.5071,3326,5091,"c(0.516, 0.082, 0.023, 0, 0.407, 0.56, 0.151, 0.023, 0.076, 0.299, 0.653, 0.15, 0.002, 0.059, 0.173, 0.827)","ry17",559.218569667755,0.261319213046685
"orthog_B_2_large_classes_911",0.110191801429109,0.366303121474238,0.399398270026326,0.124106807070327,0.40703640361593,0.268507207427315,0.130710969948693,0.193745419008063,0.296844602186821,0.0977959140469235,0.268687300077633,0.0696386119377354,2.53742008273787,0.846874816254895,-0.0485120692332121,2.39588683871195,2.11116540434889,1.14033824037994,0.565524387625702,1.87361139862736,0.418,2659,4093,"c(0.609, 0.097, 0.032, 0.013, 0.293, 0.654, 0.193, 0.03, 0.097, 0.199, 0.595, 0.165, 0.001, 0.05, 0.179, 0.792)","ry18",134.214870215592,0.217987252870215
"orthog_B_2_large_classes_912",0.309865538600997,0.302764768091857,0.0129928992294909,0.374376794077655,0.229206819866568,0.390214974054855,0.224017790956264,0.156560415122313,0.0806587187344293,0.0874502059629987,0.211024891726773,0.217816378955342,2.4518809487838,1.27128644383056,0.201945963867391,1.35570897014952,2.30793180133432,0.992292435242294,0.315730133456126,2.07218536716816,0.3258,6619,6745,"c(0.61, 0.078, 0.007, 0.019, 0.251, 0.718, 0.221, 0.045, 0.079, 0.161, 0.597, 0.225, 0.06, 0.043, 0.176, 0.711)","ry20",152.749738884772,0.254480509115711
"orthog_B_2_large_classes_913",0.412944393801276,0.298085688240656,0.146763901549681,0.142206016408387,0.0462313759859772,0.391323400525855,0.425942156003506,0.136503067484663,0.366713017815299,0.0932377122851982,0.279178254453825,0.00570294892372394,2.01823154056518,1.06216758184061,0.675732130253025,2.17915261761223,2.65271691498685,0.769510513780142,0.0749243376475643,2.48664651087948,0.4703,1097,4564,"c(0.353, 0.092, 0.027, 0.011, 0.301, 0.477, 0.046, 0.012, 0.101, 0.227, 0.583, 0.029, 0.245, 0.204, 0.343, 0.948)","sun12",63.4290377974162,0.20357492485487
"orthog_B_2_large_classes_914",0.18625,0.13375,0.30125,0.37875,0.138396772496053,0.431854060691107,0.110682336432205,0.319066830380635,0.0478532275039467,0.298104060691107,0.190567663567795,0.059683169619365,2.8725,1.1141111928349,-0.555470915119266,1.93382072566014,2.61041922469742,1.07365487963805,0.150622599376967,1.64284311625502,0.362,800,5701,"c(0.649, 0.082, 0.014, 0, 0.144, 0.516, 0.103, 0.021, 0.127, 0.314, 0.577, 0.083, 0.08, 0.088, 0.306, 0.895)","ry2",29.8937143282387,0.199833859602808
"orthog_B_2_large_classes_915",0.0592705167173252,0.0592705167173252,0.340425531914894,0.541033434650456,0.157894736842105,0.350877192982456,0.403508771929825,0.087719298245614,0.09862422012478,0.291606676265131,0.0630832400149309,0.453314136404842,3.36322188449848,0.839914210415835,-1.36540347875553,4.3166007695665,2.42105263157895,0.857318717394429,-0.0883844051564983,2.30547208403828,0.5516,658,57,"c(0.465, 0.092, 0.023, 0.001, 0.338, 0.506, 0.146, 0.01, 0.14, 0.269, 0.507, 0.131, 0.058, 0.134, 0.323, 0.859)","ry8",13.6613200626629,0.264002688836246
"orthog_B_2_large_classes_916",0.405825242718447,0.32621359223301,0.102912621359223,0.16504854368932,0.0190249702734839,0.228299643281807,0.211652794292509,0.5410225921522,0.386800272444963,0.0979139489512023,0.108740172933286,0.375974048462879,2.02718446601942,1.0808297940204,0.730375805357615,2.23061009163308,3.27467300832342,0.877483250567498,-0.732155962322981,2.13029977507647,0.5589,515,841,"c(0.638, 0.144, 0.034, 0.025, 0.255, 0.678, 0.243, 0.055, 0.077, 0.129, 0.606, 0.162, 0.03, 0.049, 0.117, 0.758)","sun3",127.012468570866,0.243358028722052
"orthog_B_2_large_classes_917",0.44478527607362,0.1359918200409,0.37321063394683,0.0460122699386503,0.102739726027397,0.178082191780822,0.438356164383562,0.280821917808219,0.342045550046222,0.0420903717399221,0.0651455304367314,0.234809647869569,2.02044989775051,1.00081306519102,0.234493029323643,1.52747670858858,2.8972602739726,0.926988437033842,-0.568989023285396,2.52155971755794,0.4221,978,146,"c(0.457, 0.056, 0.032, 0.043, 0.373, 0.667, 0.219, 0.053, 0.092, 0.199, 0.589, 0.137, 0.078, 0.078, 0.16, 0.767)","ry12",15.2691628243193,0.214463378737637
"orthog_B_2_large_classes_918",0.229654403567447,0.324972129319955,0.256410256410256,0.188963210702341,0.355660625164171,0.493301812450749,0.0388757551878119,0.112161807197268,0.126006221596724,0.168329683130793,0.217534501222444,0.076801403505073,2.40468227424749,1.03833990566526,0.145837783802915,1.8573359332602,1.90753874441818,0.913583343410599,1.06597426087586,3.51249403861708,0.3121,3588,3807,"c(0.67, 0.125, 0.052, 0.053, 0.164, 0.531, 0.098, 0.041, 0.105, 0.271, 0.639, 0.082, 0.062, 0.072, 0.21, 0.823)","ph1",95.6671726429411,0.234825066884853
"orthog_B_2_large_classes_919",0.0343642611683849,0.247422680412371,0.360824742268041,0.357388316151203,0.334308399498537,0.374425407438362,0.0430422064354367,0.248223986627664,0.299944138330153,0.127002727025991,0.317782535832605,0.109164329523539,3.04123711340206,0.86056234040038,-0.402688456664203,2.16871715343621,2.20518178019223,1.15245259751617,0.567318660179931,1.87020554896199,0.468,582,2393,"c(0.612, 0.085, 0.027, 0.042, 0.311, 0.625, 0.215, 0.073, 0.046, 0.232, 0.606, 0.264, 0.032, 0.058, 0.152, 0.622)","for1",80.8047367754233,0.222432239830518
"orthog_B_2_large_classes_920",0.318083218300138,0.0126207848550582,0.470913034904358,0.198382961940446,0.195219123505976,0.219123505976096,0.0127490039840637,0.572908366533865,0.122864094794162,0.206502721121037,0.458164030920294,0.374525404593419,2.54959574048511,1.13157970245445,-0.370847342830278,1.66657090246792,2.96334661354582,1.25362071448876,-0.525397202426108,1.51877975725377,0.6387,5071,1255,"c(0.634, 0.131, 0.043, 0.045, 0.199, 0.473, 0.151, 0.035, 0.087, 0.305, 0.602, 0.101, 0.081, 0.09, 0.204, 0.819)","ph3",118.370043080095,0.261618113717922
"orthog_B_2_large_classes_921",0.074235807860262,0.336244541484716,0.26783114992722,0.321688500727802,0.268571428571429,0.245714285714286,0.219428571428571,0.266285714285714,0.194335620711167,0.0905302557704304,0.0484025784986484,0.0554027864420877,2.83697234352256,0.963482359401064,-0.167816248381955,1.85565441174641,2.48342857142857,1.14866865260152,0.0360250646233969,1.57286328428328,0.2267,687,875,"c(0.347, 0.096, 0.031, 0.016, 0.314, 0.472, 0.046, 0.013, 0.104, 0.228, 0.585, 0.042, 0.235, 0.205, 0.338, 0.93)","sun12",6.2092636600654,0.19009292834689
"orthog_B_2_large_classes_922",0.449067431850789,0.239598278335725,0.262553802008608,0.0487804878048781,0.334319526627219,0.00739644970414201,0.266272189349112,0.392011834319527,0.11474790522357,0.232201828631583,0.00371838734050411,0.343231346514649,1.91104734576758,0.948066775276888,0.521379419950937,1.98968396646581,2.71597633136095,1.28686321968784,-0.401669516505083,1.44690964183772,0.43,697,5408,"c(0.559, 0.123, 0.053, 0.131, 0.305, 0.497, 0.227, 0.098, 0.101, 0.325, 0.602, 0.252, 0.035, 0.055, 0.117, 0.519)","cop2",48.5106633694559,0.214278167839621
"orthog_B_2_large_classes_923",0.057,0.487,0.078,0.378,0.171161825726141,0.128630705394191,0.561721991701245,0.138485477178423,0.114161825726141,0.358369294605809,0.483721991701245,0.239514522821577,2.777,1.02140638337539,0.135170205906071,1.46242450645911,2.66753112033195,0.91718478483316,-0.626837791105331,2.53282131176659,0.6579,1000,1928,"c(0.612, 0.101, 0.009, 0.011, 0.184, 0.64, 0.172, 0.049, 0.149, 0.193, 0.611, 0.175, 0.055, 0.066, 0.207, 0.765)","sun4",47.5345596042548,0.242380898510558
"orthog_B_2_large_classes_924",0.183066361556064,0.221967963386728,0.25629290617849,0.338672768878719,0.0732600732600733,0.340659340659341,0.26007326007326,0.326007326007326,0.109806288295991,0.118691377272613,0.00378035389477038,0.0126654428713925,2.75057208237986,1.10936553597152,-0.301329543014966,1.72716749030079,2.83882783882784,0.96629731147823,-0.16078694496809,1.83413655632199,0.1622,437,546,"c(0.608, 0.084, 0.029, 0.042, 0.314, 0.624, 0.205, 0.077, 0.044, 0.229, 0.614, 0.256, 0.034, 0.063, 0.152, 0.624)","for1",3.76200059312261,0.262054633484958
"orthog_B_2_large_classes_925",0.213178294573643,0.387596899224806,0.282945736434109,0.116279069767442,0.284528301886792,0.378867924528302,0.0382389937106918,0.298364779874214,0.0713500073131491,0.00872897469650435,0.244706742723417,0.182085710106772,2.30232558139535,0.932651892675656,0.22612175058698,2.17992021262316,2.35044025157233,1.18043129625246,0.384636091121486,1.63160130494001,0.3134,258,3975,"c(0.664, 0.081, 0.018, 0.007, 0.264, 0.711, 0.192, 0.04, 0.028, 0.155, 0.65, 0.152, 0.044, 0.054, 0.139, 0.801)","sun1",14.4527975220675,0.252624919166042
"orthog_B_2_large_classes_926",0.410071942446043,0.370803357314149,0.0563549160671463,0.162769784172662,0.280032599837001,0.192665036674817,0.289649551752241,0.237652811735941,0.130039342609042,0.178138320639332,0.233294635685095,0.0748830275632795,1.97182254196643,1.05674596098713,0.883720698594718,2.55240335943406,2.48492257538712,1.13364169578087,-0.0499524453143035,1.60135321755581,0.3297,3336,6135,"c(0.836, 0.088, 0.031, 0.014, 0.073, 0.622, 0.076, 0.017, 0.056, 0.206, 0.722, 0.086, 0.035, 0.085, 0.171, 0.883)","cyb1",252.511964482238,0.242381715176446
"orthog_B_2_large_classes_927",0.332673267326733,0.405940594059406,0.261386138613861,0,0.157894736842105,0.447368421052632,0.105263157894737,0.289473684210526,0.174778530484627,0.0414278269932256,0.156122980719125,0.289473684210526,1.92871287128713,0.767448728724251,0.121755467240585,1.70590181635684,2.52631578947368,1.06960007541587,0.254135758879862,1.72813934536756,0.3747,505,38,"c(0.606, 0.081, 0.019, 0.037, 0.307, 0.624, 0.214, 0.078, 0.056, 0.233, 0.616, 0.253, 0.031, 0.062, 0.152, 0.632)","for1",3.69324454774716,0.252186844304422
"orthog_B_2_large_classes_928",0.143709927039575,0.337828874640725,0.355958434667256,0.162502763652443,0.270574971815107,0.114994363021421,0.216459977452086,0.397970687711387,0.126865044775532,0.222834511619305,0.139498457215171,0.235467924058944,2.53725403493257,0.927921073295181,-0.0382878759832001,2.14591443016769,2.74182638105975,1.23637021982759,-0.360052525419998,1.50800143084613,0.375,4523,2661,"c(0.492, 0.033, 0.011, 0.012, 0.292, 0.573, 0.109, 0.028, 0.108, 0.257, 0.653, 0.199, 0.108, 0.137, 0.227, 0.761)","sun5",80.7957473037386,0.218444946584342
"orthog_B_2_large_classes_929",0.263269639065817,0.24416135881104,0.369426751592357,0.123142250530786,0.365068942875903,0.183847669074196,0.0833880499015102,0.367695338148391,0.101799303810085,0.0603136897368447,0.286038701690846,0.244553087617606,2.35244161358811,1.000525013077,-0.0109016217689952,1.85296824832357,2.45370978332239,1.30896362741236,0.10448949220531,1.27659213203403,0.3945,471,1523,"c(0.554, 0.143, 0.051, 0.099, 0.207, 0.466, 0.223, 0.074, 0.151, 0.297, 0.579, 0.185, 0.088, 0.093, 0.147, 0.643)","ph4",16.827087561783,0.248866626381237
"orthog_B_2_large_classes_930",0.362637362637363,0.07997557997558,0.384615384615385,0.172771672771673,0.107002360346184,0.0967741935483871,0.374508261211644,0.421715184893784,0.255635002291179,0.0167986135728071,0.0101071234037403,0.248943512122112,2.36752136752137,1.14160741183415,-0.0554007731384915,1.50621744118683,3.11093627065303,0.966536064345509,-0.934015124737203,2.90544749327973,0.3574,1638,1271,"c(0.619, 0.071, 0.016, 0.015, 0.265, 0.728, 0.237, 0.035, 0.061, 0.165, 0.584, 0.225, 0.055, 0.036, 0.163, 0.725)","ry20",106.810928756372,0.224877545584103
"orthog_B_2_large_classes_931",0.163072378138848,0.34357459379616,0.465288035450517,0.0280649926144756,0.238095238095238,0.130952380952381,0.260869565217391,0.37008281573499,0.0750228599563902,0.212622212843779,0.204418470233126,0.342017823120514,2.35834564254062,0.782437719259122,-0.370399880826397,2.25065221911893,2.76293995859213,1.18204005255153,-0.398793727819141,1.64517092950386,0.4578,3385,1932,"c(0.627, 0.092, 0.032, 0.036, 0.231, 0.592, 0.133, 0.029, 0.092, 0.27, 0.686, 0.219, 0.049, 0.047, 0.149, 0.716)","cop4",146.436215415931,0.259042169560191
"orthog_B_2_large_classes_932",0.11101163831692,0.175470008952551,0.314234556848702,0.399283795881826,0.270029673590504,0.0949554896142433,0.218100890207715,0.416913946587537,0.159018035273584,0.0805145193383081,0.0961336666409867,0.0176301507057108,3.00179051029543,1.00935481976109,-0.651301866346595,2.26959157312545,2.78189910979228,1.24274701055943,-0.425871975647045,1.54123319473719,0.2033,1117,674,"c(0.845, 0.129, 0.036, 0.032, 0.108, 0.698, 0.167, 0.059, 0.036, 0.154, 0.64, 0.129, 0.011, 0.018, 0.158, 0.78)","ry16",26.632539053253,0.27094910595553
"orthog_B_2_large_classes_933",0.105168539325843,0.324719101123596,0.287865168539326,0.282247191011236,0.281472684085511,0.282462391132225,0.308788598574822,0.127276326207443,0.176304144759668,0.0422567099913707,0.020923430035496,0.154970864803793,2.74719101123596,0.98169652369676,-0.144537480666391,1.91406704845695,2.2818685669042,1.00990925259722,0.156001055160699,1.87747765451396,0.2394,4450,5052,"c(0.507, 0.129, 0.055, 0.022, 0.34, 0.54, 0.181, 0.045, 0.05, 0.253, 0.528, 0.189, 0.103, 0.079, 0.237, 0.744)","ry4",80.1896458286607,0.240727849867727
"orthog_B_2_large_classes_934",0.290969899665552,0.173913043478261,0.22742474916388,0.307692307692308,0.0839009287925697,0.418730650154799,0.410216718266254,0.0871517027863777,0.207068970872982,0.244817606676538,0.182791969102374,0.22054060490593,2.55183946488294,1.2019305656303,-0.0931146006041831,1.46912837251377,2.50061919504644,0.769483514934134,0.0193304354794397,2.61771506281396,0.43,299,6460,"c(0.631, 0.052, 0.018, 0.027, 0.292, 0.732, 0.18, 0.048, 0.056, 0.179, 0.666, 0.169, 0.021, 0.037, 0.137, 0.757)","ry31",37.2164780675406,0.280233280517536
"orthog_B_2_large_classes_935",0.227930535455861,0.377713458755427,0.123733719247467,0.270622286541245,0.395833333333333,0.319444444444444,0.215277777777778,0.0694444444444444,0.167902797877472,0.0582690143109825,0.0915440585303103,0.2011778420968,2.4370477568741,1.11496307520905,0.250611797909107,1.69092265128364,1.95833333333333,0.941887879621443,0.581578910187709,2.27939154644782,0.2836,5528,288,"c(0.6, 0.101, 0.006, 0.003, 0.197, 0.649, 0.169, 0.047, 0.15, 0.184, 0.61, 0.187, 0.054, 0.066, 0.215, 0.763)","sun4",16.188450094257,0.247944403543699
"orthog_B_2_large_classes_936",0.15098104423013,0.214665779847024,0.249251745926172,0.385101429996674,0.140674729471674,0.562380649267982,0.12062380649268,0.176320814767664,0.0103063147584556,0.347714869420959,0.128627939433492,0.208780615229011,2.86847356168939,1.08921631588475,-0.438782722710033,1.84274677491488,2.33259070655633,0.925183882775402,0.630952653042519,2.50772772918361,0.4256,6014,3142,"c(0.549, 0.137, 0.051, 0.097, 0.193, 0.475, 0.21, 0.085, 0.164, 0.294, 0.58, 0.183, 0.093, 0.095, 0.159, 0.636)","ph4",79.938440577967,0.246280644521587
"orthog_B_2_large_classes_937",0.224137931034483,0.172413793103448,0.295977011494253,0.307471264367816,0.196629213483146,0.193352059925094,0.293539325842697,0.316479400749064,0.0275087175513367,0.0209382668216453,0.00243768565155622,0.00900813638124759,2.6867816091954,1.13063301794657,-0.294831685116435,1.69516114712836,2.72986891385768,1.10606397233899,-0.324267859301103,1.76449706589688,0.0358,1044,2136,"c(0.695, 0.131, 0.071, 0.085, 0.164, 0.459, 0.135, 0.044, 0.096, 0.316, 0.647, 0.092, 0.045, 0.094, 0.146, 0.78)","phq3",1.63677661156644,0.35605974519877
"orthog_B_2_large_classes_938",0.309722222222222,0.284027777777778,0.185416666666667,0.220833333333333,0.276923076923077,0.230769230769231,0.276923076923077,0.215384615384615,0.0327991452991453,0.053258547008547,0.0915064102564103,0.00544871794871793,2.31736111111111,1.1303778781348,0.272697089120104,1.68203015382771,2.43076923076923,1.10897361790401,0.0394719189400229,1.65528422111875,0.111,1440,65,"c(0.361, 0.085, 0.035, 0.012, 0.309, 0.473, 0.03, 0.013, 0.089, 0.23, 0.586, 0.04, 0.241, 0.212, 0.348, 0.935)","sun12",1.44355094574481,0.249923781787295
"orthog_B_2_large_classes_939",0.24634488283597,0.244342078910475,0.242940116162628,0.266372922090927,0.127808988764045,0.023876404494382,0.39747191011236,0.450842696629214,0.118535894071925,0.220465674416093,0.154531793949732,0.184469774538286,2.52934107750851,1.1289706422332,-0.0311323029997345,1.61569501287444,3.17134831460674,0.978056650333305,-1.16744826825542,3.38652493675344,0.3472,4993,712,"c(0.381, 0.058, 0.019, 0.03, 0.289, 0.606, 0.163, 0.034, 0.183, 0.253, 0.617, 0.177, 0.147, 0.083, 0.201, 0.758)","ry29",44.4967803266458,0.23314091584406
"orthog_B_2_large_classes_940",0.327463218903255,0.299375835934017,0.321890325456977,0.0512706197057512,0.1086160216595,0.147794234750756,0.160535117056856,0.583054626532887,0.218847197243755,0.15158160118326,0.161355208400121,0.531784006827136,2.09696834596523,0.919256853694333,0.203212366910967,1.90551560787633,3.21802834846313,1.05724953875047,-0.994401801898072,2.53917062985604,0.6162,4486,6279,"c(0.458, 0.078, 0.031, 0.035, 0.28, 0.473, 0.134, 0.06, 0.192, 0.354, 0.693, 0.205, 0.07, 0.096, 0.142, 0.7)","cop3",571.871190794898,0.244864810484843
"orthog_B_2_large_classes_941",0.291554599246907,0.208714362560516,0.34965034965035,0.150080688542227,0.032258064516129,0.29312762973352,0.0855539971949509,0.5890603085554,0.259296534730778,0.084413267173004,0.264096352455399,0.438979620013173,2.3582571274879,1.05507323616434,0.013917668541173,1.73128242323821,3.23141654978962,0.978604402624934,-0.682245618154316,1.83136021026636,0.5804,1859,713,"c(0.635, 0.132, 0.042, 0.051, 0.196, 0.462, 0.152, 0.032, 0.086, 0.306, 0.603, 0.1, 0.082, 0.1, 0.203, 0.817)","ph3",98.3198573035936,0.260623166248968
"orthog_B_2_large_classes_942",0.563706563706564,0.0115830115830116,0.212355212355212,0.212355212355212,0.275918367346939,0.301224489795918,0.296326530612245,0.126530612244898,0.287788196359625,0.289641478212907,0.0839713182570326,0.0858246001103144,2.07335907335907,1.27283191028451,0.480355158112961,1.45948159338775,2.2734693877551,1.00178931961747,0.187844632316508,1.92045539290382,0.4256,259,1225,"c(0.598, 0.078, 0.002, 0.01, 0.263, 0.709, 0.229, 0.04, 0.076, 0.167, 0.597, 0.228, 0.063, 0.046, 0.172, 0.722)","ry20",15.6804268131404,0.238997896121798
"orthog_B_2_large_classes_943",0.323529411764706,0.3,0.0588235294117647,0.317647058823529,0.278072124423176,0.101521107502991,0.522645701589472,0.0977610664843616,0.0454572873415304,0.198478892497009,0.463822172177707,0.219885992339168,2.37058823529412,1.23109932025494,0.28972087854014,1.47825306006635,2.44009571013502,0.999038466662244,-0.377414485741529,1.83704428350656,0.5522,340,5851,"c(0.429, 0.049, 0.009, 0.011, 0.417, 0.577, 0.113, 0.017, 0.099, 0.275, 0.611, 0.157, 0.055, 0.1, 0.267, 0.815)","ry9",19.0458565392594,0.259664459237589
"orthog_B_2_large_classes_944",0.419294990723562,0.276437847866419,0.0204081632653061,0.283858998144712,0.0568181818181818,0.318181818181818,0.193181818181818,0.431818181818182,0.36247680890538,0.0417439703153989,0.172773654916512,0.147959183673469,2.16883116883117,1.24363788258432,0.563471787963,1.66557871490768,3,0.988571053224161,-0.352870143389911,1.73715521903732,0.43,539,88,"c(0.575, 0.098, 0.028, 0.016, 0.309, 0.653, 0.194, 0.038, 0.032, 0.201, 0.635, 0.195, 0.084, 0.048, 0.142, 0.751)","ry30",13.2101946407432,0.193009032778289
"orthog_B_2_large_classes_945",0.0437693099897013,0.0916580844490216,0.386714727085479,0.477857878475798,0.193946567467027,0.0393980385525871,0.407169428474806,0.35948596550558,0.150177257477326,0.0522600458964345,0.0204547013893266,0.118371912970218,3.29866117404737,0.809564516268018,-1.08902142940838,3.72814115544647,2.93219479201894,1.08169900050657,-0.784694705269379,2.33761937350239,0.1993,1942,5914,"c(0.575, 0.095, 0.026, 0.028, 0.313, 0.648, 0.19, 0.033, 0.035, 0.202, 0.644, 0.187, 0.077, 0.055, 0.141, 0.753)","ry30",53.2343004022823,0.230910244247034
"orthog_B_2_large_classes_946",0.0025538124771981,0.378329076979205,0.429040496169281,0.190076614374316,0.283192940232651,0.1323706377858,0.284596871239471,0.299839550742078,0.280639127755453,0.245958439193404,0.144443624929811,0.109762936367762,2.80663991244072,0.735685270887884,0.282549921474427,1.95768531219425,2.60108303249097,1.1856842760583,-0.211258064377,1.53498465315307,0.4149,2741,4986,"c(0.612, 0.086, 0.012, 0.018, 0.291, 0.584, 0.174, 0.042, 0.059, 0.217, 0.558, 0.115, 0.038, 0.112, 0.256, 0.825)","ry27",190.299815258308,0.230080009239951
"orthog_B_2_large_classes_947",0.317961165048544,0.0439927184466019,0.546268203883495,0.0917779126213592,0.135632183908046,0.282758620689655,0.216091954022989,0.36551724137931,0.182328981140498,0.238765902243053,0.330176249860507,0.273739328757951,2.41186286407767,1.03039312915567,-0.383162072867417,1.69785659158261,2.81149425287356,1.07483495523799,-0.275644982175048,1.73284009138856,0.5236,6592,435,"c(0.549, 0.115, 0.025, 0.027, 0.351, 0.671, 0.337, 0.077, 0.063, 0.166, 0.489, 0.277, 0.037, 0.049, 0.149, 0.619)","for2",19.6175564640461,0.251920361918872
"orthog_B_2_large_classes_948",0.206798866855524,0.327195467422096,0.248347497639282,0.217658168083097,0.012588512981904,0.154209284028324,0.395751376868607,0.437450826121164,0.19421035387362,0.172986183393772,0.147403879229325,0.219792658038067,2.47686496694995,1.04803570555731,0.0895109183584324,1.81592122524047,3.25806451612903,0.758562368953399,-0.641795356121916,2.56078476574153,0.3711,2118,2542,"c(0.778, 0.088, 0.024, 0.02, 0.19, 0.694, 0.154, 0.028, 0.028, 0.166, 0.686, 0.115, 0.004, 0.052, 0.137, 0.836)","ry19",319.539172658212,0.24589672922933
"orthog_B_2_large_classes_949",0.310883243999068,0.365415986949429,0.29410393847588,0.0295968305756234,0.126364335126826,0.134204458109147,0.433358954650269,0.306072252113759,0.184518908872242,0.231211528840282,0.139255016174389,0.276475421538135,2.04241435562806,0.849456018410664,0.208996245352712,2.01472799723756,2.91913912375096,0.969121029295333,-0.670939965350554,2.5254790172583,0.4282,4291,6505,"c(0.447, 0.053, 0.011, 0.03, 0.313, 0.614, 0.191, 0.069, 0.146, 0.267, 0.605, 0.213, 0.094, 0.065, 0.192, 0.688)","ry26",300.086237194615,0.238225923400715
"orthog_B_2_large_classes_950",0.297389816003423,0.213093709884467,0.159606332905434,0.329910141206675,0.28,0.48,0.08,0.16,0.0173898160034232,0.266906290115533,0.0796063329054343,0.169910141206675,2.52203679931536,1.22642337465336,0.00196341781137303,1.41193178300986,2.12,0.992773891679269,0.739368732576534,2.5605920053972,0.3267,2337,25,"c(0.769, 0.087, 0.017, 0.017, 0.193, 0.691, 0.146, 0.007, 0.034, 0.155, 0.695, 0.118, 0.004, 0.067, 0.142, 0.858)","ry19",3.76017691815191,0.272122545338539
"orthog_B_2_large_classes_951",0.204139900071378,0.0742326909350464,0.345467523197716,0.37615988579586,0.63649494463168,0.0324185523992939,0.175413256299149,0.155673246669876,0.432355044560303,0.0418141385357525,0.170054266898566,0.220486639125984,2.89364739471806,1.12055401492572,-0.660524315676297,2.05242564245626,1.85026480500722,1.18835203495884,0.84736518663219,1.98766657282855,0.516,1401,6231,"c(0.557, 0.121, 0.045, 0.124, 0.299, 0.491, 0.232, 0.104, 0.099, 0.331, 0.605, 0.256, 0.045, 0.057, 0.117, 0.516)","cop2",129.060861205917,0.22855138070061
"orthog_B_2_large_classes_952",0.590909090909091,0.213636363636364,0.0409090909090909,0.154545454545455,0.314002828854314,0.192968276419479,0.167306526571024,0.325722368155183,0.276906262054777,0.0206680872168849,0.126397435661934,0.171176913609728,1.75909090909091,1.09177049324359,1.20014566719252,2.94988537165771,2.50474843402708,1.23670038667144,0.00769700693793462,1.3939436120735,0.3498,220,4949,"c(0.604, 0.083, 0.009, 0.015, 0.285, 0.59, 0.165, 0.037, 0.074, 0.218, 0.563, 0.122, 0.037, 0.109, 0.263, 0.827)","ry27",32.211959467701,0.262338213395892
"orthog_B_2_large_classes_953",0.391262602016323,0.42150744119059,0.0057609217474796,0.181469035045607,0.354296388542964,0.130759651307597,0.0473225404732254,0.467621419676214,0.0369662134733588,0.290747789882994,0.0415616187257458,0.286152384630607,1.97743638982237,1.05942934990587,0.960595316896286,2.69907745825129,2.62826899128269,1.37017615010395,-0.13703372295647,1.18237144341858,0.4117,2083,1606,"c(0.449, 0.051, 0.016, 0.018, 0.326, 0.606, 0.189, 0.077, 0.134, 0.265, 0.601, 0.208, 0.091, 0.078, 0.194, 0.696)","ry26",77.9234572578039,0.254980823293236
"orthog_B_2_large_classes_954",0.248854961832061,0.0743002544529262,0.390330788804071,0.286513994910941,0.349375289217955,0.209625173530773,0.0837575196668209,0.357242017584452,0.100520327385894,0.135324919077847,0.30657326913725,0.0707280226735101,2.71450381679389,1.12903765484897,-0.461062504980907,1.81833671269762,2.44886626561777,1.28865043934068,0.124157328812483,1.31411159061229,0.3569,1965,2161,"c(0.858, 0.123, 0.036, 0.046, 0.106, 0.714, 0.172, 0.053, 0.029, 0.148, 0.646, 0.115, 0.008, 0.015, 0.146, 0.786)","ry16",88.4323530340691,0.254258857845104
"orthog_B_2_large_classes_955",0.358359133126935,0.0642414860681115,0.227554179566563,0.34984520123839,0.215031315240084,0.0663883089770355,0.353653444676409,0.364926931106472,0.143327817886851,0.00214682290892403,0.126099265109846,0.0150817298680818,2.56888544891641,1.28905526012589,-0.164353197831731,1.32308056901755,2.86847599164927,1.12877895810969,-0.637380249619673,2.0062377677635,0.1915,1292,2395,"c(0.636, 0.149, 0.032, 0.029, 0.247, 0.682, 0.244, 0.051, 0.081, 0.139, 0.596, 0.152, 0.036, 0.03, 0.128, 0.769)","sun3",22.8393627052166,0.245402644347896
"orthog_B_2_large_classes_956",0.370767252464638,0.0815830832976139,0.220317188169739,0.32733247606801,0.155900305188199,0.28382502543235,0.319175991861648,0.241098677517803,0.214866947276438,0.202241942134736,0.0988588036919095,0.086233798550207,2.50421488784112,1.28303612255688,-0.0710503027094874,1.31198001379443,2.64547304170905,1.0113533307148,-0.152255269820471,1.92012565920994,0.3229,6999,3932,"c(0.563, 0.074, 0.009, 0.013, 0.282, 0.588, 0.148, 0.024, 0.06, 0.268, 0.558, 0.19, 0.095, 0.07, 0.285, 0.772)","ry3",106.569282848888,0.191143869888415
"orthog_B_2_large_classes_957",0.300333333333333,0.224833333333333,0.323333333333333,0.1515,0.321539032537424,0.110602499072127,0.287393294568848,0.280465173821601,0.0212056992040909,0.114230834261207,0.0359400387644851,0.128965173821601,2.326,1.05990125326215,0.0853946323353788,1.73330888091383,2.52678460967463,1.20552519567308,-0.133176337842279,1.46362808372159,0.1773,6000,8083,"c(0.654, 0.081, 0.003, 0.005, 0.275, 0.723, 0.188, 0.032, 0.024, 0.154, 0.665, 0.148, 0.046, 0.042, 0.144, 0.814)","sun1",107.662144588788,0.249965831845434
"orthog_B_2_large_classes_958",0.0256410256410256,0.179487179487179,0.538461538461538,0.256410256410256,0.00233463035019455,0.540077821011673,0.332295719844358,0.125291828793774,0.0233063952908311,0.360590641524494,0.20616581861718,0.131118427616482,3.02564102564103,0.733351263901287,-0.42999957388919,2.97830895319851,2.58054474708171,0.706233291487651,0.760739285435906,2.3911643077266,0.4362,39,1285,"c(0.821, 0.076, 0.04, 0.023, 0.072, 0.632, 0.067, 0.019, 0.063, 0.215, 0.731, 0.08, 0.044, 0.078, 0.162, 0.877)","cyb1",4.22403565230595,0.150964935136787
"orthog_B_2_large_classes_959",0.42837653478854,0.133697135061392,0.0354706684856753,0.402455661664393,0.318990042674253,0.0729018492176387,0.223328591749644,0.384779516358464,0.109386492114287,0.0607952858437529,0.187857923263969,0.0176761453059291,2.41200545702592,1.37982656638892,0.153601703812111,1.17800778845166,2.67389758179232,1.27565620333702,-0.295473587583114,1.40169264013148,0.2264,733,2812,"c(0.836, 0.081, 0.026, 0.03, 0.068, 0.634, 0.074, 0.029, 0.063, 0.207, 0.726, 0.078, 0.033, 0.078, 0.174, 0.863)","cyb1",34.0993781008474,0.259762228192423
"orthog_B_2_large_classes_960",0.247527632344386,0.173211169284468,0.284613147178592,0.294648051192554,0.0789473684210526,0.357894736842105,0.0705263157894737,0.492631578947368,0.168580263923334,0.184683567557638,0.214086831389119,0.197983527754815,2.62638161721931,1.14820688636801,-0.21728410659919,1.61844382536139,2.97684210526316,1.07971269390752,-0.330369747278789,1.52417158671931,0.3841,6876,1900,"c(0.385, 0.055, 0.023, 0.024, 0.274, 0.603, 0.162, 0.034, 0.182, 0.264, 0.621, 0.182, 0.158, 0.078, 0.194, 0.761)","ry29",40.7607086090822,0.215408732180545
"orthog_B_2_large_classes_961",0.111624834874505,0.469616908850727,0.0845442536327609,0.334214002642008,0.195892575039494,0.0179041600842549,0.525539757767246,0.260663507109005,0.0842677401649898,0.451712748766472,0.440995504134485,0.0735504955330031,2.64134742404227,1.05910272436135,0.189085758573488,1.61326849340137,2.85097419694576,1.01976922750948,-0.807310218141194,2.5552970663961,0.6411,1514,1899,"c(0.506, 0.078, 0.023, 0.006, 0.406, 0.565, 0.164, 0.025, 0.081, 0.297, 0.647, 0.153, 0.006, 0.061, 0.166, 0.816)","ry17",40.0416324377763,0.250416755946228
"orthog_B_2_large_classes_962",0.172619047619048,0.220238095238095,0.44047619047619,0.166666666666667,0.24306535025858,0.36436295251528,0.129055007052186,0.263516690173954,0.0704463026395326,0.144124857277184,0.311421183424004,0.0968500235072872,2.60119047619048,0.958296361309889,-0.309505036456684,2.14938823388301,2.41302303714151,1.12053517963381,0.26148348436287,1.69128122861524,0.3635,168,4254,"c(0.629, 0.047, 0.017, 0.025, 0.284, 0.731, 0.174, 0.039, 0.06, 0.181, 0.665, 0.164, 0.026, 0.041, 0.145, 0.772)","ry31",8.62003397828271,0.252374417879079
"orthog_B_2_large_classes_963",0.317902692489372,0.375531412376004,0.156589513462447,0.149976381672178,0.133333333333333,0.333333333333333,0.466666666666667,0.0666666666666667,0.184569359156038,0.0421980790426705,0.31007715320422,0.0833097150055109,2.13863958431743,1.02721798966958,0.550758513030524,2.17442794975096,2.46666666666667,0.805536398239638,-0.274357020605167,2.46772377556765,0.3727,4234,15,"c(0.465, 0.069, 0.02, 0.01, 0.188, 0.564, 0.012, 0, 0.15, 0.205, 0.641, 0.046, 0.197, 0.162, 0.327, 0.944)","sun11",1.36387680451815,0.123511469414703
"orthog_B_2_large_classes_964",0.463564163299429,0.379963773164275,0.0168594120105894,0.139612651525707,0.163080407701019,0.458663646659117,0.0951302378255946,0.28312570781427,0.300483755598409,0.0786998734948419,0.0782708258150052,0.143513056288562,1.83252055176257,1.0053978395794,1.16382299809281,3.26462043598006,2.49830124575311,1.06883550898377,0.299360330182317,1.75924922512104,0.351,7177,883,"c(0.507, 0.063, 0.03, 0.075, 0.353, 0.604, 0.261, 0.1, 0.09, 0.255, 0.5, 0.289, 0.05, 0.078, 0.209, 0.536)","ry11",44.0619220886503,0.195194638817159
"orthog_B_2_large_classes_965",0.347201313808677,0.276036677158889,0.0151909128233201,0.361571096209115,0.00711068973690448,0.461246740933871,0.374496326143636,0.157146243185589,0.340090624071772,0.185210063774982,0.359305413320316,0.204424853023526,2.39113179143287,1.28673716554663,0.261889177727689,1.36118718092674,2.68167812277791,0.738584406516196,0.477061657474667,2.13383202963046,0.5664,7307,4219,"c(0.61, 0.063, 0.01, 0.017, 0.265, 0.724, 0.229, 0.035, 0.06, 0.167, 0.593, 0.23, 0.064, 0.045, 0.167, 0.717)","ry20",529.853166517071,0.226915546859353
"orthog_B_2_large_classes_966",0.253500793994514,0.384293344882344,0.297242673596073,0.064963187527068,0.5,0.166666666666667,0.166666666666667,0.166666666666667,0.246499206005486,0.217626678215678,0.130576006929407,0.101703479139599,2.17366825465569,0.883422636694184,0.219882243359465,2.20447765975071,2,1.15470053837925,0.649519052838329,1.875,0.3681,6927,6,"c(0.788, 0.204, 0.072, 0.02, 0.134, 0.624, 0.222, 0.03, 0.043, 0.114, 0.512, 0.115, 0.036, 0.058, 0.194, 0.835)","ry25",1.43619639966614,0.316948445517352
"orthog_B_2_large_classes_967",0.531864673485445,0.0350118017309205,0.1573564122738,0.275767112509835,0.329478672985782,0.182559241706161,0.258767772511848,0.229194312796209,0.202386000499663,0.147547439975241,0.101411360238048,0.0465727997136262,2.17702596380802,1.32700841893954,0.381239166246008,1.33461310399405,2.38767772511848,1.16392855370483,0.0817996572748707,1.53169379814245,0.2742,2542,5275,"c(0.524, 0.063, 0.012, 0.009, 0.355, 0.597, 0.192, 0.051, 0.052, 0.25, 0.632, 0.241, 0.069, 0.089, 0.164, 0.7)","ry23",46.5905471247279,0.198146696394142
"orthog_B_2_large_classes_968",0.321776814734561,0.464788732394366,0.125677139761647,0.0877573131094258,0.0125,0.35,0.35,0.2875,0.309276814734561,0.114788732394366,0.224322860238353,0.199742686890574,1.97941495124594,0.893341739034791,0.778820048384676,2.97576471295048,2.9125,0.824526379202024,0.0296653871776073,1.75693010707562,0.4461,923,80,"c(0.364, 0.089, 0.028, 0.017, 0.313, 0.463, 0.051, 0.008, 0.089, 0.228, 0.581, 0.036, 0.234, 0.221, 0.339, 0.939)","sun12",7.66024350420921,0.132342285936684
"orthog_B_2_large_classes_969",0.36099333737129,0.165354330708661,0.298606904906118,0.175045427013931,0.177636796193497,0.325138778747026,0.358445678033307,0.13877874702617,0.183356541177793,0.159784448038365,0.0598387731271894,0.0362666799877612,2.28770442156269,1.13004783799024,0.1468802166908,1.57923139512931,2.45836637589215,0.938668060489426,-0.0203861237120198,2.10296724642483,0.2531,1651,1261,"c(0.472, 0.067, 0.016, 0.015, 0.254, 0.494, 0.133, 0.023, 0.159, 0.291, 0.552, 0.133, 0.115, 0.149, 0.299, 0.828)","ry24",12.6679445834131,0.170191238384814
"orthog_B_2_large_classes_970",0.584470675027665,0.0193655477683512,0.0221320545924013,0.374031722611582,0.21980198019802,0.0633663366336634,0.401980198019802,0.314851485148515,0.364668694829645,0.0440007888653122,0.379848143427401,0.0591802374630676,2.1857248247879,1.43813626250224,0.427359603126396,1.2197364237293,2.81188118811881,1.10545784867206,-0.600046388075204,2.02518265179443,0.5317,5422,505,"c(0.697, 0.137, 0.067, 0.069, 0.158, 0.458, 0.138, 0.043, 0.1, 0.311, 0.643, 0.089, 0.045, 0.094, 0.151, 0.799)","phq3",68.399036447038,0.231963197084512
"orthog_B_2_large_classes_971",0.399760443180117,0.302739931127414,0.22084144332984,0.0766581823626291,0.631578947368421,0.263157894736842,0.0526315789473684,0.0526315789473684,0.231818504188304,0.0395820363905722,0.168209864382471,0.0240266034152607,1.97439736487498,0.962589798946118,0.566793357275567,2.20751552776897,1.52631578947368,0.818755220321266,1.64159275271708,5.07509732941739,0.2901,6679,19,"c(0.567, 0.119, 0.055, 0.126, 0.303, 0.498, 0.237, 0.115, 0.102, 0.329, 0.584, 0.251, 0.029, 0.053, 0.124, 0.508)","cop2",1.8882660248105,0.372404266890112
"orthog_B_2_large_classes_972",0.321428571428571,0.428571428571429,0.0714285714285714,0.178571428571429,0.389121338912134,0.0292887029288703,0.460251046025105,0.121338912133891,0.0676927674835625,0.399282725642558,0.388822474596533,0.0572325164375374,2.10714285714286,1.04673934926806,0.719489760590076,2.34969730891567,2.31380753138075,1.11186908704286,-0.111234568294208,1.46734741091902,0.5643,28,239,"c(0.643, 0.137, 0.042, 0.059, 0.194, 0.462, 0.146, 0.029, 0.083, 0.309, 0.611, 0.101, 0.08, 0.092, 0.201, 0.811)","ph3",1.83416766182589,0.296345941133402
"orthog_B_2_large_classes_973",0.192758796532381,0.0617032126466089,0.744518103008669,0.00101988781234064,0.28857961522718,0.455587392550143,0.00900532132623823,0.246827670896439,0.0958208186947982,0.393884179903534,0.735512781682431,0.245807783084098,2.55379908210097,0.796657409087832,-1.3139709329349,2.88812943075846,2.21408104789194,1.11313293234576,0.64488564350735,2.04675276766837,0.8751,1961,2443,"c(0.514, 0.071, 0.038, 0.08, 0.362, 0.608, 0.257, 0.091, 0.086, 0.248, 0.494, 0.287, 0.038, 0.074, 0.212, 0.541)","ry11",61.2945466501787,0.247122100102308
"orthog_B_2_large_classes_974",0.294416243654822,0.302284263959391,0.297969543147208,0.105329949238579,0.128974916057673,0.185265652775035,0.324313648034762,0.36144578313253,0.165441327597149,0.117018611184356,0.0263441048875538,0.256115833893951,2.21421319796954,0.983777561022819,0.225187314596488,1.948795381179,2.91823029824215,1.02758202398285,-0.549324770815935,2.12825028987668,0.3276,3940,5063,"c(0.484, 0.054, 0.011, 0, 0.28, 0.64, 0.218, 0.047, 0.123, 0.222, 0.511, 0.164, 0.113, 0.084, 0.26, 0.788)","ry5",213.674879992752,0.231421438398344
"orthog_B_2_large_classes_975",0.243055555555556,0.229166666666667,0.173611111111111,0.354166666666667,0.188953488372093,0.323504983388704,0.105066445182724,0.382475083056478,0.0541020671834625,0.0943383167220377,0.0685446659283869,0.0283084163898117,2.63888888888889,1.19379827483024,-0.134268881999509,1.48207998513224,2.68106312292359,1.166221800677,-0.0749506346722277,1.4796948239641,0.1316,144,2408,"c(0.791, 0.2, 0.075, 0.018, 0.131, 0.615, 0.229, 0.029, 0.048, 0.115, 0.51, 0.11, 0.03, 0.07, 0.187, 0.843)","ry25",1.7292312717535,0.322663013263136
"orthog_B_2_large_classes_976",0.172981056829511,0.277168494516451,0.10568295114656,0.444167497507478,0.334037162162162,0.380067567567568,0.0244932432432432,0.261402027027027,0.161056105332651,0.102899073051117,0.0811897079033171,0.182765470480451,2.821036889332,1.17525845002791,-0.289254749757165,1.51297201339661,2.21326013513514,1.16561512870915,0.570023011854768,1.84082624824688,0.2766,2006,2368,"c(0.645, 0.068, 0.023, 0.029, 0.284, 0.595, 0.172, 0.047, 0.05, 0.279, 0.591, 0.234, 0.022, 0.057, 0.214, 0.69)","ry21",101.395872459942,0.245369541882306
"orthog_B_2_large_classes_977",0.354775534799638,0.409159385357035,0.0967158782765893,0.139349201566737,0.16768525592055,0.0175706646294882,0.634071810542399,0.180672268907563,0.187090278879088,0.391588720727547,0.537355932265809,0.0413230673408261,2.02063874661042,1.0042222171818,0.784308407321846,2.56926138906267,2.82773109243697,0.916137206266776,-0.961748560917309,3.15330239345278,0.692,6638,2618,"c(0.73, 0.196, 0.09, 0.079, 0.154, 0.53, 0.128, 0.037, 0.087, 0.242, 0.645, 0.154, 0.029, 0.031, 0.137, 0.731)","phq5",355.206918650389,0.254456010707843
"orthog_B_2_large_classes_978",0.275283797729618,0.20562435500516,0.362745098039216,0.156346749226006,0.212398921832884,0.109433962264151,0.340161725067385,0.33800539083558,0.0628848758967341,0.096190392741009,0.0225833729718302,0.181658641609573,2.40015479876161,1.0503770892879,-0.043405837134141,1.75351426394934,2.80377358490566,1.1218423393911,-0.511514783548104,1.88568213091551,0.2161,3876,1855,"c(0.639, 0.074, 0.007, 0, 0.155, 0.512, 0.102, 0.003, 0.126, 0.309, 0.587, 0.091, 0.08, 0.106, 0.305, 0.905)","ry2",62.6293685404521,0.211448166714168
"orthog_B_2_large_classes_979",0.470633104500381,0.244851258581236,0.270022883295195,0.0144927536231884,0.373015873015873,0.408730158730159,0.0793650793650794,0.138888888888889,0.0976172314845083,0.163878900148923,0.190657803930115,0.1243961352657,1.82837528604119,0.877024492159077,0.469051160718891,1.77976469371402,1.98412698412698,1.0038349243295,0.85556837967476,2.68657994675888,0.297,2622,1008,"c(0.543, 0.141, 0.048, 0.09, 0.203, 0.469, 0.216, 0.083, 0.164, 0.296, 0.585, 0.184, 0.09, 0.094, 0.151, 0.643)","ph4",8.78406136567438,0.275157254639449
"orthog_B_2_large_classes_980",0.137212643678161,0.16235632183908,0.375,0.325431034482759,0.304362416107383,0.38489932885906,0.204362416107383,0.106375838926174,0.167149772429222,0.22254300701998,0.170637583892617,0.219055195556584,2.88864942528736,1.01204692605909,-0.570238862321045,2.23395302581803,2.11275167785235,0.959955856829335,0.494979907263986,2.28783223477806,0.3931,1392,2980,"c(0.602, 0.033, 0.022, 0.009, 0.163, 0.618, 0.199, 0.014, 0.128, 0.256, 0.469, 0.099, 0.107, 0.093, 0.31, 0.878)","ry6",111.565418355156,0.199040884494878
"orthog_B_2_large_classes_981",0.0487046632124352,0.185233160621762,0.101554404145078,0.664507772020725,0.337931034482759,0.144827586206897,0.282758620689655,0.23448275862069,0.289226371270323,0.0404055744148651,0.181204216544577,0.430025013400036,3.38186528497409,0.948018190555372,-1.16856093363165,2.89975248775236,2.41379310344828,1.17787773439938,0.0168606627786361,1.49212928973454,0.5505,3860,145,"c(0.444, 0.074, 0.027, 0.042, 0.365, 0.657, 0.223, 0.046, 0.094, 0.196, 0.586, 0.144, 0.097, 0.073, 0.164, 0.768)","ry12",22.0665435944889,0.213880227120181
"orthog_B_2_large_classes_982",0.316820276497696,0.339861751152074,0.210829493087558,0.132488479262673,0.414502291691151,0.262310494770243,0.29239628628511,0.0307909272534963,0.0976820151934547,0.0775512563818305,0.0815667931975523,0.101697552009177,2.15898617511521,1.01603498107013,0.436199594201209,2.06372116008918,1.93947584910095,0.909064966956815,0.365383375022251,1.82715749427728,0.1804,868,8509,"c(0.746, 0.194, 0.09, 0.089, 0.143, 0.527, 0.128, 0.033, 0.089, 0.249, 0.642, 0.153, 0.022, 0.03, 0.141, 0.725)","phq5",15.5364273879891,0.286948578897372
"orthog_B_2_large_classes_983",0.209905660377358,0.281839622641509,0.373820754716981,0.134433962264151,0.263286004056795,0.316430020283976,0.313995943204868,0.106288032454361,0.0533803436794366,0.0345903976424662,0.0598248115121129,0.0281459298097899,2.43278301886792,0.966520109842785,-0.0604076294502298,1.99871128591403,2.2632860040568,0.965978549009714,0.161682271502037,1.9886311461892,0.0917,848,2465,"c(0.716, 0.193, 0.081, 0.076, 0.154, 0.528, 0.13, 0.041, 0.093, 0.247, 0.648, 0.159, 0.037, 0.032, 0.142, 0.725)","phq5",4.57588312598151,0.256042780442465
"orthog_B_2_large_classes_984",0.1002580169554,0.204939181717656,0.145963877626244,0.5488389237007,0.384615384615385,0.0769230769230769,0,0.538461538461538,0.284357367659985,0.128016104794579,0.145963877626244,0.0103773852391619,3.14338370807224,1.06501234053855,-0.785611138349107,2.14675905025305,2.69230769230769,1.43498139278289,-0.231982970900247,1.11950059453032,0.3445,2713,13,"c(0.556, 0.129, 0.047, 0.085, 0.199, 0.478, 0.228, 0.085, 0.157, 0.304, 0.576, 0.18, 0.089, 0.089, 0.149, 0.65)","ph4",1.89195754982283,0.394007057227927
"orthog_B_2_large_classes_985",0.271101349231252,0.341073109507374,0.243646062127393,0.144179479133982,0.143783783783784,0.278918918918919,0.336216216216216,0.241081081081081,0.127317565447468,0.0621541905884548,0.0925701540888237,0.0969016019470993,2.2609036711641,1.0116296764467,0.296725104169499,1.98447143923022,2.67459459459459,0.994608695552215,-0.191005609241926,1.97853428197338,0.195,6374,925,"c(0.768, 0.082, 0.024, 0.025, 0.193, 0.691, 0.149, 0.02, 0.029, 0.166, 0.689, 0.13, 0.01, 0.061, 0.138, 0.826)","ry19",60.0262177301708,0.239949448935799
"orthog_B_2_large_classes_986",0.272727272727273,0.240082644628099,0.335537190082645,0.151652892561983,0.319747013352073,0.0464980089013821,0.303701100960412,0.330053876786133,0.0470197406248004,0.193584635726717,0.0318360891222324,0.178400984224149,2.36611570247934,1.03963230300713,0.0354430125936646,1.78835402163238,2.6440618411806,1.23646591792579,-0.315705520431201,1.48226100349009,0.2693,2420,8538,"c(0.532, 0.074, 0.015, 0, 0.356, 0.598, 0.205, 0.049, 0.057, 0.249, 0.619, 0.246, 0.055, 0.078, 0.16, 0.705)","ry23",59.9949573138946,0.250359957655508
"orthog_B_2_large_classes_987",0.269709543568465,0.232883817427386,0.328319502074689,0.169087136929461,0.225580376697328,0.0941743320192729,0.332019272886553,0.348226018396846,0.0441291668711366,0.138709485408113,0.00369977081186401,0.179138881467386,2.39678423236515,1.05685375824066,0.0163378313851873,1.75778786337187,2.80289093298292,1.14274663548185,-0.516483298332299,1.84020014892251,0.2309,1928,4566,"c(0.476, 0.074, 0.02, 0.053, 0.279, 0.479, 0.128, 0.045, 0.187, 0.357, 0.697, 0.21, 0.058, 0.09, 0.154, 0.692)","cop3",41.7581181152209,0.25786827232452
"orthog_B_2_large_classes_988",0.391566265060241,0.381024096385542,0.145331325301205,0.082078313253012,0.356521739130435,0.104347826086957,0.4,0.139130434782609,0.0350445259298062,0.276676270298586,0.254668674698795,0.0570521215295967,1.91792168674699,0.926538716874279,0.782403141511928,2.74055034190311,2.32173913043478,1.09978516547912,-0.033257891255764,1.55684415289869,0.382,2656,115,"c(0.457, 0.056, 0.035, 0.034, 0.377, 0.668, 0.217, 0.047, 0.094, 0.194, 0.589, 0.138, 0.072, 0.082, 0.159, 0.781)","ry12",5.29322603355283,0.246870590032255
"orthog_B_2_large_classes_989",0.389473684210526,0.25,0.348026315789474,0.0125,0.37026299440878,0.0325119072271692,0.437357630979499,0.159867467384552,0.019210689801746,0.217488092772831,0.0893313151900252,0.147367467384552,1.98355263157895,0.887259535914956,0.13944719656087,1.52103289927554,2.38682957133982,1.13905810987128,-0.147190877875182,1.49390246561652,0.2781,1520,4829,"c(0.456, 0.063, 0.031, 0.036, 0.376, 0.655, 0.222, 0.047, 0.091, 0.202, 0.583, 0.14, 0.077, 0.08, 0.164, 0.777)","ry12",50.1476371617405,0.261264856664331
"orthog_B_2_large_classes_990",0.305517711171662,0.255790190735695,0.197888283378747,0.240803814713896,0.265507396833636,0.292239813132624,0.253568647806904,0.188684142226836,0.040010314338026,0.0364496223969291,0.0556803644281571,0.0521196724870602,2.37397820163488,1.15185136111737,0.181881343084827,1.59492711650995,2.36542953542694,1.06783606802989,0.163158645211098,1.78136266937334,0.0935,2936,3853,"c(0.456, 0.058, 0.027, 0.036, 0.376, 0.667, 0.214, 0.046, 0.092, 0.189, 0.595, 0.145, 0.076, 0.086, 0.164, 0.774)","ry12",6.6985329779508,0.242012406327449
"orthog_B_2_large_classes_991",0.285518053375196,0.0127551020408163,0.283163265306122,0.418563579277865,0.140648379052369,0.0389027431421446,0.610972568578554,0.209476309226933,0.144869674322827,0.0261476411013283,0.327809303272431,0.209087270050932,2.83477237048666,1.24341896610309,-0.576067568818333,1.67908655719039,2.88927680798005,0.89370741483299,-0.963761263876687,3.34695460661669,0.4157,5096,2005,"c(0.351, 0.091, 0.034, 0.015, 0.304, 0.465, 0.038, 0.019, 0.107, 0.233, 0.591, 0.039, 0.238, 0.211, 0.337, 0.928)","sun12",83.837390711858,0.223680671744989
"orthog_B_2_large_classes_992",0.382043935052531,0.160458452722063,0.320200573065903,0.137297039159503,0.393300248138958,0.377171215880893,0.0471464019851117,0.182382133995037,0.0112563130864268,0.21671276315883,0.273054171080791,0.0450850948355339,2.21275071633238,1.09825761889299,0.194055753351118,1.61571719866346,2.01861042183623,1.0814937994752,0.828173410868818,2.39624969461647,0.3517,4188,806,"c(0.542, 0.123, 0.025, 0.021, 0.356, 0.667, 0.337, 0.078, 0.074, 0.172, 0.485, 0.279, 0.028, 0.038, 0.152, 0.622)","for2",11.1640688464861,0.271357513223286
"orthog_B_2_large_classes_993",0.244047619047619,0.353571428571429,0.128174603174603,0.274206349206349,0.111111111111111,0.231481481481481,0.361111111111111,0.296296296296296,0.132936507936508,0.122089947089947,0.232936507936508,0.022089947089947,2.43253968253968,1.13223541813357,0.229670717824966,1.64821513651999,2.84259259259259,0.973367931624779,-0.404211879368748,2.14936838974811,0.2955,2520,108,"c(0.554, 0.126, 0.052, 0.134, 0.298, 0.498, 0.229, 0.093, 0.106, 0.336, 0.6, 0.251, 0.042, 0.041, 0.119, 0.522)","cop2",3.06532493997447,0.249868077348389
"orthog_B_2_large_classes_994",0.136330523467582,0.366635445936102,0.172546570923093,0.324487459673223,0.175,0.275,0.15,0.4,0.0386694765324175,0.0916354459361016,0.022546570923093,0.075512540326777,2.68519096680196,1.06646156616006,-0.022637863050346,1.66343032020996,2.775,1.15081492864839,-0.242539005456274,1.56072733249431,0.1269,9609,40,"c(0.49, 0.062, 0.016, 0.006, 0.273, 0.633, 0.206, 0.042, 0.118, 0.216, 0.514, 0.167, 0.12, 0.089, 0.263, 0.785)","ry5",1.57504168952212,0.364644854562744
"orthog_B_2_large_classes_995",0.21377331420373,0.430416068866571,0.134863701578192,0.220946915351506,0.183125599232982,0.24928092042186,0.275647171620326,0.291946308724832,0.0306477149707485,0.181135148444711,0.140783470042134,0.0709993933733258,2.36298421807748,1.04912684391099,0.383000172794045,1.94322814017352,2.67641418983701,1.08121313788715,-0.200655440367145,1.75438712650086,0.2421,697,2086,"c(0.463, 0.059, 0.025, 0.003, 0.186, 0.567, 0.007, 0, 0.153, 0.21, 0.633, 0.04, 0.198, 0.164, 0.335, 0.957)","sun11",20.4863887112176,0.203588042960186
"orthog_B_2_large_classes_996",0.101802757158006,0.168080593849417,0.418345705196182,0.311770943796394,0.22580145578442,0.297661452687006,0.183831500696918,0.292705590831656,0.123998698626414,0.12958085883759,0.234514204499264,0.0190653529647389,2.94008483563097,0.939932305730827,-0.616225389642899,2.5201213435151,2.54344122657581,1.13363440008926,0.0302075244923007,1.5941577568972,0.2959,1886,6457,"c(0.355, 0.087, 0.028, 0.018, 0.313, 0.466, 0.044, 0.006, 0.097, 0.232, 0.584, 0.045, 0.235, 0.215, 0.344, 0.931)","sun12",58.5496474219674,0.169569586909797
"orthog_B_2_large_classes_997",0.0985626283367557,0.507186858316222,0.119096509240246,0.275154004106776,0.351673284174702,0.181886935148421,0.186802798260541,0.279636982416336,0.253110655837947,0.325299923167801,0.0677062890202943,0.00448297830955957,2.57084188911704,0.996200126296615,0.340077522131156,1.83361393602133,2.39440347891851,1.22534481184586,0.127360087771823,1.42717766649449,0.4177,487,5289,"c(0.51, 0.057, 0.015, 0.014, 0.415, 0.589, 0.167, 0.052, 0.04, 0.285, 0.657, 0.234, 0.036, 0.069, 0.161, 0.7)","ry10",16.9551044681985,0.149418186738645
"orthog_B_2_large_classes_998",0.0834236186348862,0.37919826652221,0.197183098591549,0.340195016251354,0.416398713826367,0.226688102893891,0.298231511254019,0.0586816720257235,0.33297509519148,0.152510163628319,0.10104841266247,0.281513344225631,2.79414951245937,1.0053423964463,-0.0723363527601163,1.69829977996273,1.9991961414791,0.97434915045622,0.382242063841652,1.83591682160528,0.4729,1846,1244,"c(0.489, 0.061, 0.023, 0, 0.268, 0.635, 0.205, 0.039, 0.121, 0.217, 0.508, 0.173, 0.122, 0.087, 0.263, 0.788)","ry5",88.6051186608412,0.225021436681778
"orthog_B_2_large_classes_999",0.475289466252471,0.0844394238915561,0.00960180739903982,0.430669302456933,0.175989085948158,0.543883583447021,0.0236471123237835,0.256480218281037,0.299300380304313,0.459444159555465,0.0140453049247437,0.174189084175896,2.39565094606044,1.432141338123,0.164520761471516,1.10772463584579,2.3606184629377,1.04666680256161,0.582066442830846,2.05714746249077,0.5755,3541,2199,"c(0.446, 0.057, 0.018, 0.021, 0.319, 0.615, 0.198, 0.072, 0.14, 0.269, 0.601, 0.21, 0.095, 0.059, 0.183, 0.697)","ry26",101.41033106359,0.196689868734483
"orthog_B_2_large_classes_1000",0.330232558139535,0.0930232558139535,0.344186046511628,0.232558139534884,0.32183257918552,0.307126696832579,0.0978506787330317,0.273190045248869,0.00839997895401451,0.214103441018626,0.246335367778596,0.040631905713985,2.47906976744186,1.1726650505212,-0.131404399407492,1.50981987600569,2.32239819004525,1.18680362569786,0.338434067158336,1.59886304738675,0.329,215,1768,"c(0.631, 0.148, 0.036, 0.02, 0.255, 0.666, 0.242, 0.041, 0.083, 0.144, 0.602, 0.162, 0.032, 0.041, 0.12, 0.776)","sun3",5.88351328256192,0.271027006200941
